anonymized_player_id,rank_stratum,primary_role
P001,GOLD,BOTTOM
P002,GOLD,UTILITY
P003,GOLD,UTILITY
P004,GOLD,MIDDLE
P005,GOLD,JUNGLE
P006,GOLD,UTILITY
P007,GOLD,TOP
P008,GOLD,JUNGLE
P009,GOLD,UTILITY
P010,GOLD,MIDDLE
P011,GOLD,JUNGLE
P012,GOLD,UTILITY
P013,GOLD,UTILITY
P014,GOLD,JUNGLE
P015,GOLD,MIDDLE
P016,GOLD,JUNGLE
P017,GOLD,MIDDLE
P018,GOLD,MIDDLE
P019,GOLD,UTILITY
P020,GOLD,MIDDLE
P021,GOLD,BOTTOM
P022,GOLD,JUNGLE
P023,GOLD,MIDDLE
P024,GOLD,UTILITY
P025,GOLD,UTILITY
P026,GOLD,TOP
P027,GOLD,BOTTOM
P028,GOLD,MIDDLE
P029,GOLD,TOP
P030,GOLD,BOTTOM
P031,GOLD,TOP
P032,GOLD,MIDDLE
P033,GOLD,MIDDLE
P034,GOLD,BOTTOM
P035,GOLD,UTILITY
P036,GOLD,JUNGLE
P037,GOLD,JUNGLE
P038,GOLD,MIDDLE
P039,GOLD,TOP
P040,GOLD,BOTTOM
P041,GOLD,TOP
P042,GOLD,MIDDLE
P043,GOLD,BOTTOM
P044,GOLD,UTILITY
P045,GOLD,UTILITY
P046,GOLD,JUNGLE
P047,GOLD,MIDDLE
P048,GOLD,BOTTOM
P049,GOLD,TOP
P050,GOLD,TOP
P051,GOLD,UTILITY
P052,GOLD,MIDDLE
P053,GOLD,TOP
P054,GOLD,TOP
P055,GOLD,TOP
P056,GOLD,JUNGLE
P057,GOLD,BOTTOM
P058,GOLD,JUNGLE
P059,GOLD,MIDDLE
P060,GOLD,BOTTOM
P061,GOLD,TOP
P062,GOLD,UTILITY
P063,GOLD,MIDDLE
P064,GOLD,BOTTOM
P065,GOLD,JUNGLE
P066,GOLD,MIDDLE
P067,GOLD,TOP
P068,GOLD,BOTTOM
P069,GOLD,BOTTOM
P070,GOLD,TOP
P071,GOLD,JUNGLE
P072,GOLD,MIDDLE
P073,GOLD,MIDDLE
P074,GOLD,TOP
P075,GOLD,MIDDLE
P076,GOLD,BOTTOM
P077,GOLD,UTILITY
P078,GOLD,TOP
P079,GOLD,TOP
P080,GOLD,JUNGLE
P081,GOLD,TOP
P082,GOLD,UTILITY
P083,GOLD,UTILITY
P084,GOLD,UTILITY
P085,GOLD,BOTTOM
P086,GOLD,BOTTOM
P087,GOLD,BOTTOM
P088,GOLD,TOP
P089,GOLD,UTILITY
P090,GOLD,UTILITY
P091,GOLD,BOTTOM
P092,GOLD,BOTTOM
P093,GOLD,JUNGLE
P094,GOLD,JUNGLE
P095,GOLD,JUNGLE
P096,GOLD,TOP
P097,GOLD,JUNGLE
P098,GOLD,BOTTOM
P099,GOLD,JUNGLE
P100,GOLD,JUNGLE
P101,PLATINUM,TOP
P102,PLATINUM,BOTTOM
P103,PLATINUM,BOTTOM
P104,PLATINUM,JUNGLE
P105,PLATINUM,MIDDLE
P106,PLATINUM,UTILITY
P107,PLATINUM,MIDDLE
P108,PLATINUM,MIDDLE
P109,PLATINUM,MIDDLE
P110,PLATINUM,UTILITY
P111,PLATINUM,BOTTOM
P112,PLATINUM,TOP
P113,PLATINUM,JUNGLE
P114,PLATINUM,BOTTOM
P115,PLATINUM,BOTTOM
P116,PLATINUM,TOP
P117,PLATINUM,BOTTOM
P118,PLATINUM,MIDDLE
P119,PLATINUM,UTILITY
P120,PLATINUM,UTILITY
P121,PLATINUM,BOTTOM
P122,PLATINUM,BOTTOM
P123,PLATINUM,MIDDLE
P124,PLATINUM,MIDDLE
P125,PLATINUM,TOP
P126,PLATINUM,JUNGLE
P127,PLATINUM,UTILITY
P128,PLATINUM,MIDDLE
P129,PLATINUM,UTILITY
P130,PLATINUM,JUNGLE
P131,PLATINUM,JUNGLE
P132,PLATINUM,MIDDLE
P133,PLATINUM,MIDDLE
P134,PLATINUM,UTILITY
P135,PLATINUM,MIDDLE
P136,PLATINUM,MIDDLE
P137,PLATINUM,MIDDLE
P138,PLATINUM,MIDDLE
P139,PLATINUM,JUNGLE
P140,PLATINUM,BOTTOM
P141,PLATINUM,UTILITY
P142,PLATINUM,UTILITY
P143,PLATINUM,JUNGLE
P144,PLATINUM,MIDDLE
P145,PLATINUM,TOP
P146,PLATINUM,MIDDLE
P147,PLATINUM,MIDDLE
P148,PLATINUM,UTILITY
P149,PLATINUM,TOP
P150,PLATINUM,BOTTOM
P151,PLATINUM,UTILITY
P152,PLATINUM,UTILITY
P153,PLATINUM,UTILITY
P154,PLATINUM,MIDDLE
P155,PLATINUM,UTILITY
P156,PLATINUM,JUNGLE
P157,PLATINUM,TOP
P158,PLATINUM,JUNGLE
P159,PLATINUM,JUNGLE
P160,PLATINUM,UTILITY
P161,PLATINUM,MIDDLE
P162,PLATINUM,BOTTOM
P163,PLATINUM,TOP
P164,PLATINUM,JUNGLE
P165,PLATINUM,BOTTOM
P166,PLATINUM,BOTTOM
P167,PLATINUM,JUNGLE
P168,PLATINUM,BOTTOM
P169,PLATINUM,BOTTOM
P170,PLATINUM,MIDDLE
P171,PLATINUM,BOTTOM
P172,PLATINUM,BOTTOM
P173,PLATINUM,TOP
P174,PLATINUM,TOP
P175,PLATINUM,UTILITY
P176,PLATINUM,BOTTOM
P177,PLATINUM,BOTTOM
P178,PLATINUM,UTILITY
P179,PLATINUM,JUNGLE
P180,PLATINUM,BOTTOM
P181,PLATINUM,JUNGLE
P182,PLATINUM,TOP
P183,PLATINUM,UTILITY
P184,PLATINUM,TOP
P185,PLATINUM,UTILITY
P186,PLATINUM,JUNGLE
P187,PLATINUM,UTILITY
P188,PLATINUM,JUNGLE
P189,PLATINUM,TOP
P190,PLATINUM,TOP
P191,PLATINUM,JUNGLE
P192,PLATINUM,TOP
P193,PLATINUM,JUNGLE
P194,PLATINUM,TOP
P195,PLATINUM,JUNGLE
P196,PLATINUM,JUNGLE
P197,PLATINUM,TOP
P198,PLATINUM,TOP
P199,PLATINUM,TOP
P200,PLATINUM,TOP
P201,EMERALD,MIDDLE
P202,EMERALD,BOTTOM
P203,EMERALD,BOTTOM
P204,EMERALD,MIDDLE
P205,EMERALD,JUNGLE
P206,EMERALD,TOP
P207,EMERALD,UTILITY
P208,EMERALD,JUNGLE
P209,EMERALD,MIDDLE
P210,EMERALD,TOP
P211,EMERALD,BOTTOM
P212,EMERALD,UTILITY
P213,EMERALD,BOTTOM
P214,EMERALD,TOP
P215,EMERALD,MIDDLE
P216,EMERALD,UTILITY
P217,EMERALD,TOP
P218,EMERALD,UTILITY
P219,EMERALD,MIDDLE
P220,EMERALD,BOTTOM
P221,EMERALD,TOP
P222,EMERALD,BOTTOM
P223,EMERALD,MIDDLE
P224,EMERALD,JUNGLE
P225,EMERALD,UTILITY
P226,EMERALD,JUNGLE
P227,EMERALD,TOP
P228,EMERALD,TOP
P229,EMERALD,TOP
P230,EMERALD,JUNGLE
P231,EMERALD,MIDDLE
P232,EMERALD,JUNGLE
P233,EMERALD,BOTTOM
P234,EMERALD,TOP
P235,EMERALD,BOTTOM
P236,EMERALD,UTILITY
P237,EMERALD,UTILITY
P238,EMERALD,JUNGLE
P239,EMERALD,BOTTOM
P240,EMERALD,BOTTOM
P241,EMERALD,BOTTOM
P242,EMERALD,JUNGLE
P243,EMERALD,TOP
P244,EMERALD,BOTTOM
P245,EMERALD,TOP
P246,EMERALD,BOTTOM
P247,EMERALD,MIDDLE
P248,EMERALD,JUNGLE
P249,EMERALD,BOTTOM
P250,EMERALD,TOP
P251,EMERALD,TOP
P252,EMERALD,BOTTOM
P253,EMERALD,BOTTOM
P254,EMERALD,JUNGLE
P255,EMERALD,MIDDLE
P256,EMERALD,MIDDLE
P257,EMERALD,MIDDLE
P258,EMERALD,TOP
P259,EMERALD,UTILITY
P260,EMERALD,JUNGLE
P261,EMERALD,BOTTOM
P262,EMERALD,MIDDLE
P263,EMERALD,JUNGLE
P264,EMERALD,MIDDLE
P265,EMERALD,MIDDLE
P266,EMERALD,MIDDLE
P267,EMERALD,JUNGLE
P268,EMERALD,MIDDLE
P269,EMERALD,MIDDLE
P270,EMERALD,MIDDLE
P271,EMERALD,BOTTOM
P272,EMERALD,UTILITY
P273,EMERALD,MIDDLE
P274,EMERALD,MIDDLE
P275,EMERALD,BOTTOM
P276,EMERALD,TOP
P277,EMERALD,JUNGLE
P278,EMERALD,JUNGLE
P279,EMERALD,BOTTOM
P280,EMERALD,UTILITY
P281,EMERALD,TOP
P282,EMERALD,UTILITY
P283,EMERALD,UTILITY
P284,EMERALD,UTILITY
P285,EMERALD,UTILITY
P286,EMERALD,TOP
P287,EMERALD,UTILITY
P288,EMERALD,JUNGLE
P289,EMERALD,TOP
P290,EMERALD,UTILITY
P291,EMERALD,TOP
P292,EMERALD,TOP
P293,EMERALD,JUNGLE
P294,EMERALD,JUNGLE
P295,EMERALD,UTILITY
P296,EMERALD,UTILITY
P297,EMERALD,UTILITY
P298,EMERALD,JUNGLE
P299,EMERALD,UTILITY
P300,EMERALD,JUNGLE
P301,DIAMOND,JUNGLE
P302,DIAMOND,UTILITY
P303,DIAMOND,UTILITY
P304,DIAMOND,UTILITY
P305,DIAMOND,BOTTOM
P306,DIAMOND,MIDDLE
P307,DIAMOND,BOTTOM
P308,DIAMOND,JUNGLE
P309,DIAMOND,TOP
P310,DIAMOND,TOP
P311,DIAMOND,JUNGLE
P312,DIAMOND,TOP
P313,DIAMOND,TOP
P314,DIAMOND,BOTTOM
P315,DIAMOND,UTILITY
P316,DIAMOND,TOP
P317,DIAMOND,JUNGLE
P318,DIAMOND,BOTTOM
P319,DIAMOND,MIDDLE
P320,DIAMOND,UTILITY
P321,DIAMOND,MIDDLE
P322,DIAMOND,TOP
P323,DIAMOND,MIDDLE
P324,DIAMOND,MIDDLE
P325,DIAMOND,TOP
P326,DIAMOND,BOTTOM
P327,DIAMOND,UTILITY
P328,DIAMOND,JUNGLE
P329,DIAMOND,JUNGLE
P330,DIAMOND,MIDDLE
P331,DIAMOND,UTILITY
P332,DIAMOND,BOTTOM
P333,DIAMOND,BOTTOM
P334,DIAMOND,UTILITY
P335,DIAMOND,MIDDLE
P336,DIAMOND,BOTTOM
P337,DIAMOND,MIDDLE
P338,DIAMOND,UTILITY
P339,DIAMOND,MIDDLE
P340,DIAMOND,MIDDLE
P341,DIAMOND,BOTTOM
P342,DIAMOND,JUNGLE
P343,DIAMOND,BOTTOM
P344,DIAMOND,UTILITY
P345,DIAMOND,BOTTOM
P346,DIAMOND,MIDDLE
P347,DIAMOND,UTILITY
P348,DIAMOND,BOTTOM
P349,DIAMOND,TOP
P350,DIAMOND,TOP
P351,DIAMOND,MIDDLE
P352,DIAMOND,UTILITY
P353,DIAMOND,JUNGLE
P354,DIAMOND,MIDDLE
P355,DIAMOND,TOP
P356,DIAMOND,MIDDLE
P357,DIAMOND,TOP
P358,DIAMOND,JUNGLE
P359,DIAMOND,UTILITY
P360,DIAMOND,MIDDLE
P361,DIAMOND,MIDDLE
P362,DIAMOND,MIDDLE
P363,DIAMOND,BOTTOM
P364,DIAMOND,JUNGLE
P365,DIAMOND,TOP
P366,DIAMOND,MIDDLE
P367,DIAMOND,MIDDLE
P368,DIAMOND,MIDDLE
P369,DIAMOND,UTILITY
P370,DIAMOND,JUNGLE
P371,DIAMOND,BOTTOM
P372,DIAMOND,BOTTOM
P373,DIAMOND,TOP
P374,DIAMOND,UTILITY
P375,DIAMOND,UTILITY
P376,DIAMOND,BOTTOM
P377,DIAMOND,JUNGLE
P378,DIAMOND,JUNGLE
P379,DIAMOND,UTILITY
P380,DIAMOND,TOP
P381,DIAMOND,JUNGLE
P382,DIAMOND,TOP
P383,DIAMOND,BOTTOM
P384,DIAMOND,BOTTOM
P385,DIAMOND,BOTTOM
P386,DIAMOND,TOP
P387,DIAMOND,JUNGLE
P388,DIAMOND,UTILITY
P389,DIAMOND,TOP
P390,DIAMOND,TOP
P391,DIAMOND,UTILITY
P392,DIAMOND,UTILITY
P393,DIAMOND,TOP
P394,DIAMOND,TOP
P395,DIAMOND,BOTTOM
P396,DIAMOND,JUNGLE
P397,DIAMOND,JUNGLE
P398,DIAMOND,JUNGLE
P399,DIAMOND,JUNGLE
P400,DIAMOND,JUNGLE
P401,MASTER+,UTILITY
P402,MASTER+,UTILITY
P403,MASTER+,JUNGLE
P404,MASTER+,TOP
P405,MASTER+,UTILITY
P406,MASTER+,JUNGLE
P407,MASTER+,BOTTOM
P408,MASTER+,UTILITY
P409,MASTER+,BOTTOM
P410,MASTER+,UTILITY
P411,MASTER+,UTILITY
P412,MASTER+,TOP
P413,MASTER+,MIDDLE
P414,MASTER+,UTILITY
P415,MASTER+,JUNGLE
P416,MASTER+,MIDDLE
P417,MASTER+,JUNGLE
P418,MASTER+,MIDDLE
P419,MASTER+,BOTTOM
P420,MASTER+,BOTTOM
P421,MASTER+,MIDDLE
P422,MASTER+,MIDDLE
P423,MASTER+,UTILITY
P424,MASTER+,JUNGLE
P425,MASTER+,JUNGLE
P426,MASTER+,MIDDLE
P427,MASTER+,BOTTOM
P428,MASTER+,MIDDLE
P429,MASTER+,BOTTOM
P430,MASTER+,MIDDLE
P431,MASTER+,UTILITY
P432,MASTER+,UTILITY
P433,MASTER+,BOTTOM
P434,MASTER+,UTILITY
P435,MASTER+,UTILITY
P436,MASTER+,BOTTOM
P437,MASTER+,UTILITY
P438,MASTER+,MIDDLE
P439,MASTER+,MIDDLE
P440,MASTER+,UTILITY
P441,MASTER+,UTILITY
P442,MASTER+,UTILITY
P443,MASTER+,JUNGLE
P444,MASTER+,UTILITY
P445,MASTER+,UTILITY
P446,MASTER+,JUNGLE
P447,MASTER+,UTILITY
P448,MASTER+,UTILITY
P449,MASTER+,JUNGLE
P450,MASTER+,JUNGLE
P451,MASTER+,TOP
P452,MASTER+,MIDDLE
P453,MASTER+,TOP
P454,MASTER+,JUNGLE
P455,MASTER+,MIDDLE
P456,MASTER+,TOP
P457,MASTER+,BOTTOM
P458,MASTER+,MIDDLE
P459,MASTER+,TOP
P460,MASTER+,MIDDLE
P461,MASTER+,BOTTOM
P462,MASTER+,MIDDLE
P463,MASTER+,TOP
P464,MASTER+,JUNGLE
P465,MASTER+,MIDDLE
P466,MASTER+,MIDDLE
P467,MASTER+,BOTTOM
P468,MASTER+,TOP
P469,MASTER+,TOP
P470,MASTER+,TOP
P471,MASTER+,TOP
P472,MASTER+,MIDDLE
P473,MASTER+,TOP
P474,MASTER+,MIDDLE
P475,MASTER+,TOP
P476,MASTER+,JUNGLE
P477,MASTER+,MIDDLE
P478,MASTER+,TOP
P479,MASTER+,BOTTOM
P480,MASTER+,TOP
P481,MASTER+,JUNGLE
P482,MASTER+,JUNGLE
P483,MASTER+,JUNGLE
P484,MASTER+,BOTTOM
P485,MASTER+,BOTTOM
P486,MASTER+,JUNGLE
P487,MASTER+,JUNGLE
P488,MASTER+,BOTTOM
P489,MASTER+,BOTTOM
P490,MASTER+,BOTTOM
P491,MASTER+,BOTTOM
P492,MASTER+,BOTTOM
P493,MASTER+,JUNGLE
P494,MASTER+,BOTTOM
P495,MASTER+,JUNGLE
P496,MASTER+,TOP
P497,MASTER+,TOP
P498,MASTER+,TOP
P499,MASTER+,TOP
P500,MASTER+,TOP
