event_id,champion,patch,observed_raw_delta_pp,model_raw_delta_pp,standardized_delta_pp,composition_component_pp,absolute_composition_component_pp,model_fit_residual_pp,identity_error_pp,turnover_post_only_share_union,abs_delta_observed_new_pp,familiarity_shift_pre_post_wasserstein_log1p,familiarity_gap_post_only_vs_both_wasserstein_log1p,rank_shift_tvd,role_shift_tvd,eligible_support,player_match_ess,familiarity_low_log1p,familiarity_high_log1p,familiarity_sensitivity_signed_pp,familiarity_sensitivity_pp,rank_sensitivity_pp,role_sensitivity_pp,rank_categories_observed,role_categories_observed
Aatrox|16.12,Aatrox,16.12,11.944444444444441,11.944440759453956,12.029947342168457,-0.08550658271450073,0.08550658271450073,3.684990485197659e-06,-4.440892098500626e-16,0.3333333333333333,22.377622377622373,0.3221971537464607,1.8635137494554466,0.17582417582417584,0.1758241758241758,11,3.045112781954888,1.0986122886681098,3.4339872044851463,1.7869556357163585,1.7869556357163585,2.641920570768408,7.899254160647495,5,5
Ahri|16.3,Ahri,16.3,9.459459459459463,9.45945671270545,9.698172796519767,-0.23871608381431653,0.23871608381431653,2.7467540135717172e-06,-8.881784197001252e-16,0.35135135135135137,27.27272727272727,0.4888557163829816,1.230145008031061,0.19384057971014496,0.16304347826086957,11,4.704467353951889,1.0986122886681098,3.4339872044851463,1.762998728590115,1.762998728590115,2.6155531201604076,7.782057604000137,5,5
Ahri|16.6,Ahri,16.6,-21.395881006864986,-21.395873493989065,-21.651875626563633,0.2560021325745676,0.2560021325745676,-7.512875921378281e-06,1.1102230246251565e-15,0.3333333333333333,24.025974025974026,0.49914795225929276,0.9042143459916777,0.07058823529411765,0.17941176470588238,11,2.6064981949458486,1.0986122886681098,3.4339872044851463,1.75225899080248,1.75225899080248,2.5917603740342576,7.656859340930611,5,5
Akali|16.5,Akali,16.5,-2.238805970149249,-2.238805085847828,-2.6140144151426514,0.3752093292948233,0.3752093292948233,-8.84301420978062e-07,0.0,0.3333333333333333,5.769230769230771,0.28627520011597163,0.8079024409161697,0.35096153846153844,0.22115384615384617,12,2.114460668864814,1.0986122886681098,3.4339872044851463,1.8253722540978068,1.8253722540978068,2.7200509820535235,8.040929354669446,5,5
Alistar|16.15,Alistar,16.15,2.1428571428571352,2.142857492506145,2.031029992462341,0.11182750004380404,0.11182750004380404,-3.496490097454341e-07,0.0,0.4117647058823529,41.66666666666667,0.5354424018437877,0.970621610980478,0.25,0.31666666666666665,8,3.450704225352113,1.0986122886681098,3.4339872044851463,1.7864731365118236,1.7864731365118236,2.6591527194077647,7.981427016189791,4,4
Ambessa|16.10,Ambessa,16.10,10.476190476190473,10.476183743368745,11.16093244828667,-0.6847487049179257,0.6847487049179257,6.732821727695182e-06,0.0,0.375,8.333333333333334,0.41018905253094196,0.7263045665032897,0.3,0.5,6,3.813559322033898,1.0986122886681098,3.4339872044851463,1.7759313410284472,1.7759313410284472,2.337887712586484,7.8819633160510545,4,4
Ambessa|16.9,Ambessa,16.9,4.999999999999999,4.999997566964459,4.467387125447569,0.5326104415168897,0.5326104415168897,2.4330355401502857e-06,0.0,0.2777777777777778,16.666666666666664,0.2943895259745402,1.8619378200119767,0.22307692307692312,0.5692307692307692,6,3.813559322033898,1.0986122886681098,3.4339872044851463,1.8149562441490907,1.8149562441490907,2.701960778732737,8.006106475925373,5,4
Anivia|16.10,Anivia,16.10,-1.225490196078427,-1.2254883631742874,-3.153199170403398,1.9277108072291105,1.9277108072291105,-1.8329041395759305e-06,0.0,0.3333333333333333,5.555555555555558,0.22373317458523875,1.893040889494301,0.2272727272727273,0.33636363636363636,6,1.5737704918032789,1.0986122886681098,3.4339872044851463,1.8225483257668373,1.8225483257668373,2.714865568477798,8.027481621506993,5,5
Aphelios|16.1,Aphelios,16.1,-8.496732026143794,-8.49672847610839,-9.534174949486168,1.0374464733777788,1.0374464733777788,-3.5500354051976046e-06,0.0,0.4782608695652174,22.222222222222225,0.7075128075052636,1.2279603060015734,0.2236842105263158,0.15350877192982457,4,1.7936384794414273,1.0986122886681098,3.4339872044851463,1.8205746233100728,1.8205746233100728,0.7940965094375141,4.872405220400589,4,4
Ashe|16.10,Ashe,16.10,-15.615384615384615,-15.615381574098974,-14.954881253924679,-0.6605003201742954,0.6605003201742954,-3.0412856411032863e-06,4.440892098500626e-16,0.46511627906976744,3.203661327231122,0.1604492336624171,1.155626114605331,0.19915848527349228,0.14866760168302942,19,8.95364238410596,1.0986122886681098,3.4339872044851463,1.8056596494442634,1.8056596494442634,2.683684183371965,7.814830410637757,5,5
Bard|16.13,Bard,16.13,7.873563218390806,7.8735606890689365,6.178436348687688,1.6951243403812488,1.6951243403812488,2.5293218692823416e-06,-4.440892098500626e-16,0.47368421052631576,6.6666666666666705,0.3427993686234232,0.789790758662077,0.2142857142857143,0.19999999999999996,6,1.5287820642294483,1.0986122886681098,3.4339872044851463,1.8289239880608044,1.8289239880608044,2.714334198891577,3.884997484417674,5,3
Brand|16.11,Brand,16.11,-20.588235294117645,-20.588227216256104,-21.39268925595606,0.8044620396999547,0.8044620396999547,-8.077861540556341e-06,1.5543122344752192e-15,0.28125,6.6666666666666705,0.26997263337883437,1.4208602268442359,0.20380434782608697,0.1956521739130435,11,5.897959183673469,1.0986122886681098,3.4339872044851463,1.535970010866361,1.535970010866361,2.257117725413038,6.460528590511541,5,5
Brand|16.13,Brand,16.13,2.382302892796373,2.382302302080108,2.7796287028631905,-0.39732640078308235,0.39732640078308235,5.907162647922348e-07,0.0,0.41025641025641024,7.14285714285714,0.3833660155827969,0.9712587287581953,0.2956521739130435,0.1617391304347826,16,6.025089605734768,1.0986122886681098,3.4339872044851463,1.828972796685402,1.828972796685402,2.7168346095121865,8.043063701860437,5,5
Brand|16.4,Brand,16.4,5.161290322580648,5.161289646354539,5.286881620814777,-0.1255919744602374,0.1255919744602374,6.762261088866239e-07,-4.440892098500626e-16,0.3888888888888889,16.666666666666664,0.36934461085628323,0.9707835548716468,0.33636363636363636,0.13636363636363635,6,1.7872903795233894,1.0986122886681098,3.4339872044851463,1.7627026051944439,1.7627026051944439,2.5846009007523207,4.786909816255436,5,4
Braum|16.3,Braum,16.3,3.9682539682539653,3.9682545828440996,2.5817763466509436,1.386478236193156,1.386478236193156,-6.145901343401761e-07,0.0,0.4827586206896552,13.636363636363635,0.29395657994811936,0.7349179992098063,0.23508771929824565,0.22807017543859648,9,3.6903765690376567,1.0986122886681098,3.4339872044851463,1.7624344197856745,1.7624344197856745,2.61202076325312,4.796279333183318,5,4
Braum|16.4,Braum,16.4,-16.666666666666668,-16.666659613199535,-16.063557096845404,-0.6031025163541315,0.6031025163541315,-7.053467133033564e-06,6.661338147750939e-16,0.20833333333333334,36.36363636363637,0.6946735773921916,0.7000202762941905,0.2932330827067669,0.3157894736842105,5,3.0625000000000004,1.0986122886681098,3.4339872044851463,1.7970571645713806,1.7970571645713806,2.6802289604188454,7.75883290198699,5,4
Caitlyn|16.1,Caitlyn,16.1,-8.387096774193548,-8.387095872680367,-6.781811508817687,-1.6052843638626801,1.6052843638626801,-9.015131805512056e-07,-4.440892098500626e-16,0.47619047619047616,20.0,0.49337157239960283,0.8212460887068924,0.11143695014662758,0.11290322580645161,15,6.301639344262296,1.0986122886681098,3.4339872044851463,1.764816145241055,1.764816145241055,2.632527946018448,7.582939792379556,5,5
Camille|16.16,Camille,16.16,-4.166666666666669,-4.166666221903936,-3.3659764294596775,-0.8006897924442591,0.8006897924442591,-4.447627324211112e-07,2.220446049250313e-16,0.3333333333333333,14.285714285714288,0.4096013888655779,0.6854060236945103,0.10714285714285715,0.2410714285714286,14,6.7368421052631575,1.0986122886681098,3.4339872044851463,1.8029238145671644,1.8029238145671644,2.3596069291720925,7.820634836041385,4,5
Darius|16.4,Darius,16.4,-9.677419354838701,-9.677399139980247,-11.27639258110269,1.5989934411224427,1.5989934411224427,-2.0214858453826423e-05,8.881784197001252e-16,0.3333333333333333,9.999999999999998,0.32515414609428933,2.1323098850720488,0.33333333333333337,0.16666666666666669,5,2.222821896684657,1.0986122886681098,3.4339872044851463,1.803571973256024,1.803571973256024,0.7839231051214313,4.861624241402018,4,3
Diana|16.11,Diana,16.11,-14.342948717948723,-14.342942493792831,-15.446244281292987,1.103301787500155,1.103301787500155,-6.224155891132455e-06,8.881784197001252e-16,0.5185185185185185,3.749999999999998,0.3528546664511099,2.1960566472364973,0.1376518218623482,0.1255060728744939,10,3.8177299088649543,1.0986122886681098,3.4339872044851463,1.8309575352271235,1.8309575352271235,2.7209815908809887,6.998924826770897,5,4
Diana|16.3,Diana,16.3,-4.2156862745098,-4.215684433274519,-4.941207958367238,0.7255235250927194,0.7255235250927194,-1.8412352806862486e-06,0.0,0.12903225806451613,15.0,0.793154438387714,,0.16835016835016836,0.39057239057239057,7,4.800000000000001,1.0986122886681098,3.4339872044851463,1.7752151187875764,1.7752151187875764,2.6488298157268497,6.832798870461776,5,4
Ekko|16.3,Ekko,16.3,9.722222222222227,9.722216304640213,9.488461213600935,0.23375509103927827,0.23375509103927827,5.917582013736933e-06,-4.440892098500626e-16,0.36666666666666664,40.259740259740255,0.5846690130396202,0.7275172319452771,0.08646616541353383,0.21804511278195488,8,7.199999999999999,1.0986122886681098,3.4339872044851463,1.7986308099699588,1.7986308099699588,2.6796411539022014,7.901736355206646,5,4
Ezreal|16.3,Ezreal,16.3,10.119047619047617,10.11903608259811,8.286007266389072,1.833028816209037,1.833028816209037,1.1536449507687507e-05,0.0,0.5384615384615384,46.66666666666667,1.0564273975108218,1.211341419948727,0.3166666666666667,0.16666666666666666,6,5.333333333333333,1.0986122886681098,3.4339872044851463,1.8233222479897004,1.8233222479897004,2.7099840621216345,7.9764133621149425,5,5
Ezreal|16.9,Ezreal,16.9,-5.212121212121207,-5.212119537131066,-6.498169613465149,1.2860500763340832,1.2860500763340832,-1.6749901403656509e-06,-6.661338147750939e-16,0.4,20.833333333333332,0.5461671355281905,2.3248204842894666,0.1575091575091575,0.16483516483516486,16,10.514018691588785,1.0986122886681098,3.4339872044851463,1.825022690692013,1.825022690692013,2.719605730172642,8.01194126406594,5,4
Galio|16.10,Galio,16.10,-8.431372549019612,-8.431369929205568,-8.022940212560597,-0.4084297166449702,0.4084297166449702,-2.619814043924862e-06,-6.661338147750939e-16,0.4444444444444444,19.607843137254903,0.2799656174316105,1.0760522925642741,0.13333333333333336,0.2,12,10.714285714285714,1.0986122886681098,3.4339872044851463,1.7424159909039338,1.7424159909039338,2.5812056143781237,7.526371709665486,5,5
Garen|16.1,Garen,16.1,2.941176470588236,2.9411753068859294,2.0647469977570942,0.876428309128835,0.876428309128835,1.1637023065169672e-06,2.220446049250313e-16,0.35714285714285715,40.0,0.6708868705313488,1.4664596658389746,0.14444444444444446,0.2,10,7.225,1.0986122886681098,3.4339872044851463,1.8259215638846915,1.8259215638846915,2.718045037526956,7.981929653216879,5,5
Garen|16.14,Garen,16.14,7.3129251700680244,7.312923606487892,5.604976612025547,1.7079469944623449,1.7079469944623449,1.5635801320357245e-06,2.220446049250313e-16,0.1388888888888889,9.846153846153848,0.21771823501808135,1.5642681759537111,0.21720430107526878,0.12258064516129033,13,4.91002044989775,1.0986122886681098,3.4339872044851463,1.8296888789358756,1.8296888789358756,2.7248704526701473,8.00133804800352,5,5
Garen|16.5,Garen,16.5,-19.459459459459456,-19.45943378800889,-18.51034141280168,-0.9490923752072111,0.9490923752072111,-2.567145056531217e-05,-2.220446049250313e-16,0.5833333333333334,56.25,1.0532437175488525,1.829558105810348,0.09999999999999999,0.3,5,4.999999999999999,1.0986122886681098,3.4339872044851463,1.771367306505628,1.771367306505628,2.639628219089313,7.668204338886259,5,4
Graves|16.17,Graves,16.17,-5.27788884446222,-5.277887038457385,-4.900956393876211,-0.37693064458117487,0.37693064458117487,-1.8060048354584524e-06,8.881784197001252e-16,0.25,16.666666666666668,0.43690519626500146,1.3395612288330967,0.15,0.21666666666666665,15,5.189679218967921,1.0986122886681098,3.4339872044851463,1.8284323194308172,1.8284323194308172,2.72442171297142,7.991231204627979,5,5
Graves|16.7,Graves,16.7,-4.83091787439614,-4.8309170013080935,-5.9280306854857745,1.0971136841776807,1.0971136841776807,-8.730880463048152e-07,2.220446049250313e-16,0.3333333333333333,2.2727272727272707,0.41143347444180617,1.9310040253671519,0.15151515151515152,0.29545454545454547,9,2.935570469798658,1.0986122886681098,3.4339872044851463,1.7984589024061692,1.7984589024061692,2.6897086630209954,8.022952866776212,5,5
Gwen|16.2,Gwen,16.2,-17.857142857142854,-17.85713334989954,-18.8961354928338,1.0390021429342589,1.0390021429342589,-9.50724331261199e-06,-6.661338147750939e-16,0.25,55.00000000000001,1.2654723329421391,2.1877894953405077,0.26262626262626265,0.13636363636363638,5,2.1176470588235294,1.0986122886681098,3.4339872044851463,1.7739985678418002,1.7739985678418002,2.632082351322862,7.9344510810891,5,4
Irelia|16.17,Irelia,16.17,2.572815533980588,2.5728151384715514,3.5957738877833934,-1.022958749311842,1.022958749311842,3.9550903663254644e-07,0.0,0.47368421052631576,13.675213675213671,0.369056229697335,1.9328429238584068,0.15714285714285714,0.17142857142857143,9,1.6657246035484377,1.0986122886681098,3.4339872044851463,1.8151141342983124,1.8151141342983124,2.700208043240482,8.027799612707993,5,4
Jax|16.1,Jax,16.1,-13.182140326009929,-13.182137117284631,-15.647506018131763,2.4653689008471313,2.4653689008471313,-3.2087252979096093e-06,4.440892098500626e-16,0.3870967741935484,5.769230769230771,0.3305806681543336,1.6928726431062102,0.2631578947368421,0.3157894736842105,13,4.7152635181382605,1.0986122886681098,3.4339872044851463,1.8187219885539507,1.8187219885539507,2.7102861170188177,7.960273643226085,5,4
Jax|16.12,Jax,16.12,9.264184397163122,9.264182785628694,10.73065352726844,-1.466470741639747,1.466470741639747,1.6115344276812493e-06,8.881784197001252e-16,0.2857142857142857,16.239316239316242,0.3145596818662043,1.2309402012788933,0.39999999999999997,0.15,9,2.931297709923664,1.0986122886681098,3.4339872044851463,1.6763476877356354,1.6763476877356354,2.4902104336808395,7.424062767782735,5,5
Jayce|16.14,Jayce,16.14,-24.521072796934867,-24.521063536551214,-26.75448219231499,2.2334186557637747,2.2334186557637747,-9.26038365278714e-06,-4.440892098500626e-16,0.47619047619047616,4.444444444444439,0.5249994990673914,0.8072155308188248,0.23636363636363633,0.1939393939393939,9,6.942857142857144,1.0986122886681098,3.4339872044851463,1.581314785006166,1.581314785006166,2.036841364846004,6.707056795560024,4,5
Jhin|16.1,Jhin,16.1,-9.019607843137251,-9.019606598456425,-8.244195023580508,-0.7754115748759172,0.7754115748759172,-1.2446808259625186e-06,-4.440892098500626e-16,0.21052631578947367,0.0,0.20733235969378397,1.314617745523353,0.21568627450980393,0.3156862745098039,12,6.4222222222222225,1.0986122886681098,3.4339872044851463,1.7621815371473004,1.7621815371473004,2.6343339287892062,7.514835560172162,5,4
Jinx|16.1,Jinx,16.1,3.3333333333333326,3.3333316973226945,3.7392168879919474,-0.4058851906692529,0.4058851906692529,1.63601063807306e-06,0.0,0.4074074074074074,11.11111111111111,0.42380896896168985,0.6660683418055677,0.20833333333333334,0.0892857142857143,9,7.041666666666666,1.0986122886681098,3.4339872044851463,1.8222329202092213,1.8222329202092213,0.7935702375506115,4.917101732076635,4,4
Jinx|16.4,Jinx,16.4,-7.183908045977011,-7.183907562451747,-6.099396802638918,-1.084510759812829,1.084510759812829,-4.835252642720889e-07,-4.440892098500626e-16,0.3,1.8181818181818188,0.1161884511941168,0.38426550427699924,0.21428571428571427,0.1369047619047619,11,5.159509202453988,1.0986122886681098,3.4339872044851463,1.6572672413022849,1.6572672413022849,2.4911027922000173,6.977406991665597,5,5
Karma|16.7,Karma,16.7,-1.785714285714285,-1.785713929637578,-2.6337618046100744,0.8480478749724962,0.8480478749724962,-3.560767070087678e-07,2.220446049250313e-16,0.2903225806451613,7.777777777777778,0.16501902574908253,1.7337685866179333,0.18421052631578944,0.17224880382775118,16,5.850746268656716,1.0986122886681098,3.4339872044851463,1.827133773530465,1.827133773530465,2.7185908397103278,7.988607405673082,5,5
Karma|16.8,Karma,16.8,8.928571428571425,8.928570037313154,7.4798896850839185,1.4486803522292369,1.4486803522292369,1.3912582712549693e-06,-1.3322676295501878e-15,0.24,20.0,0.8462980797970623,1.485715008308981,0.2763157894736842,0.39035087719298245,8,2.4932502596054,1.0986122886681098,3.4339872044851463,1.8032131258679085,1.8032131258679085,2.680978491502861,7.990993179296135,4,5
Locke|16.14,Locke,16.14,-9.313725490196079,-9.31372445419183,-9.200517729912566,-0.11320672427926337,0.11320672427926337,-1.036004249499456e-06,-6.661338147750939e-16,0.20512820512820512,58.82352941176471,1.0801475947704118,1.8362509111096998,0.10483870967741936,0.18387096774193545,17,10.974683544303796,1.0986122886681098,3.4339872044851463,1.7523434850140407,1.7523434850140407,2.585137678095734,7.74544457416762,5,5
Locke|16.15,Locke,16.15,4.1805401405845375,4.1805387390621505,4.603805853884896,-0.42326711482274515,0.42326711482274515,1.401522387034504e-06,0.0,0.2857142857142857,24.509803921568626,0.429383937309923,0.9136648243938182,0.22058823529411764,0.1941176470588235,13,3.4297924297924296,1.0986122886681098,3.4339872044851463,1.7963201427240894,1.7963201427240894,2.68120807474036,7.960910201799765,5,4
Lucian|16.1,Lucian,16.1,7.179487179487176,7.179481716123121,7.98653079310288,-0.80704907697976,0.80704907697976,5.463364055380282e-06,4.440892098500626e-16,0.46875,1.5873015873015872,0.30283772660399133,1.483723548904897,0.10084033613445376,0.16246498599439776,7,4.333333333333333,1.0986122886681098,3.4339872044851463,1.8103952757494324,1.8103952757494324,0.7911669614729555,8.042755638590188,4,4
Lux|16.4,Lux,16.4,2.753737214791502,2.753735677127805,4.168619909001836,-1.4148842318740307,1.4148842318740307,1.5376636968156276e-06,-2.220446049250313e-16,0.42424242424242425,5.2884615384615365,0.22267815436143223,2.2485902239647713,0.28421052631578947,0.17894736842105263,13,3.187396351575456,1.0986122886681098,3.4339872044851463,1.7756942579195245,1.7756942579195245,2.6496441132069224,7.702763025625082,5,5
Malphite|16.2,Malphite,16.2,0.9615384615384581,0.9615394897717566,2.7122313286705335,-1.7506918388987769,1.7506918388987769,-1.0282332985056541e-06,0.0,0.34285714285714286,12.82051282051282,0.2748558961962279,0.8366306611780137,0.041062801932367166,0.2367149758454106,9,5.728813559322033,1.0986122886681098,3.4339872044851463,1.6972971857632246,1.6972971857632246,2.53785845705079,7.533492558007293,5,5
Mel|16.8,Mel,16.8,-1.994301994301989,-1.9943010558793772,-2.1094415553993717,0.1151404995199945,0.1151404995199945,-9.38422611840295e-07,0.0,0.3157894736842105,23.863636363636363,0.5802267362672905,0.746018263157755,0.11188811188811189,0.26573426573426573,8,4.827814569536424,1.0986122886681098,3.4339872044851463,1.8208497715979655,1.8208497715979655,2.7080644791585895,7.972026941926397,5,4
Mordekaiser|16.14,Mordekaiser,16.14,4.285714285714281,4.2857134471887655,4.303437210755357,-0.017723763566590556,0.017723763566590556,8.385255156895255e-07,-8.881784197001252e-16,0.5555555555555556,17.05685618729097,0.21513481665492498,1.1517481699553065,0.35775862068965514,0.1918103448275862,13,4.611764705882353,1.0986122886681098,3.4339872044851463,1.811263667179941,1.811263667179941,2.698305834298065,8.034691245754333,5,5
Mordekaiser|16.15,Mordekaiser,16.15,-2.5615763546797954,-2.56157565629489,-2.2490398803398537,-0.31253577595503623,0.31253577595503623,-6.98384905462035e-07,0.0,0.2564102564102564,10.997442455242968,0.2726205069094955,1.2956539645506586,0.23180076628352486,0.09195402298850577,17,10.645569620253166,1.0986122886681098,3.4339872044851463,1.8247240467132109,1.8247240467132109,2.7181805664475034,8.0484358659903,5,5
Nami|16.14,Nami,16.14,1.414027149321273,1.4140269883080703,1.645272025728861,-0.23124503742079083,0.23124503742079083,1.6101320277073228e-07,0.0,0.2608695652173913,2.857142857142858,0.23330835744611145,1.6469232627288544,0.29411764705882354,0.17647058823529416,11,3.54601226993865,1.0986122886681098,3.4339872044851463,1.8295519020376405,1.8295519020376405,2.7204542459533743,3.8835753156086508,5,3
Nami|16.7,Nami,16.7,-1.3209813003945803,-1.3209811081412393,-2.4827007946064903,1.1617196864652513,1.1617196864652513,-1.9225334102479508e-07,-2.220446049250313e-16,0.2903225806451613,30.909090909090907,0.6786511207179634,2.484559125808292,0.06818181818181818,0.0681818181818182,10,3.160334029227557,1.0986122886681098,3.4339872044851463,1.829589873673465,1.829589873673465,2.726327345168605,1.233890759705658,5,3
Nasus|16.16,Nasus,16.16,-5.373563218390808,-5.373561805819749,-6.8771924334069645,1.5036306275872158,1.5036306275872158,-1.4125710592338692e-06,-4.440892098500626e-16,0.574468085106383,1.9138755980861233,0.13680544723827393,1.210946634868548,0.1894736842105263,0.11052631578947368,19,11.267605633802818,1.0986122886681098,3.4339872044851463,1.8236943196683508,1.8236943196683508,2.7083806741281746,7.97806405943759,5,5
Nasus|16.17,Nasus,16.17,4.30213464696223,4.302133908198524,5.846070545245752,-1.5439366370472274,1.5439366370472274,7.387637062095109e-07,-4.440892098500626e-16,0.2962962962962963,16.614420062695924,0.2529209995197878,0.7900243755031359,0.09168081494057723,0.13412563667232597,29,15.705128205128204,1.0986122886681098,3.4339872044851463,1.82311252266798,1.82311252266798,2.7161656129597533,8.045914825883177,5,5
Nocturne|16.12,Nocturne,16.12,-5.286738351254478,-5.286737492039145,-3.5333925012841547,-1.7533449907549903,1.7533449907549903,-8.592153326603125e-07,0.0,0.35,16.666666666666668,0.3392609870163678,2.8059105277878684,0.2115384615384615,0.3076923076923077,9,5.13903743315508,1.0986122886681098,3.4339872044851463,1.7837048715163673,1.7837048715163673,2.650279155983232,7.96348652654536,5,5
Nocturne|16.17,Nocturne,16.17,4.216951033430427,4.216951077067166,3.702947500186937,0.5140035768802287,0.5140035768802287,-4.363673866691897e-08,0.0,0.3103448275862069,6.730769230769229,0.23088628181154502,1.1859879110528757,0.15000000000000002,0.1166666666666667,13,2.7718631178707223,1.0986122886681098,3.4339872044851463,1.7988907252200925,1.7988907252200925,2.6703009352262552,7.66546706471768,5,5
Orianna|16.12,Orianna,16.12,-10.3230890464933,-10.323086299766421,-10.768342601053698,0.4452563012872779,0.4452563012872779,-2.7467268779446385e-06,-1.3322676295501878e-15,0.3684210526315789,40.151515151515156,0.45095144311685165,1.000507273388083,0.16666666666666669,0.25,11,2.34750265674814,1.0986122886681098,3.4339872044851463,1.768139997026158,1.768139997026158,2.6207242831846775,7.769205120509515,5,5
Orianna|16.5,Orianna,16.5,-32.407407407407405,-32.40737393232788,-32.25186753260934,-0.1555063997185413,0.1555063997185413,-3.347507952611295e-05,1.3322676295501878e-15,0.47619047619047616,30.0,0.5675383000134505,1.019291381470838,0.20606060606060606,0.21212121212121213,5,1.618201997780244,1.0986122886681098,3.4339872044851463,1.809027438353611,1.809027438353611,2.7125189947416253,8.04682149896012,4,5
Ornn|16.7,Ornn,16.7,-1.1111111111111183,-1.1111085123621134,-0.5228540017740757,-0.5882545105880377,0.5882545105880377,-2.5987490048784423e-06,0.0,0.35294117647058826,7.14285714285714,0.2141868608592971,1.4522362755631975,0.18181818181818177,0.45454545454545453,6,4.545454545454546,1.0986122886681098,3.4339872044851463,1.7441387444094514,1.7441387444094514,2.62522023699312,4.75156154479145,5,3
Poppy|16.16,Poppy,16.16,-9.027777777777779,-9.027772904713505,-8.304552178010226,-0.7232207267032775,0.7232207267032775,-4.873064273880345e-06,-8.881784197001252e-16,0.5,13.33333333333333,0.22986285641691376,1.0514990744055561,0.16666666666666666,0.3666666666666667,10,4.909090909090908,1.0986122886681098,3.4339872044851463,1.8219181477960866,1.8219181477960866,2.718575853347016,8.045164498149738,5,5
Ryze|16.3,Ryze,16.3,-0.512820512820511,-0.5128203254940178,-0.8452113376121839,0.33239101211816613,0.33239101211816613,-1.8732649320618577e-07,0.0,0.2727272727272727,10.000000000000004,0.36361535550908575,1.3175100029649593,0.2556818181818182,0.19318181818181818,10,7.191489361702127,1.0986122886681098,3.4339872044851463,1.8217107450223369,1.8217107450223369,2.7112316511348657,8.007351579540822,5,5
Senna|16.1,Senna,16.1,43.333333333333336,43.33325827519483,45.12336197922047,-1.7901037040256362,1.7901037040256362,7.505813850627874e-05,-3.552713678800501e-15,0.4090909090909091,0.0,0.0,,0.23846153846153845,0.2153846153846154,5,2.848101265822785,1.0986122886681098,3.4339872044851463,1.730437981209021,1.730437981209021,2.60561609525255,7.68779608005844,5,4
Senna|16.13,Senna,16.13,-4.200236330432916,-4.200235636478666,-4.501561950842148,0.30132631436348145,0.30132631436348145,-6.939542496198214e-07,0.0,0.43333333333333335,9.259259259259256,0.16467919085291355,1.2357720866548274,0.16963064295485636,0.2079343365253078,28,11.11453744493392,1.0986122886681098,3.4339872044851463,1.819566405291806,1.819566405291806,2.710097385136645,8.046643270252924,5,5
Senna|16.14,Senna,16.14,4.83708007072493,4.837079791790311,3.9049816307818674,0.9320981610084433,0.9320981610084433,2.7893461940209363e-07,0.0,0.2833333333333333,1.1111111111111127,0.16223195479064692,1.6275483941207063,0.11714039621016362,0.18690783807062875,25,12.061674008810572,1.0986122886681098,3.4339872044851463,1.778746582681623,1.778746582681623,2.660000973199894,7.9676856548207,5,5
Senna|16.4,Senna,16.4,8.71212121212121,8.712115354452582,8.181590598237248,0.5305247562153337,0.5305247562153337,5.857668627484713e-06,0.0,0.42857142857142855,35.064935064935064,0.5075379793147645,1.1961273409643334,0.15,0.08333333333333334,8,5.538461538461538,1.0986122886681098,3.4339872044851463,1.8164063635789485,1.8164063635789485,2.697421686262602,4.909623448554856,5,4
Seraphine|16.14,Seraphine,16.14,-4.642857142857137,-4.642856539248452,-4.323835408633425,-0.319021130615027,0.319021130615027,-6.036086848126843e-07,-4.440892098500626e-16,0.14285714285714285,17.142857142857142,0.3051684520313701,1.7932175316522116,0.09410919540229887,0.07112068965517243,25,11.085972850678733,1.0986122886681098,3.4339872044851463,1.8241957253362528,1.8241957253362528,2.7133401303469085,8.04597271977882,5,4
Shen|16.6,Shen,16.6,-14.416273584905658,-14.416270834692835,-15.85763467450242,1.441363839809584,1.441363839809584,-2.7502128236989165e-06,4.440892098500626e-16,0.25,15.151515151515149,0.5069650562521013,2.9770297393113507,0.3487179487179487,0.12820512820512822,9,4.262518968133535,1.0986122886681098,3.4339872044851463,1.788489592794812,1.788489592794812,2.6718408917924705,7.825613628164607,5,5
Sion|16.13,Sion,16.13,16.666666666666668,16.666657297665676,17.550712284390617,-0.8840549867249414,0.8840549867249414,9.36900099191007e-06,6.661338147750939e-16,0.4583333333333333,33.333333333333336,0.9206443598217349,1.970460513567422,0.2692307692307693,0.3131868131868132,8,3.585365853658537,1.0986122886681098,3.4339872044851463,1.8309323967719893,1.8309323967719893,2.7220076286052497,8.03494479623123,5,5
Sivir|16.2,Sivir,16.2,-38.38709677419355,-38.38706875015874,-38.257177541295015,-0.12989120886372219,0.12989120886372219,-2.8024034811835463e-05,-2.9976021664879227e-15,0.3548387096774194,33.33333333333333,0.3876999472935607,0.8468382719634413,0.2,0.2375,9,7.118518518518519,1.0986122886681098,3.4339872044851463,0.6822052491592387,0.6822052491592387,0.998780121964557,2.7338233160723617,5,5
Smolder|16.1,Smolder,16.1,-0.12626262626261875,-0.1262624392881051,0.3934708829615774,-0.5197333222496825,0.5197333222496825,-1.8697451364957374e-07,0.0,0.36666666666666664,2.7777777777777732,0.3158977895101613,2.050278509828423,0.24853801169590645,0.2982456140350877,11,3.608574091332712,1.0986122886681098,3.4339872044851463,1.8016067526109736,1.8016067526109736,0.7868707234613304,8.021637041196145,4,5
Smolder|16.11,Smolder,16.11,-23.237737871884217,-23.237734214791576,-22.974362424591348,-0.2633717902002286,0.2633717902002286,-3.6570926411627624e-06,4.440892098500626e-16,0.21052631578947367,1.0101010101010082,0.4913334323408921,1.7941203048668781,0.23333333333333334,0.21965811965811965,19,11.921985815602838,1.0986122886681098,3.4339872044851463,1.5852916388970906,1.5852916388970906,2.374737385233577,6.877718061762295,5,5
Smolder|16.2,Smolder,16.2,-4.444444444444451,-4.444443446950053,-2.733468496667546,-1.7109749502825067,1.7109749502825067,-9.97494398191634e-07,0.0,0.35714285714285715,6.944444444444442,0.5079975312463234,1.3777113112341277,0.20634920634920634,0.24603174603174605,9,3.715596330275229,1.0986122886681098,3.4339872044851463,1.819335508795361,1.819335508795361,2.7074991947677485,8.049690886532929,5,5
Swain|16.4,Swain,16.4,14.54545454545454,14.545442164247563,15.308558780426889,-0.7631166161793268,0.7631166161793268,1.238120697699685e-05,4.440892098500626e-16,0.2631578947368421,3.57142857142857,0.31335370911268967,1.3482614801419597,0.15476190476190477,0.2261904761904762,8,5.48780487804878,1.0986122886681098,3.4339872044851463,1.8094841316429022,1.8094841316429022,2.6966779116254447,4.885794125863652,5,4
Sylas|16.12,Sylas,16.12,3.658536585365857,3.658536026552972,4.3668091323893705,-0.7082731058363989,0.7082731058363989,5.588128848543761e-07,4.440892098500626e-16,0.5714285714285714,7.326007326007322,0.24974315190785543,1.5988857953508742,0.2523809523809524,0.21904761904761905,13,5.7857142857142865,1.0986122886681098,3.4339872044851463,1.8193016218023716,1.8193016218023716,2.7113638315085176,7.983524121294017,5,5
Sylas|16.15,Sylas,16.15,4.160346695557965,4.16034592548849,4.8370797637629135,-0.6767338382744237,0.6767338382744237,7.700694748535852e-07,0.0,0.3148148148148148,6.3852813852813854,0.17687287488594244,0.771967410481567,0.0633445945945946,0.20270270270270271,29,16.312741312741313,1.0986122886681098,3.4339872044851463,1.827274278929919,1.827274278929919,2.719733691428894,8.045167896932515,5,5
Syndra|16.4,Syndra,16.4,-1.468788249694003,-1.4687878833572976,-1.0573122067741914,-0.41147567658310624,0.41147567658310624,-3.6633670541519336e-07,0.0,0.3888888888888889,3.57142857142857,0.3940593753103657,2.299510793382775,0.36363636363636365,0.18181818181818182,7,1.9903121636167922,1.0986122886681098,3.4339872044851463,1.8251974215288291,1.8251974215288291,2.3962299592686085,4.924234651990972,4,4
Teemo|16.11,Teemo,16.11,-5.748663101604279,-5.748661824379109,-5.693797041864334,-0.05486478251477411,0.05486478251477411,-1.2772251700710058e-06,-8.881784197001252e-16,0.3225806451612903,4.395604395604391,0.22152737183717594,1.7513977760974502,0.15538847117794485,0.24561403508771928,14,4.370510396975425,1.0986122886681098,3.4339872044851463,1.8176084437137696,1.8176084437137696,2.6859158546954642,8.031188996364069,5,5
Thresh|16.17,Thresh,16.17,1.949317738791423,1.9493191483312744,1.9357184625191426,0.013600685812131807,0.013600685812131807,-1.4095398515046043e-06,0.0,0.3548387096774194,9.926470588235292,0.48912641408947993,1.1726360107159608,0.2944444444444444,0.19444444444444445,16,11.281250000000002,1.0986122886681098,3.4339872044851463,1.5068208487127976,1.5068208487127976,2.272855960203768,7.007725487274374,5,5
Tristana|16.1,Tristana,16.1,-20.394736842105267,-20.394723499802524,-15.727386091062973,-4.667337408739552,4.667337408739552,-1.3342302743524215e-05,1.7763568394002505e-15,0.3333333333333333,36.36363636363637,0.3150669002545206,,0.17777777777777776,0.17777777777777776,4,2.2857142857142856,1.0986122886681098,3.4339872044851463,1.7356979642550396,1.7356979642550396,2.5770732515119024,7.7387668724772265,5,5
Twitch|16.4,Twitch,16.4,20.370370370370377,20.370347063338727,16.94524135648811,3.4251057068506174,3.4251057068506174,2.3307031650432464e-05,-1.7763568394002505e-15,0.47368421052631576,5.454545454545457,0.13854429160463666,0.7693566401109339,0.2692307692307693,0.19230769230769232,5,2.0739687055476526,1.0986122886681098,3.4339872044851463,1.8203411320783625,1.8203411320783625,2.7036763414114207,8.05027601510126,5,5
Varus|16.3,Varus,16.3,9.18604651162791,9.18604506814763,6.948695034469942,2.2373500336776875,2.2373500336776875,1.4434802810825431e-06,0.0,0.2857142857142857,47.252747252747255,0.7453951953063234,0.790100705199242,0.2714285714285714,0.35714285714285715,7,4.444444444444445,1.0986122886681098,3.4339872044851463,1.6518498760477396,1.6518498760477396,2.477838599632376,7.581549332559234,5,5
Vayne|16.17,Vayne,16.17,0.6269592476489061,0.6269598357751649,-0.5183417051214834,1.1453015408966483,1.1453015408966483,-5.881262588047775e-07,0.0,0.2608695652173913,4.4444444444444455,0.2929315566385618,1.4326900438420167,0.12352941176470585,0.34705882352941175,9,3.9116279069767437,1.0986122886681098,3.4339872044851463,1.8050526664502575,1.8050526664502575,2.3765808134650457,8.033625252493781,4,5
Veigar|16.7,Veigar,16.7,-2.2571819425444617,-2.257180546582882,-1.6633200315575691,-0.5938605150253129,0.5938605150253129,-1.3959615796643732e-06,0.0,0.3333333333333333,4.999999999999999,0.405345433316499,1.65554201057211,0.12878787878787878,0.22727272727272724,8,2.0866425992779782,1.0986122886681098,3.4339872044851463,1.810699452801845,1.810699452801845,0.7875028845632848,7.831878038610562,4,5
Viego|16.1,Viego,16.1,-16.666666666666668,-16.666659358078643,-15.944270781548248,-0.7223885765303972,0.7223885765303972,-7.308588024557139e-06,1.7763568394002505e-15,0.42857142857142855,0.0,0.25957668075516743,1.7983290146050792,0.28205128205128205,0.2948717948717949,5,2.6915887850467293,1.0986122886681098,3.4339872044851463,1.7658994711657217,1.7658994711657217,0.7737022667178572,7.950766170107953,4,3
Viego|16.2,Viego,16.2,6.3333333333333295,6.333331178731427,7.0229067812374035,-0.6895756025059763,0.6895756025059763,2.154601902226716e-06,0.0,0.4583333333333333,20.0,0.5475609574936988,2.230418991971885,0.19838056680161942,0.09716599190283398,6,2.2485249676212407,1.0986122886681098,3.4339872044851463,1.8245104146798252,1.8245104146798252,2.725396857988316,8.042188851263937,5,4
Xayah|16.1,Xayah,16.1,-17.14285714285714,-17.142840689176154,-12.901312703577444,-4.241527985598709,4.241527985598709,-1.6453680984795938e-05,-8.881784197001252e-16,0.4,11.428571428571432,0.38780952651248946,0.9830877585747856,0.14393939393939395,0.30303030303030304,5,3.7692307692307696,1.0986122886681098,3.4339872044851463,1.7666932189865425,1.7666932189865425,0.7639047948482858,7.760482468747343,4,5
Xerath|16.17,Xerath,16.17,-5.420054200542001,-5.420053396553831,-6.084581414662288,0.6645280181084567,0.6645280181084567,-8.039881702615048e-07,0.0,0.39285714285714285,8.169934640522875,0.23913744390431874,1.499721953857774,0.24836601307189543,0.1895424836601307,17,8.132530120481928,1.0986122886681098,3.4339872044851463,1.7431820402881937,1.7431820402881937,2.5777924654443787,7.637623804817151,5,5
Yasuo|16.1,Yasuo,16.1,12.373737373737375,12.37373480427777,12.80785967683169,-0.4341248725539204,0.4341248725539204,2.5694596050840346e-06,8.881784197001252e-16,0.4,17.777777777777782,0.453388409113886,1.4302883300355487,0.17222222222222222,0.31666666666666665,9,2.293318233295583,1.0986122886681098,3.4339872044851463,1.8094095830192725,1.8094095830192725,2.683230628233957,7.821693412912389,5,4
Yasuo|16.17,Yasuo,16.17,6.932471264367818,6.932470554409592,7.000127572629117,-0.06765701821952463,0.06765701821952463,7.099582255420955e-07,4.440892098500626e-16,0.39473684210526316,15.818181818181817,0.31478393876961813,1.0312849726925153,0.08074534161490683,0.060559006211180134,22,4.830188679245282,1.0986122886681098,3.4339872044851463,1.8271690591148082,1.8271690591148082,2.7215152885795235,8.041233721576601,5,5
Yone|16.1,Yone,16.1,-2.631578947368418,-2.6315777201802337,-1.3990774398832118,-1.232500280297022,1.232500280297022,-1.227188184405037e-06,0.0,0.25,12.857142857142856,0.2731813715712326,1.8180995981425117,0.13333333333333333,0.27619047619047615,7,2.8000000000000003,1.0986122886681098,3.4339872044851463,1.8262447516326774,1.8262447516326774,0.796057109152043,8.035096054159546,4,5
Yone|16.17,Yone,16.17,1.7783857729138153,1.7783853598926702,1.9344370682578105,-0.15605170836514026,0.15605170836514026,4.1302114506258647e-07,0.0,0.4444444444444444,9.91902834008097,0.216490231550034,1.1687721607645563,0.15000000000000002,0.1571428571428571,19,8.877133105802047,1.0986122886681098,3.4339872044851463,1.8272596517096062,1.8272596517096062,2.717245919571132,8.03965603382259,5,5
Yone|16.3,Yone,16.3,-11.309523809523808,-11.309514597501364,-13.02479113557536,1.7152765380739954,1.7152765380739954,-9.21202244441588e-06,0.0,0.5,13.846153846153841,0.5953659691023101,0.9556590428534795,0.2714285714285714,0.10714285714285716,5,1.8846153846153846,1.0986122886681098,3.4339872044851463,1.820301972318017,1.820301972318017,2.701214831485632,7.993328714910758,5,4
Yunara|16.1,Yunara,16.1,-85.71428571428572,-85.71345285346807,-83.94755973733336,-1.7658931161347091,1.7658931161347091,-0.0008328608176526586,3.552713678800501e-15,0.47368421052631576,25.0,0.5904494906559759,,0.18333333333333332,0.25,3,2.6666666666666665,1.0986122886681098,3.4339872044851463,0.9121961693361047,0.9121961693361047,0.3870209744352926,3.895452543679688,3,3
Yunara|16.14,Yunara,16.14,-5.208333333333331,-5.208332465370768,-6.116481302745813,0.9081488373750446,0.9081488373750446,-8.679625631557997e-07,0.0,0.3181818181818182,37.5,0.6280976239612097,0.6504928096082871,0.2523809523809524,0.1285714285714286,9,5.023255813953488,1.0986122886681098,3.4339872044851463,1.7779364329278957,1.7779364329278957,2.625093062474609,7.63791678687924,5,5
Zaahen|16.3,Zaahen,16.3,-4.848484848484846,-4.848479711627107,-4.970463477153498,0.12198376552639001,0.12198376552639001,-5.136857739174161e-06,8.881784197001252e-16,0.375,3.1746031746031744,0.19249998916794142,1.5765162884274186,0.2833333333333333,0.1791666666666667,9,3.805031446540881,1.0986122886681098,3.4339872044851463,1.7294341895628396,1.7294341895628396,2.5543823170476765,7.5992391342182275,5,5
Zaahen|16.6,Zaahen,16.6,10.776942355889718,10.776938924308999,11.384238402025415,-0.6072994777164165,0.6072994777164165,3.431580719137628e-06,-4.440892098500626e-16,0.25,2.5641025641025603,0.1146570074480314,1.934499239468044,0.18333333333333332,0.5,9,5.084507042253522,1.0986122886681098,3.4339872044851463,1.6980626978865043,1.6980626978865043,2.5177964223503713,7.670742133913134,5,5
Zed|16.10,Zed,16.10,0.9661835748792202,0.9661840584650028,1.2182527330606208,-0.252068674595618,0.252068674595618,-4.835857825291612e-07,0.0,0.3684210526315789,23.333333333333332,0.6515721928094201,2.396151978558122,0.14285714285714285,0.33333333333333337,10,5.024813895781638,1.0986122886681098,3.4339872044851463,1.8006694924360134,1.8006694924360134,2.6705909653080617,7.874219811208949,5,5
Zed|16.2,Zed,16.2,-11.111111111111116,-11.111106190258868,-9.354325397105917,-1.756780793152951,1.756780793152951,-4.920852248346819e-06,6.661338147750939e-16,0.3103448275862069,11.904761904761903,0.6183138408231814,2.68707245156798,0.2388888888888889,0.21111111111111114,7,2.9224944320712694,1.0986122886681098,3.4339872044851463,1.8037072537786358,1.8037072537786358,2.6834746263931395,7.955583294427981,5,5
Zed|16.3,Zed,16.3,-44.44444444444444,-44.44411568969047,-44.444120848660944,5.158970473509329e-06,5.158970473509329e-06,-0.00032875475397275977,4.1921862845278185e-16,0.25,8.57142857142857,0.42429707085340534,2.7093316852573155,0.19444444444444445,0.2222222222222222,6,5.4,1.0986122886681098,3.4339872044851463,1.34887646156263e-05,1.34887646156263e-05,1.9944409575764845e-05,6.0661719670117195e-05,5,4
