event_id,champion,patch,pre_patch,change_direction,higher_support_view,period,observed_users,observed_matches,experience_eligible_users,experience_eligible_matches,eligible_user_retention_share,eligible_match_retention_share,both_period_users,eligible_both_period_users,eligible_both_period_matches
Akshan|16.1,Akshan,16.1,15.24,,False,pre,8,22,5,13,0.625,0.5909090909090909,2,2,7
Akshan|16.1,Akshan,16.1,15.24,,False,post,4,7,2,5,0.5,0.7142857142857143,2,2,5
Aphelios|16.1,Aphelios,16.1,15.24,,True,pre,12,67,4,18,0.3333333333333333,0.26865671641791045,8,2,12
Aphelios|16.1,Aphelios,16.1,15.24,,True,post,19,100,10,68,0.5263157894736842,0.68,8,3,10
Ashe|16.1,Ashe,16.1,15.24,,False,pre,24,81,13,41,0.5416666666666666,0.5061728395061729,3,2,16
Ashe|16.1,Ashe,16.1,15.24,,False,post,7,15,5,9,0.7142857142857143,0.6,3,3,6
Caitlyn|16.1,Caitlyn,16.1,15.24,,True,pre,22,77,15,62,0.6818181818181818,0.8051948051948052,11,6,43
Caitlyn|16.1,Caitlyn,16.1,15.24,,True,post,31,83,17,45,0.5483870967741935,0.5421686746987951,11,9,19
Cassiopeia|16.1,Cassiopeia,16.1,15.24,,False,pre,9,19,5,15,0.5555555555555556,0.7894736842105263,1,1,6
Cassiopeia|16.1,Cassiopeia,16.1,15.24,,False,post,3,6,2,3,0.6666666666666666,0.5,1,1,2
Corki|16.1,Corki,16.1,15.24,,False,pre,6,13,3,4,0.5,0.3076923076923077,2,0,0
Corki|16.1,Corki,16.1,15.24,,False,post,5,13,1,2,0.2,0.15384615384615385,2,0,0
Draven|16.1,Draven,16.1,15.24,,False,pre,7,64,6,40,0.8571428571428571,0.625,3,3,11
Draven|16.1,Draven,16.1,15.24,,False,post,5,27,4,26,0.8,0.9629629629629629,3,3,19
Elise|16.1,Elise,16.1,15.24,,False,pre,5,11,2,3,0.4,0.2727272727272727,0,0,0
Elise|16.1,Elise,16.1,15.24,,False,post,4,12,3,10,0.75,0.8333333333333334,0,0,0
Gangplank|16.1,Gangplank,16.1,15.24,,False,pre,2,2,1,1,0.5,0.5,0,0,0
Gangplank|16.1,Gangplank,16.1,15.24,,False,post,5,14,5,14,1.0,1.0,0,0,0
Garen|16.1,Garen,16.1,15.24,,True,pre,18,50,11,34,0.6111111111111112,0.68,5,3,14
Garen|16.1,Garen,16.1,15.24,,True,post,15,25,10,17,0.6666666666666666,0.68,5,4,9
Graves|16.1,Graves,16.1,15.24,,False,pre,9,25,6,13,0.6666666666666666,0.52,2,0,0
Graves|16.1,Graves,16.1,15.24,,False,post,7,43,4,22,0.5714285714285714,0.5116279069767442,2,2,11
Jax|16.1,Jax,16.1,15.24,,True,pre,19,99,13,83,0.6842105263157895,0.8383838383838383,7,6,63
Jax|16.1,Jax,16.1,15.24,,True,post,19,44,13,34,0.6842105263157895,0.7727272727272727,7,7,23
Jhin|16.1,Jhin,16.1,15.24,,True,pre,30,106,15,51,0.5,0.4811320754716981,9,6,22
Jhin|16.1,Jhin,16.1,15.24,,True,post,17,54,12,45,0.7058823529411765,0.8333333333333334,9,8,28
Jinx|16.1,Jinx,16.1,15.24,,True,pre,16,39,10,26,0.625,0.6666666666666666,10,6,16
Jinx|16.1,Jinx,16.1,15.24,,True,post,21,43,9,15,0.42857142857142855,0.3488372093023256,10,7,13
Kindred|16.1,Kindred,16.1,15.24,,False,pre,9,17,4,6,0.4444444444444444,0.35294117647058826,3,0,0
Kindred|16.1,Kindred,16.1,15.24,,False,post,7,22,3,11,0.42857142857142855,0.5,3,2,10
Lucian|16.1,Lucian,16.1,15.24,,True,pre,17,50,9,15,0.5294117647058824,0.3,6,2,3
Lucian|16.1,Lucian,16.1,15.24,,True,post,21,50,7,13,0.3333333333333333,0.26,6,4,10
Miss Fortune|16.1,Miss Fortune,16.1,15.24,,False,pre,0,0,0,0,,,0,0,0
Miss Fortune|16.1,Miss Fortune,16.1,15.24,,False,post,0,0,0,0,,,0,0,0
Nilah|16.1,Nilah,16.1,15.24,,False,pre,3,6,0,0,0.0,0.0,2,0,0
Nilah|16.1,Nilah,16.1,15.24,,False,post,4,5,3,4,0.75,0.8,2,1,2
Quinn|16.1,Quinn,16.1,15.24,,False,pre,6,14,3,11,0.5,0.7857142857142857,1,1,1
Quinn|16.1,Quinn,16.1,15.24,,False,post,5,6,3,3,0.6,0.5,1,1,1
Rengar|16.1,Rengar,16.1,15.24,,False,pre,8,31,5,12,0.625,0.3870967741935484,0,0,0
Rengar|16.1,Rengar,16.1,15.24,,False,post,5,5,2,2,0.4,0.4,0,0,0
Samira|16.1,Samira,16.1,15.24,,False,pre,9,12,7,10,0.7777777777777778,0.8333333333333334,1,1,2
Samira|16.1,Samira,16.1,15.24,,False,post,4,6,3,5,0.75,0.8333333333333334,1,1,1
Senna|16.1,Senna,16.1,15.24,,True,pre,13,21,5,6,0.38461538461538464,0.2857142857142857,1,0,0
Senna|16.1,Senna,16.1,15.24,,True,post,10,22,5,15,0.5,0.6818181818181818,1,0,0
Shaco|16.1,Shaco,16.1,15.24,,False,pre,9,97,7,88,0.7777777777777778,0.9072164948453608,5,4,85
Shaco|16.1,Shaco,16.1,15.24,,False,post,9,83,6,30,0.6666666666666666,0.3614457831325301,5,5,28
Sivir|16.1,Sivir,16.1,15.24,,False,pre,8,20,5,12,0.625,0.6,4,3,8
Sivir|16.1,Sivir,16.1,15.24,,False,post,20,46,12,31,0.6,0.6739130434782609,4,3,4
Smolder|16.1,Smolder,16.1,15.24,,True,pre,19,100,12,88,0.631578947368421,0.88,7,3,70
Smolder|16.1,Smolder,16.1,15.24,,True,post,18,62,11,45,0.6111111111111112,0.7258064516129032,7,6,20
Tristana|16.1,Tristana,16.1,15.24,,True,pre,18,54,12,19,0.6666666666666666,0.35185185185185186,1,0,0
Tristana|16.1,Tristana,16.1,15.24,,True,post,10,16,4,8,0.4,0.5,1,0,0
Tryndamere|16.1,Tryndamere,16.1,15.24,,False,pre,1,1,0,0,0.0,0.0,0,0,0
Tryndamere|16.1,Tryndamere,16.1,15.24,,False,post,8,14,4,6,0.5,0.42857142857142855,0,0,0
Twitch|16.1,Twitch,16.1,15.24,,False,pre,9,18,4,10,0.4444444444444444,0.5555555555555556,5,2,8
Twitch|16.1,Twitch,16.1,15.24,,False,post,16,36,9,15,0.5625,0.4166666666666667,5,4,7
Viego|16.1,Viego,16.1,15.24,,True,pre,12,70,5,24,0.4166666666666667,0.34285714285714286,4,3,21
Viego|16.1,Viego,16.1,15.24,,True,post,13,70,6,24,0.46153846153846156,0.34285714285714286,4,4,22
Xayah|16.1,Xayah,16.1,15.24,,True,pre,12,38,5,7,0.4166666666666667,0.18421052631578946,3,0,0
Xayah|16.1,Xayah,16.1,15.24,,True,post,11,24,8,10,0.7272727272727273,0.4166666666666667,3,2,4
Yasuo|16.1,Yasuo,16.1,15.24,,True,pre,18,65,10,44,0.5555555555555556,0.676923076923077,8,5,34
Yasuo|16.1,Yasuo,16.1,15.24,,True,post,20,126,9,45,0.45,0.35714285714285715,8,5,39
Yone|16.1,Yone,16.1,15.24,,True,pre,21,64,10,38,0.47619047619047616,0.59375,8,3,20
Yone|16.1,Yone,16.1,15.24,,True,post,15,32,7,14,0.4666666666666667,0.4375,8,4,11
Yunara|16.1,Yunara,16.1,15.24,,True,pre,10,32,3,4,0.3,0.125,3,0,0
Yunara|16.1,Yunara,16.1,15.24,,True,post,12,19,4,7,0.3333333333333333,0.3684210526315789,3,0,0
Zeri|16.1,Zeri,16.1,15.24,,False,pre,7,18,4,15,0.5714285714285714,0.8333333333333334,0,0,0
Zeri|16.1,Zeri,16.1,15.24,,False,post,4,11,3,7,0.75,0.6363636363636364,0,0,0
Aatrox|16.2,Aatrox,16.2,16.1,,False,pre,5,11,3,3,0.6,0.2727272727272727,2,1,1
Aatrox|16.2,Aatrox,16.2,16.1,,False,post,9,23,5,7,0.5555555555555556,0.30434782608695654,2,1,2
Ashe|16.2,Ashe,16.2,16.1,,False,pre,7,15,5,9,0.7142857142857143,0.6,2,2,5
Ashe|16.2,Ashe,16.2,16.1,,False,post,21,45,10,22,0.47619047619047616,0.4888888888888889,2,2,2
Gwen|16.2,Gwen,16.2,16.1,,True,pre,18,55,12,42,0.6666666666666666,0.7636363636363637,5,4,30
Gwen|16.2,Gwen,16.2,16.1,,True,post,11,19,5,12,0.45454545454545453,0.631578947368421,5,4,11
Jayce|16.2,Jayce,16.2,16.1,,False,pre,12,24,6,12,0.5,0.5,1,0,0
Jayce|16.2,Jayce,16.2,16.1,,False,post,8,23,4,17,0.5,0.7391304347826086,1,0,0
Lillia|16.2,Lillia,16.2,16.1,,False,pre,5,29,2,2,0.4,0.06896551724137931,1,0,0
Lillia|16.2,Lillia,16.2,16.1,,False,post,4,23,2,9,0.5,0.391304347826087,1,0,0
Malphite|16.2,Malphite,16.2,16.1,,True,pre,23,53,9,26,0.391304347826087,0.49056603773584906,6,4,15
Malphite|16.2,Malphite,16.2,16.1,,True,post,18,31,13,24,0.7222222222222222,0.7741935483870968,6,6,10
Master Yi|16.2,Master Yi,16.2,16.1,,False,pre,0,0,0,0,,,0,0,0
Master Yi|16.2,Master Yi,16.2,16.1,,False,post,0,0,0,0,,,0,0,0
Nunu & Willump|16.2,Nunu & Willump,16.2,16.1,,False,pre,0,0,0,0,,,0,0,0
Nunu & Willump|16.2,Nunu & Willump,16.2,16.1,,False,post,0,0,0,0,,,0,0,0
Sivir|16.2,Sivir,16.2,16.1,,True,pre,20,46,12,31,0.6,0.6739130434782609,5,3,10
Sivir|16.2,Sivir,16.2,16.1,,True,post,16,32,9,10,0.5625,0.3125,5,4,4
Smolder|16.2,Smolder,16.2,16.1,,True,pre,18,62,11,45,0.6111111111111112,0.7258064516129032,4,3,20
Smolder|16.2,Smolder,16.2,16.1,,True,post,14,59,9,45,0.6428571428571429,0.7627118644067796,4,3,36
Taliyah|16.2,Taliyah,16.2,16.1,,False,pre,4,9,3,8,0.75,0.8888888888888888,0,0,0
Taliyah|16.2,Taliyah,16.2,16.1,,False,post,4,7,4,7,1.0,1.0,0,0,0
Varus|16.2,Varus,16.2,16.1,,False,pre,5,9,2,2,0.4,0.2222222222222222,2,1,1
Varus|16.2,Varus,16.2,16.1,,False,post,20,58,14,43,0.7,0.7413793103448276,2,1,7
Viego|16.2,Viego,16.2,16.1,,True,pre,13,70,6,24,0.46153846153846156,0.34285714285714286,8,5,23
Viego|16.2,Viego,16.2,16.1,,True,post,19,170,11,125,0.5789473684210527,0.7352941176470589,8,5,114
Zed|16.2,Zed,16.2,16.1,,True,pre,20,102,12,81,0.6,0.7941176470588235,9,5,65
Zed|16.2,Zed,16.2,16.1,,True,post,18,40,7,9,0.3888888888888889,0.225,9,5,7
Ahri|16.3,Ahri,16.3,16.2,,True,pre,24,44,12,20,0.5,0.45454545454545453,10,5,11
Ahri|16.3,Ahri,16.3,16.2,,True,post,23,59,11,37,0.4782608695652174,0.6271186440677966,10,6,27
Bel'Veth|16.3,Bel'Veth,16.3,16.2,,False,pre,0,0,0,0,,,0,0,0
Bel'Veth|16.3,Bel'Veth,16.3,16.2,,False,post,0,0,0,0,,,0,0,0
Braum|16.3,Braum,16.3,16.2,,True,pre,15,50,9,18,0.6,0.36,5,4,8
Braum|16.3,Braum,16.3,16.2,,True,post,19,72,11,42,0.5789473684210527,0.5833333333333334,5,4,26
Briar|16.3,Briar,16.3,16.2,,False,pre,5,15,5,15,1.0,1.0,4,4,14
Briar|16.3,Briar,16.3,16.2,,False,post,8,16,7,15,0.875,0.9375,4,4,10
Diana|16.3,Diana,16.3,16.2,,True,pre,27,99,20,85,0.7407407407407407,0.8585858585858586,7,7,46
Diana|16.3,Diana,16.3,16.2,,True,post,11,21,7,12,0.6363636363636364,0.5714285714285714,7,7,12
Draven|16.3,Draven,16.3,16.2,,False,pre,5,44,5,44,1.0,1.0,2,2,38
Draven|16.3,Draven,16.3,16.2,,False,post,8,72,5,62,0.625,0.8611111111111112,2,2,29
Ekko|16.3,Ekko,16.3,16.2,,True,pre,19,41,11,24,0.5789473684210527,0.5853658536585366,3,2,6
Ekko|16.3,Ekko,16.3,16.2,,True,post,14,46,8,9,0.5714285714285714,0.1956521739130435,3,2,2
Ezreal|16.3,Ezreal,16.3,16.2,,True,pre,12,30,6,8,0.5,0.26666666666666666,6,2,2
Ezreal|16.3,Ezreal,16.3,16.2,,True,post,20,44,9,21,0.45,0.4772727272727273,6,4,12
Hecarim|16.3,Hecarim,16.3,16.2,,False,pre,4,8,4,8,1.0,1.0,2,2,6
Hecarim|16.3,Hecarim,16.3,16.2,,False,post,7,22,6,21,0.8571428571428571,0.9545454545454546,2,2,14
Heimerdinger|16.3,Heimerdinger,16.3,16.2,,False,pre,9,33,8,26,0.8888888888888888,0.7878787878787878,4,3,21
Heimerdinger|16.3,Heimerdinger,16.3,16.2,,False,post,7,23,5,20,0.7142857142857143,0.8695652173913043,4,4,17
Jayce|16.3,Jayce,16.3,16.2,,False,pre,8,23,4,17,0.5,0.7391304347826086,1,1,1
Jayce|16.3,Jayce,16.3,16.2,,False,post,4,4,1,1,0.25,0.25,1,1,1
Kayn|16.3,Kayn,16.3,16.2,,False,pre,8,38,7,32,0.875,0.8421052631578947,4,3,20
Kayn|16.3,Kayn,16.3,16.2,,False,post,9,68,5,59,0.5555555555555556,0.8676470588235294,4,3,54
Maokai|16.3,Maokai,16.3,16.2,,False,pre,1,2,0,0,0.0,0.0,1,0,0
Maokai|16.3,Maokai,16.3,16.2,,False,post,4,8,2,4,0.5,0.5,1,0,0
Mel|16.3,Mel,16.3,16.2,,False,pre,12,30,6,10,0.5,0.3333333333333333,2,1,1
Mel|16.3,Mel,16.3,16.2,,False,post,7,26,4,21,0.5714285714285714,0.8076923076923077,2,2,19
Naafiri|16.3,Naafiri,16.3,16.2,,False,pre,8,20,7,19,0.875,0.95,0,0,0
Naafiri|16.3,Naafiri,16.3,16.2,,False,post,7,12,5,10,0.7142857142857143,0.8333333333333334,0,0,0
Nilah|16.3,Nilah,16.3,16.2,,False,pre,2,2,1,1,0.5,0.5,0,0,0
Nilah|16.3,Nilah,16.3,16.2,,False,post,2,2,2,2,1.0,1.0,0,0,0
Riven|16.3,Riven,16.3,16.2,,False,pre,9,59,5,9,0.5555555555555556,0.15254237288135594,2,0,0
Riven|16.3,Riven,16.3,16.2,,False,post,7,50,4,19,0.5714285714285714,0.38,2,1,2
Ryze|16.3,Ryze,16.3,16.2,,True,pre,16,37,10,15,0.625,0.40540540540540543,5,4,6
Ryze|16.3,Ryze,16.3,16.2,,True,post,11,27,10,26,0.9090909090909091,0.9629629629629629,5,5,15
Trundle|16.3,Trundle,16.3,16.2,,False,pre,5,38,3,28,0.6,0.7368421052631579,2,1,25
Trundle|16.3,Trundle,16.3,16.2,,False,post,6,31,3,11,0.5,0.3548387096774194,2,1,8
Tryndamere|16.3,Tryndamere,16.3,16.2,,False,pre,6,6,2,2,0.3333333333333333,0.3333333333333333,2,0,0
Tryndamere|16.3,Tryndamere,16.3,16.2,,False,post,5,25,3,10,0.6,0.4,2,2,7
Varus|16.3,Varus,16.3,16.2,,True,pre,20,58,14,43,0.7,0.7413793103448276,6,2,3
Varus|16.3,Varus,16.3,16.2,,True,post,14,38,7,20,0.5,0.5263157894736842,6,5,16
Vi|16.3,Vi,16.3,16.2,,False,pre,6,9,5,8,0.8333333333333334,0.8888888888888888,0,0,0
Vi|16.3,Vi,16.3,16.2,,False,post,5,16,3,6,0.6,0.375,0,0,0
Volibear|16.3,Volibear,16.3,16.2,,False,pre,18,77,9,48,0.5,0.6233766233766234,4,3,36
Volibear|16.3,Volibear,16.3,16.2,,False,post,9,41,6,38,0.6666666666666666,0.926829268292683,4,3,35
Xin Zhao|16.3,Xin Zhao,16.3,16.2,,False,pre,0,0,0,0,,,0,0,0
Xin Zhao|16.3,Xin Zhao,16.3,16.2,,False,post,0,0,0,0,,,0,0,0
Yone|16.3,Yone,16.3,16.2,,True,pre,14,34,5,14,0.35714285714285715,0.4117647058823529,6,1,1
Yone|16.3,Yone,16.3,16.2,,True,post,20,48,15,24,0.75,0.5,6,4,10
Zaahen|16.3,Zaahen,16.3,16.2,,True,pre,15,38,9,21,0.6,0.5526315789473685,7,3,6
Zaahen|16.3,Zaahen,16.3,16.2,,True,post,16,131,10,55,0.625,0.4198473282442748,7,5,40
Zed|16.3,Zed,16.3,16.2,,True,pre,18,40,7,9,0.3888888888888889,0.225,6,3,5
Zed|16.3,Zed,16.3,16.2,,True,post,12,35,6,7,0.5,0.2,6,4,5
Ambessa|16.4,Ambessa,16.4,16.3,,False,pre,13,30,9,16,0.6923076923076923,0.5333333333333333,4,3,4
Ambessa|16.4,Ambessa,16.4,16.3,,False,post,8,24,6,21,0.75,0.875,4,3,18
Annie|16.4,Annie,16.4,16.3,,False,pre,5,7,2,2,0.4,0.2857142857142857,1,1,1
Annie|16.4,Annie,16.4,16.3,,False,post,4,6,3,4,0.75,0.6666666666666666,1,1,1
Aphelios|16.4,Aphelios,16.4,16.3,,False,pre,11,48,5,35,0.45454545454545453,0.7291666666666666,2,2,12
Aphelios|16.4,Aphelios,16.4,16.3,,False,post,5,10,3,8,0.6,0.8,2,2,7
Brand|16.4,Brand,16.4,16.3,,True,pre,11,37,8,31,0.7272727272727273,0.8378378378378378,3,3,23
Brand|16.4,Brand,16.4,16.3,,True,post,10,51,6,45,0.6,0.8823529411764706,3,3,38
Braum|16.4,Braum,16.4,16.3,,True,pre,19,72,11,42,0.5789473684210527,0.5833333333333334,9,3,11
Braum|16.4,Braum,16.4,16.3,,True,post,14,32,5,14,0.35714285714285715,0.4375,9,4,13
Camille|16.4,Camille,16.4,16.3,,False,pre,4,6,1,1,0.25,0.16666666666666666,2,1,1
Camille|16.4,Camille,16.4,16.3,,False,post,4,9,3,6,0.75,0.6666666666666666,2,1,2
Darius|16.4,Darius,16.4,16.3,,True,pre,12,39,5,6,0.4166666666666667,0.15384615384615385,6,3,4
Darius|16.4,Darius,16.4,16.3,,True,post,12,110,7,93,0.5833333333333334,0.8454545454545455,6,4,85
Fizz|16.4,Fizz,16.4,16.3,,False,pre,6,14,3,10,0.5,0.7142857142857143,3,2,5
Fizz|16.4,Fizz,16.4,16.3,,False,post,10,39,8,31,0.8,0.7948717948717948,3,3,20
Graves|16.4,Graves,16.4,16.3,,False,pre,8,21,2,4,0.25,0.19047619047619047,2,1,3
Graves|16.4,Graves,16.4,16.3,,False,post,10,21,8,18,0.8,0.8571428571428571,2,1,1
Gwen|16.4,Gwen,16.4,16.3,,False,pre,13,21,8,14,0.6153846153846154,0.6666666666666666,3,3,8
Gwen|16.4,Gwen,16.4,16.3,,False,post,9,13,7,11,0.7777777777777778,0.8461538461538461,3,3,7
Hwei|16.4,Hwei,16.4,16.3,,False,pre,3,4,1,1,0.3333333333333333,0.25,0,0,0
Hwei|16.4,Hwei,16.4,16.3,,False,post,6,11,5,10,0.8333333333333334,0.9090909090909091,0,0,0
Illaoi|16.4,Illaoi,16.4,16.3,,False,pre,3,4,0,0,0.0,0.0,0,0,0
Illaoi|16.4,Illaoi,16.4,16.3,,False,post,5,10,3,4,0.6,0.4,0,0,0
Jinx|16.4,Jinx,16.4,16.3,,True,pre,21,57,11,36,0.5238095238095238,0.631578947368421,7,4,21
Jinx|16.4,Jinx,16.4,16.3,,True,post,16,62,11,29,0.6875,0.46774193548387094,7,6,15
Kassadin|16.4,Kassadin,16.4,16.3,,False,pre,7,24,3,6,0.42857142857142855,0.25,1,0,0
Kassadin|16.4,Kassadin,16.4,16.3,,False,post,2,3,1,2,0.5,0.6666666666666666,1,0,0
Kayle|16.4,Kayle,16.4,16.3,,False,pre,11,25,8,22,0.7272727272727273,0.88,0,0,0
Kayle|16.4,Kayle,16.4,16.3,,False,post,6,8,5,7,0.8333333333333334,0.875,0,0,0
Kennen|16.4,Kennen,16.4,16.3,,False,pre,5,14,3,3,0.6,0.21428571428571427,1,0,0
Kennen|16.4,Kennen,16.4,16.3,,False,post,2,8,1,5,0.5,0.625,1,0,0
Lee Sin|16.4,Lee Sin,16.4,16.3,,False,pre,0,0,0,0,,,0,0,0
Lee Sin|16.4,Lee Sin,16.4,16.3,,False,post,0,0,0,0,,,0,0,0
Lux|16.4,Lux,16.4,16.3,,True,pre,19,95,13,62,0.6842105263157895,0.6526315789473685,6,4,53
Lux|16.4,Lux,16.4,16.3,,True,post,20,53,17,41,0.85,0.7735849056603774,6,5,23
Maokai|16.4,Maokai,16.4,16.3,,False,pre,4,8,2,4,0.5,0.5,2,0,0
Maokai|16.4,Maokai,16.4,16.3,,False,post,7,37,5,22,0.7142857142857143,0.5945945945945946,2,2,17
Naafiri|16.4,Naafiri,16.4,16.3,,False,pre,7,12,5,10,0.7142857142857143,0.8333333333333334,3,2,7
Naafiri|16.4,Naafiri,16.4,16.3,,False,post,7,12,6,10,0.8571428571428571,0.8333333333333334,3,3,6
Qiyana|16.4,Qiyana,16.4,16.3,,False,pre,8,20,7,19,0.875,0.95,3,3,14
Qiyana|16.4,Qiyana,16.4,16.3,,False,post,5,7,5,7,1.0,1.0,3,3,4
Rengar|16.4,Rengar,16.4,16.3,,False,pre,5,19,2,12,0.4,0.631578947368421,1,1,1
Rengar|16.4,Rengar,16.4,16.3,,False,post,4,7,3,3,0.75,0.42857142857142855,1,1,1
Rumble|16.4,Rumble,16.4,16.3,,False,pre,3,25,2,23,0.6666666666666666,0.92,2,1,22
Rumble|16.4,Rumble,16.4,16.3,,False,post,2,9,1,1,0.5,0.1111111111111111,2,1,1
Ryze|16.4,Ryze,16.4,16.3,,False,pre,11,27,10,26,0.9090909090909091,0.9629629629629629,2,2,9
Ryze|16.4,Ryze,16.4,16.3,,False,post,4,4,4,4,1.0,1.0,2,2,2
Samira|16.4,Samira,16.4,16.3,,False,pre,5,6,4,5,0.8,0.8333333333333334,0,0,0
Samira|16.4,Samira,16.4,16.3,,False,post,4,4,4,4,1.0,1.0,0,0,0
Senna|16.4,Senna,16.4,16.3,,True,pre,12,26,8,11,0.6666666666666666,0.4230769230769231,6,4,7
Senna|16.4,Senna,16.4,16.3,,True,post,15,30,12,24,0.8,0.8,6,5,14
Swain|16.4,Swain,16.4,16.3,,True,pre,14,27,8,15,0.5714285714285714,0.5555555555555556,7,5,9
Swain|16.4,Swain,16.4,16.3,,True,post,12,26,8,11,0.6666666666666666,0.4230769230769231,7,5,8
Syndra|16.4,Syndra,16.4,16.3,,True,pre,11,52,8,43,0.7272727272727273,0.8269230769230769,4,3,35
Syndra|16.4,Syndra,16.4,16.3,,True,post,11,24,7,19,0.6363636363636364,0.7916666666666666,4,4,15
Teemo|16.4,Teemo,16.4,16.3,,False,pre,8,80,5,49,0.625,0.6125,4,2,46
Teemo|16.4,Teemo,16.4,16.3,,False,post,8,62,5,49,0.625,0.7903225806451613,4,2,46
Twitch|16.4,Twitch,16.4,16.3,,True,pre,10,20,5,6,0.5,0.3,4,3,4
Twitch|16.4,Twitch,16.4,16.3,,True,post,13,60,11,54,0.8461538461538461,0.9,4,3,5
Udyr|16.4,Udyr,16.4,16.3,,False,pre,4,9,1,4,0.25,0.4444444444444444,0,0,0
Udyr|16.4,Udyr,16.4,16.3,,False,post,2,12,2,12,1.0,1.0,0,0,0
Xayah|16.4,Xayah,16.4,16.3,,False,pre,7,9,3,5,0.42857142857142855,0.5555555555555556,4,2,4
Xayah|16.4,Xayah,16.4,16.3,,False,post,10,26,8,20,0.8,0.7692307692307693,4,4,15
Zac|16.4,Zac,16.4,16.3,,False,pre,5,49,4,12,0.8,0.24489795918367346,2,2,10
Zac|16.4,Zac,16.4,16.3,,False,post,6,37,3,30,0.5,0.8108108108108109,2,2,27
Akali|16.5,Akali,16.5,16.4,,True,pre,16,73,13,67,0.8125,0.9178082191780822,5,4,49
Akali|16.5,Akali,16.5,16.4,,True,post,13,24,12,22,0.9230769230769231,0.9166666666666666,5,5,12
Azir|16.5,Azir,16.5,16.4,,False,pre,2,3,1,1,0.5,0.3333333333333333,0,0,0
Azir|16.5,Azir,16.5,16.4,,False,post,2,3,0,0,0.0,0.0,0,0,0
Garen|16.5,Garen,16.5,16.4,,True,pre,10,23,5,5,0.5,0.21739130434782608,6,4,4
Garen|16.5,Garen,16.5,16.4,,True,post,20,41,17,37,0.85,0.9024390243902439,6,5,18
Lee Sin|16.5,Lee Sin,16.5,16.4,,False,pre,0,0,0,0,,,0,0,0
Lee Sin|16.5,Lee Sin,16.5,16.4,,False,post,0,0,0,0,,,0,0,0
Lillia|16.5,Lillia,16.5,16.4,,False,pre,4,5,4,5,1.0,1.0,1,1,2
Lillia|16.5,Lillia,16.5,16.4,,False,post,7,11,4,7,0.5714285714285714,0.6363636363636364,1,1,3
Mel|16.5,Mel,16.5,16.4,,False,pre,5,9,5,9,1.0,1.0,3,3,7
Mel|16.5,Mel,16.5,16.4,,False,post,11,28,9,26,0.8181818181818182,0.9285714285714286,3,3,19
Neeko|16.5,Neeko,16.5,16.4,,False,pre,10,14,5,8,0.5,0.5714285714285714,2,2,5
Neeko|16.5,Neeko,16.5,16.4,,False,post,5,7,5,7,1.0,1.0,2,2,4
Nocturne|16.5,Nocturne,16.5,16.4,,False,pre,4,12,4,12,1.0,1.0,2,2,10
Nocturne|16.5,Nocturne,16.5,16.4,,False,post,10,43,8,35,0.8,0.813953488372093,2,2,11
Orianna|16.5,Orianna,16.5,16.4,,True,pre,11,22,5,9,0.45454545454545453,0.4090909090909091,5,3,7
Orianna|16.5,Orianna,16.5,16.4,,True,post,15,115,10,108,0.6666666666666666,0.9391304347826087,5,3,89
Samira|16.5,Samira,16.5,16.4,,False,pre,4,4,4,4,1.0,1.0,1,1,1
Samira|16.5,Samira,16.5,16.4,,False,post,6,8,5,7,0.8333333333333334,0.875,1,1,1
Taliyah|16.5,Taliyah,16.5,16.4,,False,pre,2,2,2,2,1.0,1.0,0,0,0
Taliyah|16.5,Taliyah,16.5,16.4,,False,post,2,2,1,1,0.5,0.5,0,0,0
Varus|16.5,Varus,16.5,16.4,,False,pre,10,45,8,35,0.8,0.7777777777777778,4,3,23
Varus|16.5,Varus,16.5,16.4,,False,post,9,26,8,21,0.8888888888888888,0.8076923076923077,4,3,12
Volibear|16.5,Volibear,16.5,16.4,,False,pre,7,28,4,21,0.5714285714285714,0.75,1,1,10
Volibear|16.5,Volibear,16.5,16.4,,False,post,6,9,3,4,0.5,0.4444444444444444,1,1,2
Ahri|16.6,Ahri,16.6,16.5,,True,pre,20,54,11,38,0.55,0.7037037037037037,7,5,30
Ahri|16.6,Ahri,16.6,16.5,,True,post,17,45,14,23,0.8235294117647058,0.5111111111111111,7,5,7
Azir|16.6,Azir,16.6,16.5,,False,pre,2,3,0,0,0.0,0.0,1,0,0
Azir|16.6,Azir,16.6,16.5,,False,post,2,2,1,1,0.5,0.5,1,0,0
Cassiopeia|16.6,Cassiopeia,16.6,16.5,,False,pre,2,2,2,2,1.0,1.0,0,0,0
Cassiopeia|16.6,Cassiopeia,16.6,16.5,,False,post,2,3,1,2,0.5,0.6666666666666666,0,0,0
Lissandra|16.6,Lissandra,16.6,16.5,,False,pre,4,11,4,11,1.0,1.0,2,2,9
Lissandra|16.6,Lissandra,16.6,16.5,,False,post,7,24,5,22,0.7142857142857143,0.9166666666666666,2,2,18
Olaf|16.6,Olaf,16.6,16.5,,False,pre,1,2,0,0,0.0,0.0,1,0,0
Olaf|16.6,Olaf,16.6,16.5,,False,post,5,12,2,9,0.4,0.75,1,0,0
Pyke|16.6,Pyke,16.6,16.5,,False,pre,3,3,2,2,0.6666666666666666,0.6666666666666666,1,1,1
Pyke|16.6,Pyke,16.6,16.5,,False,post,9,23,6,18,0.6666666666666666,0.782608695652174,1,1,2
Shen|16.6,Shen,16.6,16.5,,True,pre,15,68,11,64,0.7333333333333333,0.9411764705882353,8,6,58
Shen|16.6,Shen,16.6,16.5,,True,post,13,60,9,53,0.6923076923076923,0.8833333333333333,8,6,50
Skarner|16.6,Skarner,16.6,16.5,,False,pre,0,0,0,0,,,0,0,0
Skarner|16.6,Skarner,16.6,16.5,,False,post,2,2,2,2,1.0,1.0,0,0,0
Tryndamere|16.6,Tryndamere,16.6,16.5,,False,pre,0,0,0,0,,,0,0,0
Tryndamere|16.6,Tryndamere,16.6,16.5,,False,post,7,20,7,18,1.0,0.9,0,0,0
Zaahen|16.6,Zaahen,16.6,16.5,,True,pre,15,54,13,42,0.8666666666666667,0.7777777777777778,7,7,21
Zaahen|16.6,Zaahen,16.6,16.5,,True,post,12,34,9,19,0.75,0.5588235294117647,7,7,17
Cassiopeia|16.7,Cassiopeia,16.7,16.6,,False,pre,2,3,1,2,0.5,0.6666666666666666,0,0,0
Cassiopeia|16.7,Cassiopeia,16.7,16.6,,False,post,2,4,1,2,0.5,0.5,0,0,0
Graves|16.7,Graves,16.7,16.6,,True,pre,12,76,12,69,1.0,0.9078947368421053,5,5,45
Graves|16.7,Graves,16.7,16.6,,True,post,11,102,9,81,0.8181818181818182,0.7941176470588235,5,5,60
Kalista|16.7,Kalista,16.7,16.6,,False,pre,1,1,1,1,1.0,1.0,0,0,0
Kalista|16.7,Kalista,16.7,16.6,,False,post,0,0,0,0,,,0,0,0
Karma|16.7,Karma,16.7,16.6,,True,pre,22,52,18,46,0.8181818181818182,0.8846153846153846,10,9,26
Karma|16.7,Karma,16.7,16.6,,True,post,19,63,16,56,0.8421052631578947,0.8888888888888888,10,10,48
Nami|16.7,Nami,16.7,16.6,,True,pre,22,144,13,67,0.5909090909090909,0.4652777777777778,11,5,24
Nami|16.7,Nami,16.7,16.6,,True,post,20,119,10,87,0.5,0.7310924369747899,11,5,74
Ornn|16.7,Ornn,16.7,16.6,,True,pre,11,41,9,18,0.8181818181818182,0.43902439024390244,5,3,3
Ornn|16.7,Ornn,16.7,16.6,,True,post,11,19,6,10,0.5454545454545454,0.5263157894736842,5,3,7
Rell|16.7,Rell,16.7,16.6,,False,pre,4,6,3,5,0.75,0.8333333333333334,2,2,4
Rell|16.7,Rell,16.7,16.6,,False,post,6,18,3,14,0.5,0.7777777777777778,2,2,13
Shyvana|16.7,Shyvana,16.7,16.6,,False,pre,15,55,11,43,0.7333333333333333,0.7818181818181819,3,2,15
Shyvana|16.7,Shyvana,16.7,16.6,,False,post,4,14,3,3,0.75,0.21428571428571427,3,2,2
Singed|16.7,Singed,16.7,16.6,,False,pre,9,20,7,15,0.7777777777777778,0.75,3,2,6
Singed|16.7,Singed,16.7,16.6,,False,post,4,4,3,3,0.75,0.75,3,2,2
Veigar|16.7,Veigar,16.7,16.6,,True,pre,12,46,10,43,0.8333333333333334,0.9347826086956522,5,4,36
Veigar|16.7,Veigar,16.7,16.6,,True,post,11,38,8,34,0.7272727272727273,0.8947368421052632,5,5,31
Dr. Mundo|16.8,Dr. Mundo,16.8,16.7,,False,pre,0,0,0,0,,,0,0,0
Dr. Mundo|16.8,Dr. Mundo,16.8,16.7,,False,post,0,0,0,0,,,0,0,0
Hwei|16.8,Hwei,16.8,16.7,,False,pre,9,32,7,30,0.7777777777777778,0.9375,5,5,28
Hwei|16.8,Hwei,16.8,16.7,,False,post,7,26,6,25,0.8571428571428571,0.9615384615384616,5,5,24
Karma|16.8,Karma,16.8,16.7,,True,pre,19,63,16,56,0.8421052631578947,0.8888888888888888,6,6,41
Karma|16.8,Karma,16.8,16.7,,True,post,12,56,8,49,0.6666666666666666,0.875,6,6,47
Lillia|16.8,Lillia,16.8,16.7,,False,pre,5,11,3,8,0.6,0.7272727272727273,2,0,0
Lillia|16.8,Lillia,16.8,16.7,,False,post,7,11,4,4,0.5714285714285714,0.36363636363636365,2,0,0
Lucian|16.8,Lucian,16.8,16.7,,False,pre,8,8,4,4,0.5,0.5,3,2,2
Lucian|16.8,Lucian,16.8,16.7,,False,post,12,18,11,17,0.9166666666666666,0.9444444444444444,3,3,6
Mel|16.8,Mel,16.8,16.7,,True,pre,13,29,11,27,0.8461538461538461,0.9310344827586207,5,5,20
Mel|16.8,Mel,16.8,16.7,,True,post,11,17,8,13,0.7272727272727273,0.7647058823529411,5,5,9
Tahm Kench|16.8,Tahm Kench,16.8,16.7,,False,pre,0,0,0,0,,,0,0,0
Tahm Kench|16.8,Tahm Kench,16.8,16.7,,False,post,0,0,0,0,,,0,0,0
Yuumi|16.8,Yuumi,16.8,16.7,,False,pre,4,15,2,9,0.5,0.6,2,1,8
Yuumi|16.8,Yuumi,16.8,16.7,,False,post,3,47,2,34,0.6666666666666666,0.723404255319149,2,1,32
Zilean|16.8,Zilean,16.8,16.7,,False,pre,6,12,3,5,0.5,0.4166666666666667,3,2,4
Zilean|16.8,Zilean,16.8,16.7,,False,post,6,14,3,6,0.5,0.42857142857142855,3,2,2
Zyra|16.8,Zyra,16.8,16.7,,False,pre,6,48,3,27,0.5,0.5625,2,1,1
Zyra|16.8,Zyra,16.8,16.7,,False,post,4,14,3,6,0.75,0.42857142857142855,2,1,4
Ambessa|16.9,Ambessa,16.9,16.8,,True,pre,13,42,9,36,0.6923076923076923,0.8571428571428571,5,3,25
Ambessa|16.9,Ambessa,16.9,16.8,,True,post,10,21,6,15,0.6,0.7142857142857143,5,4,13
Briar|16.9,Briar,16.9,16.8,,False,pre,2,5,1,4,0.5,0.8,1,1,4
Briar|16.9,Briar,16.9,16.8,,False,post,4,14,2,3,0.5,0.21428571428571427,1,1,2
Ezreal|16.9,Ezreal,16.9,16.8,,True,pre,21,51,16,33,0.7619047619047619,0.6470588235294118,12,10,22
Ezreal|16.9,Ezreal,16.9,16.8,,True,post,26,87,18,75,0.6923076923076923,0.8620689655172413,12,10,42
Gragas|16.9,Gragas,16.9,16.8,,False,pre,4,12,4,12,1.0,1.0,3,3,11
Gragas|16.9,Gragas,16.9,16.8,,False,post,5,10,5,10,1.0,1.0,3,3,8
Kennen|16.9,Kennen,16.9,16.8,,False,pre,5,6,3,3,0.6,0.5,1,0,0
Kennen|16.9,Kennen,16.9,16.8,,False,post,4,6,3,3,0.75,0.5,1,0,0
Shyvana|16.9,Shyvana,16.9,16.8,,False,pre,7,12,6,11,0.8571428571428571,0.9166666666666666,2,1,4
Shyvana|16.9,Shyvana,16.9,16.8,,False,post,6,35,2,26,0.3333333333333333,0.7428571428571429,2,1,20
Tahm Kench|16.9,Tahm Kench,16.9,16.8,,False,pre,0,0,0,0,,,0,0,0
Tahm Kench|16.9,Tahm Kench,16.9,16.8,,False,post,0,0,0,0,,,0,0,0
Taliyah|16.9,Taliyah,16.9,16.8,,False,pre,4,10,2,3,0.5,0.3,2,1,2
Taliyah|16.9,Taliyah,16.9,16.8,,False,post,5,33,4,15,0.8,0.45454545454545453,2,2,12
Teemo|16.9,Teemo,16.9,16.8,,False,pre,5,42,5,42,1.0,1.0,3,3,40
Teemo|16.9,Teemo,16.9,16.8,,False,post,24,67,17,56,0.7083333333333334,0.835820895522388,3,3,36
Udyr|16.9,Udyr,16.9,16.8,,False,pre,4,4,3,3,0.75,0.75,1,1,1
Udyr|16.9,Udyr,16.9,16.8,,False,post,4,6,1,1,0.25,0.16666666666666666,1,1,1
Warwick|16.9,Warwick,16.9,16.8,,False,pre,5,9,4,7,0.8,0.7777777777777778,3,2,5
Warwick|16.9,Warwick,16.9,16.8,,False,post,11,16,6,9,0.5454545454545454,0.5625,3,2,4
Xin Zhao|16.9,Xin Zhao,16.9,16.8,,False,pre,0,0,0,0,,,0,0,0
Xin Zhao|16.9,Xin Zhao,16.9,16.8,,False,post,0,0,0,0,,,0,0,0
Zeri|16.9,Zeri,16.9,16.8,,False,pre,5,7,3,3,0.6,0.42857142857142855,1,1,1
Zeri|16.9,Zeri,16.9,16.8,,False,post,5,10,5,10,1.0,1.0,1,1,2
Zoe|16.9,Zoe,16.9,16.8,,False,pre,3,4,2,3,0.6666666666666666,0.75,0,0,0
Zoe|16.9,Zoe,16.9,16.8,,False,post,1,1,0,0,0.0,0.0,0,0,0
Ambessa|16.10,Ambessa,16.10,16.9,,True,pre,10,21,6,15,0.6,0.7142857142857143,4,3,12
Ambessa|16.10,Ambessa,16.10,16.9,,True,post,10,16,8,14,0.8,0.875,4,4,8
Anivia|16.10,Anivia,16.10,16.9,,True,pre,10,29,6,24,0.6,0.8275862068965517,6,4,22
Anivia|16.10,Anivia,16.10,16.9,,True,post,11,99,10,85,0.9090909090909091,0.8585858585858586,6,5,53
Ashe|16.10,Ashe,16.10,16.9,,True,pre,23,64,19,52,0.8260869565217391,0.8125,11,9,28
Ashe|16.10,Ashe,16.10,16.9,,True,post,31,65,23,50,0.7419354838709677,0.7692307692307693,11,9,25
Galio|16.10,Galio,16.10,16.9,,True,pre,15,19,12,15,0.8,0.7894736842105263,8,6,8
Galio|16.10,Galio,16.10,16.9,,True,post,20,39,18,34,0.9,0.8717948717948718,8,7,15
Lee Sin|16.10,Lee Sin,16.10,16.9,,False,pre,0,0,0,0,,,0,0,0
Lee Sin|16.10,Lee Sin,16.10,16.9,,False,post,0,0,0,0,,,0,0,0
Naafiri|16.10,Naafiri,16.10,16.9,,False,pre,12,24,7,12,0.5833333333333334,0.5,3,1,3
Naafiri|16.10,Naafiri,16.10,16.9,,False,post,8,18,6,16,0.75,0.8888888888888888,3,2,6
Quinn|16.10,Quinn,16.10,16.9,,False,pre,3,5,3,5,1.0,1.0,1,1,3
Quinn|16.10,Quinn,16.10,16.9,,False,post,4,8,3,6,0.75,0.75,1,1,4
Shyvana|16.10,Shyvana,16.10,16.9,,False,pre,6,35,2,26,0.3333333333333333,0.7428571428571429,3,1,20
Shyvana|16.10,Shyvana,16.10,16.9,,False,post,10,33,6,25,0.6,0.7575757575757576,3,1,10
Wukong|16.10,Wukong,16.10,16.9,,False,pre,0,0,0,0,,,0,0,0
Wukong|16.10,Wukong,16.10,16.9,,False,post,0,0,0,0,,,0,0,0
Zed|16.10,Zed,16.10,16.9,,True,pre,12,47,10,45,0.8333333333333334,0.9574468085106383,7,7,29
Zed|16.10,Zed,16.10,16.9,,True,post,14,48,12,46,0.8571428571428571,0.9583333333333334,7,7,36
Zeri|16.10,Zeri,16.10,16.9,,False,pre,5,10,5,10,1.0,1.0,1,1,5
Zeri|16.10,Zeri,16.10,16.9,,False,post,5,11,2,3,0.4,0.2727272727272727,1,1,1
Brand|16.11,Brand,16.11,16.10,,True,pre,23,56,15,36,0.6521739130434783,0.6428571428571429,7,6,20
Brand|16.11,Brand,16.11,16.10,,True,post,16,39,11,17,0.6875,0.4358974358974359,7,6,12
Diana|16.11,Diana,16.11,16.10,,True,pre,13,41,10,26,0.7692307692307693,0.6341463414634146,5,3,15
Diana|16.11,Diana,16.11,16.10,,True,post,19,101,16,96,0.8421052631578947,0.9504950495049505,5,3,59
Ekko|16.11,Ekko,16.11,16.10,,False,pre,9,117,8,86,0.8888888888888888,0.7350427350427351,6,6,84
Ekko|16.11,Ekko,16.11,16.10,,False,post,16,82,14,80,0.875,0.975609756097561,6,6,67
Heimerdinger|16.11,Heimerdinger,16.11,16.10,,False,pre,6,19,3,3,0.5,0.15789473684210525,3,1,1
Heimerdinger|16.11,Heimerdinger,16.11,16.10,,False,post,7,49,4,34,0.5714285714285714,0.6938775510204082,3,2,32
Kassadin|16.11,Kassadin,16.11,16.10,,False,pre,4,6,3,3,0.75,0.5,0,0,0
Kassadin|16.11,Kassadin,16.11,16.10,,False,post,4,6,3,4,0.75,0.6666666666666666,0,0,0
Quinn|16.11,Quinn,16.11,16.10,,False,pre,4,8,3,6,0.75,0.75,1,0,0
Quinn|16.11,Quinn,16.11,16.10,,False,post,2,3,2,3,1.0,1.0,1,1,2
Smolder|16.11,Smolder,16.11,16.10,,True,pre,45,121,34,91,0.7555555555555555,0.7520661157024794,14,12,46
Smolder|16.11,Smolder,16.11,16.10,,True,post,26,60,19,41,0.7307692307692307,0.6833333333333333,14,12,25
Teemo|16.11,Teemo,16.11,16.10,,True,pre,21,109,14,68,0.6666666666666666,0.6238532110091743,9,6,46
Teemo|16.11,Teemo,16.11,16.10,,True,post,19,90,14,66,0.7368421052631579,0.7333333333333333,9,8,56
Xin Zhao|16.11,Xin Zhao,16.11,16.10,,False,pre,0,0,0,0,,,0,0,0
Xin Zhao|16.11,Xin Zhao,16.11,16.10,,False,post,0,0,0,0,,,0,0,0
Aatrox|16.12,Aatrox,16.12,16.11,,True,pre,14,25,13,24,0.9285714285714286,0.96,6,6,12
Aatrox|16.12,Aatrox,16.12,16.11,,True,post,13,47,11,45,0.8461538461538461,0.9574468085106383,6,6,40
Gwen|16.12,Gwen,16.12,16.11,,False,pre,8,8,7,7,0.875,0.875,3,3,3
Gwen|16.12,Gwen,16.12,16.11,,False,post,5,11,5,11,1.0,1.0,3,3,9
Hwei|16.12,Hwei,16.12,16.11,,False,pre,9,34,8,33,0.8888888888888888,0.9705882352941176,6,6,31
Hwei|16.12,Hwei,16.12,16.11,,False,post,12,34,11,33,0.9166666666666666,0.9705882352941176,6,6,26
Jax|16.12,Jax,16.12,16.11,,True,pre,15,50,13,47,0.8666666666666667,0.94,6,5,31
Jax|16.12,Jax,16.12,16.11,,True,post,12,54,9,48,0.75,0.8888888888888888,6,5,37
Lee Sin|16.12,Lee Sin,16.12,16.11,,False,pre,0,0,0,0,,,0,0,0
Lee Sin|16.12,Lee Sin,16.12,16.11,,False,post,0,0,0,0,,,0,0,0
Nocturne|16.12,Nocturne,16.12,16.11,,True,pre,13,38,12,36,0.9230769230769231,0.9473684210526315,5,4,16
Nocturne|16.12,Nocturne,16.12,16.11,,True,post,12,38,9,31,0.75,0.8157894736842105,5,4,20
Orianna|16.12,Orianna,16.12,16.11,,True,pre,12,47,12,47,1.0,1.0,5,5,35
Orianna|16.12,Orianna,16.12,16.11,,True,post,12,40,11,27,0.9166666666666666,0.675,5,5,19
Ryze|16.12,Ryze,16.12,16.11,,False,pre,2,7,2,7,1.0,1.0,1,1,6
Ryze|16.12,Ryze,16.12,16.11,,False,post,9,22,8,21,0.8888888888888888,0.9545454545454546,1,1,5
Sylas|16.12,Sylas,16.12,16.11,,True,pre,15,38,13,36,0.8666666666666667,0.9473684210526315,8,7,30
Sylas|16.12,Sylas,16.12,16.11,,True,post,28,90,21,82,0.75,0.9111111111111111,8,7,61
Syndra|16.12,Syndra,16.12,16.11,,False,pre,9,23,9,23,1.0,1.0,2,2,13
Syndra|16.12,Syndra,16.12,16.11,,False,post,14,43,10,30,0.7142857142857143,0.6976744186046512,2,2,6
Tristana|16.12,Tristana,16.12,16.11,,False,pre,6,9,5,8,0.8333333333333334,0.8888888888888888,2,1,3
Tristana|16.12,Tristana,16.12,16.11,,False,post,12,43,8,28,0.6666666666666666,0.6511627906976745,2,1,2
Varus|16.12,Varus,16.12,16.11,,False,pre,8,16,5,13,0.625,0.8125,5,3,5
Varus|16.12,Varus,16.12,16.11,,False,post,7,34,6,32,0.8571428571428571,0.9411764705882353,5,5,30
Xin Zhao|16.12,Xin Zhao,16.12,16.11,,False,pre,0,0,0,0,,,0,0,0
Xin Zhao|16.12,Xin Zhao,16.12,16.11,,False,post,0,0,0,0,,,0,0,0
Yuumi|16.12,Yuumi,16.12,16.11,,False,pre,5,12,5,11,1.0,0.9166666666666666,1,1,1
Yuumi|16.12,Yuumi,16.12,16.11,,False,post,8,10,6,8,0.75,0.8,1,1,1
Aphelios|16.13,Aphelios,16.13,16.12,,False,pre,8,15,6,11,0.75,0.7333333333333333,4,4,8
Aphelios|16.13,Aphelios,16.13,16.12,,False,post,10,57,8,52,0.8,0.9122807017543859,4,4,36
Bard|16.13,Bard,16.13,16.12,,True,pre,10,30,6,20,0.6,0.6666666666666666,5,3,14
Bard|16.13,Bard,16.13,16.12,,True,post,14,111,11,87,0.7857142857142857,0.7837837837837838,5,4,9
Brand|16.13,Brand,16.13,16.12,,True,pre,23,73,16,41,0.6956521739130435,0.5616438356164384,9,7,30
Brand|16.13,Brand,16.13,16.12,,True,post,25,93,21,86,0.84,0.9247311827956989,9,8,50
Cassiopeia|16.13,Cassiopeia,16.13,16.12,,False,pre,5,10,5,10,1.0,1.0,2,2,6
Cassiopeia|16.13,Cassiopeia,16.13,16.12,,False,post,2,8,2,8,1.0,1.0,2,2,8
Draven|16.13,Draven,16.13,16.12,,False,pre,8,106,8,94,1.0,0.8867924528301887,7,7,90
Draven|16.13,Draven,16.13,16.12,,False,post,17,158,15,155,0.8823529411764706,0.9810126582278481,7,7,141
K'Sante|16.13,K'Sante,16.13,16.12,,False,pre,0,0,0,0,,,0,0,0
K'Sante|16.13,K'Sante,16.13,16.12,,False,post,0,0,0,0,,,0,0,0
Kai'Sa|16.13,Kai'Sa,16.13,16.12,,False,pre,0,0,0,0,,,0,0,0
Kai'Sa|16.13,Kai'Sa,16.13,16.12,,False,post,0,0,0,0,,,0,0,0
LeBlanc|16.13,LeBlanc,16.13,16.12,,False,pre,0,0,0,0,,,0,0,0
LeBlanc|16.13,LeBlanc,16.13,16.12,,False,post,0,0,0,0,,,0,0,0
Olaf|16.13,Olaf,16.13,16.12,,False,pre,7,10,5,5,0.7142857142857143,0.5,1,1,1
Olaf|16.13,Olaf,16.13,16.12,,False,post,9,18,8,16,0.8888888888888888,0.8888888888888888,1,1,1
Poppy|16.13,Poppy,16.13,16.12,,False,pre,5,22,5,22,1.0,1.0,2,2,19
Poppy|16.13,Poppy,16.13,16.12,,False,post,20,55,19,54,0.95,0.9818181818181818,2,2,29
Qiyana|16.13,Qiyana,16.13,16.12,,False,pre,6,18,5,8,0.8333333333333334,0.4444444444444444,3,3,6
Qiyana|16.13,Qiyana,16.13,16.12,,False,post,5,39,5,39,1.0,1.0,3,3,35
Rek'Sai|16.13,Rek'Sai,16.13,16.12,,False,pre,0,0,0,0,,,0,0,0
Rek'Sai|16.13,Rek'Sai,16.13,16.12,,False,post,0,0,0,0,,,0,0,0
Rumble|16.13,Rumble,16.13,16.12,,False,pre,6,7,6,7,1.0,1.0,2,2,3
Rumble|16.13,Rumble,16.13,16.12,,False,post,8,14,4,9,0.5,0.6428571428571429,2,2,6
Senna|16.13,Senna,16.13,16.12,,True,pre,34,111,28,87,0.8235294117647058,0.7837837837837838,17,12,59
Senna|16.13,Senna,16.13,16.12,,True,post,43,173,37,107,0.8604651162790697,0.6184971098265896,17,15,55
Sion|16.13,Sion,16.13,16.12,,True,pre,13,33,8,21,0.6153846153846154,0.6363636363636364,3,3,16
Sion|16.13,Sion,16.13,16.12,,True,post,14,33,12,30,0.8571428571428571,0.9090909090909091,3,3,20
Vex|16.13,Vex,16.13,16.12,,False,pre,5,55,4,54,0.8,0.9818181818181818,3,3,53
Vex|16.13,Vex,16.13,16.12,,False,post,7,67,6,66,0.8571428571428571,0.9850746268656716,3,3,62
Zaahen|16.13,Zaahen,16.13,16.12,,False,pre,8,11,5,7,0.625,0.6363636363636364,3,1,3
Zaahen|16.13,Zaahen,16.13,16.12,,False,post,7,12,4,9,0.5714285714285714,0.75,3,2,4
Azir|16.14,Azir,16.14,16.13,,False,pre,6,51,5,21,0.8333333333333334,0.4117647058823529,5,4,20
Azir|16.14,Azir,16.14,16.13,,False,post,7,66,6,40,0.8571428571428571,0.6060606060606061,5,5,39
Corki|16.14,Corki,16.14,16.13,,False,pre,5,10,5,10,1.0,1.0,2,2,6
Corki|16.14,Corki,16.14,16.13,,False,post,7,16,5,12,0.7142857142857143,0.75,2,2,2
Garen|16.14,Garen,16.14,16.13,,True,pre,31,60,26,48,0.8387096774193549,0.8,10,6,18
Garen|16.14,Garen,16.14,16.13,,True,post,15,51,13,49,0.8666666666666667,0.9607843137254902,10,8,29
Jayce|16.14,Jayce,16.14,16.13,,True,pre,11,30,9,27,0.8181818181818182,0.9,5,5,15
Jayce|16.14,Jayce,16.14,16.13,,True,post,15,29,15,29,1.0,1.0,5,5,5
Locke|16.14,Locke,16.14,16.13,,True,pre,31,182,25,136,0.8064516129032258,0.7472527472527473,12,10,64
Locke|16.14,Locke,16.14,16.13,,True,post,20,63,17,51,0.85,0.8095238095238095,12,10,40
Mordekaiser|16.14,Mordekaiser,16.14,16.13,,True,pre,16,35,13,28,0.8125,0.8,9,8,23
Mordekaiser|16.14,Mordekaiser,16.14,16.13,,True,post,29,80,23,70,0.7931034482758621,0.875,9,8,34
Nami|16.14,Nami,16.14,16.13,,True,pre,17,144,15,136,0.8823529411764706,0.9444444444444444,7,7,122
Nami|16.14,Nami,16.14,16.13,,True,post,13,108,11,104,0.8461538461538461,0.9629629629629629,7,7,98
Senna|16.14,Senna,16.14,16.13,,True,pre,43,173,37,107,0.8604651162790697,0.6184971098265896,10,9,52
Senna|16.14,Senna,16.14,16.13,,True,post,27,76,25,74,0.9259259259259259,0.9736842105263158,10,10,38
Seraphine|16.14,Seraphine,16.14,16.13,,True,pre,48,144,36,120,0.75,0.8333333333333334,21,17,91
Seraphine|16.14,Seraphine,16.14,16.13,,True,post,29,77,25,70,0.8620689655172413,0.9090909090909091,21,18,62
Yunara|16.14,Yunara,16.14,16.13,,True,pre,15,39,12,32,0.8,0.8205128205128205,7,5,15
Yunara|16.14,Yunara,16.14,16.13,,True,post,14,51,9,36,0.6428571428571429,0.7058823529411765,7,6,25
Alistar|16.15,Alistar,16.15,16.14,,True,pre,10,28,8,20,0.8,0.7142857142857143,5,5,16
Alistar|16.15,Alistar,16.15,16.14,,True,post,12,35,12,35,1.0,1.0,5,5,24
Bel'Veth|16.15,Bel'Veth,16.15,16.14,,False,pre,0,0,0,0,,,0,0,0
Bel'Veth|16.15,Bel'Veth,16.15,16.14,,False,post,0,0,0,0,,,0,0,0
Kai'Sa|16.15,Kai'Sa,16.15,16.14,,False,pre,0,0,0,0,,,0,0,0
Kai'Sa|16.15,Kai'Sa,16.15,16.14,,False,post,0,0,0,0,,,0,0,0
Locke|16.15,Locke,16.15,16.14,,True,pre,20,63,17,51,0.85,0.8095238095238095,9,7,31
Locke|16.15,Locke,16.15,16.14,,True,post,17,63,13,53,0.7647058823529411,0.8412698412698413,9,8,48
Maokai|16.15,Maokai,16.15,16.14,,False,pre,4,11,4,11,1.0,1.0,1,1,6
Maokai|16.15,Maokai,16.15,16.14,,False,post,8,16,7,14,0.875,0.875,1,1,6
Mordekaiser|16.15,Mordekaiser,16.15,16.14,,True,pre,29,80,23,70,0.7931034482758621,0.875,8,7,30
Mordekaiser|16.15,Mordekaiser,16.15,16.14,,True,post,18,30,17,29,0.9444444444444444,0.9666666666666667,8,7,15
Naafiri|16.15,Naafiri,16.15,16.14,,False,pre,11,22,11,22,1.0,1.0,3,3,12
Naafiri|16.15,Naafiri,16.15,16.14,,False,post,8,32,7,30,0.875,0.9375,3,3,23
Riven|16.15,Riven,16.15,16.14,,False,pre,9,58,9,58,1.0,1.0,3,3,50
Riven|16.15,Riven,16.15,16.14,,False,post,7,49,5,46,0.7142857142857143,0.9387755102040817,3,3,44
Sylas|16.15,Sylas,16.15,16.14,,True,pre,37,79,33,71,0.8918918918918919,0.8987341772151899,15,14,45
Sylas|16.15,Sylas,16.15,16.14,,True,post,32,71,29,65,0.90625,0.9154929577464789,15,15,45
Volibear|16.15,Volibear,16.15,16.14,,False,pre,9,28,8,25,0.8888888888888888,0.8928571428571429,5,4,16
Volibear|16.15,Volibear,16.15,16.14,,False,post,10,28,9,27,0.9,0.9642857142857143,5,4,20
Zac|16.15,Zac,16.15,16.14,,False,pre,7,83,7,83,1.0,1.0,5,5,81
Zac|16.15,Zac,16.15,16.14,,False,post,7,100,6,97,0.8571428571428571,0.97,5,5,94
Azir|16.16,Azir,16.16,16.15,,False,pre,6,111,6,111,1.0,1.0,3,3,106
Azir|16.16,Azir,16.16,16.15,,False,post,9,68,8,65,0.8888888888888888,0.9558823529411765,3,3,54
Bel'Veth|16.16,Bel'Veth,16.16,16.15,,False,pre,0,0,0,0,,,0,0,0
Bel'Veth|16.16,Bel'Veth,16.16,16.15,,False,post,0,0,0,0,,,0,0,0
Camille|16.16,Camille,16.16,16.15,,True,pre,16,51,14,48,0.875,0.9411764705882353,6,6,19
Camille|16.16,Camille,16.16,16.15,,True,post,14,32,14,32,1.0,1.0,6,6,22
Gwen|16.16,Gwen,16.16,16.15,,False,pre,2,7,2,7,1.0,1.0,1,1,6
Gwen|16.16,Gwen,16.16,16.15,,False,post,9,24,8,21,0.8888888888888888,0.875,1,1,5
Kennen|16.16,Kennen,16.16,16.15,,False,pre,2,2,2,2,1.0,1.0,0,0,0
Kennen|16.16,Kennen,16.16,16.15,,False,post,5,8,3,4,0.6,0.5,0,0,0
Nasus|16.16,Nasus,16.16,16.15,,True,pre,20,41,19,40,0.95,0.975609756097561,11,10,21
Nasus|16.16,Nasus,16.16,16.15,,True,post,38,93,33,87,0.868421052631579,0.9354838709677419,11,11,36
Poppy|16.16,Poppy,16.16,16.15,,True,pre,10,18,10,18,1.0,1.0,5,5,13
Poppy|16.16,Poppy,16.16,16.15,,True,post,15,48,15,48,1.0,1.0,5,5,17
Aurelion Sol|16.17,Aurelion Sol,16.17,16.16,,False,pre,0,0,0,0,,,0,0,0
Aurelion Sol|16.17,Aurelion Sol,16.17,16.16,,False,post,0,0,0,0,,,0,0,0
Cho'Gath|16.17,Cho'Gath,16.17,16.16,,False,pre,0,0,0,0,,,0,0,0
Cho'Gath|16.17,Cho'Gath,16.17,16.16,,False,post,0,0,0,0,,,0,0,0
Graves|16.17,Graves,16.17,16.16,,True,pre,24,65,18,41,0.75,0.6307692307692307,12,9,31
Graves|16.17,Graves,16.17,16.16,,True,post,20,106,15,61,0.75,0.5754716981132075,12,9,36
Irelia|16.17,Irelia,16.17,16.16,,True,pre,10,105,9,103,0.9,0.9809523809523809,5,5,97
Irelia|16.17,Irelia,16.17,16.16,,True,post,14,81,13,80,0.9285714285714286,0.9876543209876543,5,5,67
LeBlanc|16.17,LeBlanc,16.17,16.16,,False,pre,0,0,0,0,,,0,0,0
LeBlanc|16.17,LeBlanc,16.17,16.16,,False,post,0,0,0,0,,,0,0,0
Nasus|16.17,Nasus,16.17,16.16,,True,pre,38,93,33,87,0.868421052631579,0.9354838709677419,15,14,36
Nasus|16.17,Nasus,16.17,16.16,,True,post,31,72,29,70,0.9354838709677419,0.9722222222222222,15,15,42
Nocturne|16.17,Nocturne,16.17,16.16,,True,pre,20,86,16,81,0.8,0.9418604651162791,6,6,65
Nocturne|16.17,Nocturne,16.17,16.16,,True,post,15,92,13,89,0.8666666666666667,0.967391304347826,6,6,81
Qiyana|16.17,Qiyana,16.17,16.16,,False,pre,9,204,7,164,0.7777777777777778,0.803921568627451,5,5,162
Qiyana|16.17,Qiyana,16.17,16.16,,False,post,13,223,12,220,0.9230769230769231,0.9865470852017937,5,5,198
Thresh|16.17,Thresh,16.17,16.16,,True,pre,20,41,17,38,0.85,0.926829268292683,7,7,18
Thresh|16.17,Thresh,16.17,16.16,,True,post,18,29,16,27,0.8888888888888888,0.9310344827586207,7,7,14
Trundle|16.17,Trundle,16.17,16.16,,False,pre,5,5,4,4,0.8,0.8,2,2,2
Trundle|16.17,Trundle,16.17,16.16,,False,post,4,9,4,9,1.0,1.0,2,2,7
Vayne|16.17,Vayne,16.17,16.16,,True,pre,17,45,15,33,0.8823529411764706,0.7333333333333333,4,4,13
Vayne|16.17,Vayne,16.17,16.16,,True,post,10,32,9,29,0.9,0.90625,4,4,12
Xerath|16.17,Xerath,16.17,16.16,,True,pre,17,45,17,45,1.0,1.0,7,7,30
Xerath|16.17,Xerath,16.17,16.16,,True,post,18,41,18,41,1.0,1.0,7,7,24
Yasuo|16.17,Yasuo,16.17,16.16,,True,pre,23,100,22,96,0.9565217391304348,0.96,13,12,73
Yasuo|16.17,Yasuo,16.17,16.16,,True,post,28,153,26,145,0.9285714285714286,0.9477124183006536,13,13,109
Yone|16.17,Yone,16.17,16.16,,True,pre,20,56,19,51,0.95,0.9107142857142857,12,11,43
Yone|16.17,Yone,16.17,16.16,,True,post,28,91,26,86,0.9285714285714286,0.945054945054945,12,11,58
