event_id,champion,patch,eligible_pre_matches,eligible_post_matches,eligible_pre_users,eligible_post_users,standardized_pre,standardized_post,prediction_in_unit_interval,pre_outcome_all_same,post_outcome_all_same,separated_event_period_cells,converged,iterations,ridge_penalty,negative_log_likelihood_penalized,mean_log_loss,brier_score,min_predicted_probability,max_predicted_probability,max_absolute_coefficient,gradient_max_abs,model_rows,model_parameters
Aatrox|16.12,Aatrox,16.12,24,45,13,11,0.4583333593681249,0.5786328327898096,True,False,False,0,True,15,1e-06,5792.920822596843,0.6813597453134658,0.24434592394626622,1.5480541718066008e-06,0.9999936847436985,13.616285366408219,9.245278248688956e-11,8502,203
Ahri|16.3,Ahri,16.3,20,37,12,11,0.5000000167916439,0.5969817447568414,True,False,False,0,True,15,1e-06,5792.920822596843,0.6813597453134658,0.24434592394626622,1.5480541718066008e-06,0.9999936847436985,13.616285366408219,9.245278248688956e-11,8502,203
Ahri|16.6,Ahri,16.6,38,23,11,14,0.6052631211053625,0.3887443648397261,True,False,False,0,True,15,1e-06,5792.920822596843,0.6813597453134658,0.24434592394626622,1.5480541718066008e-06,0.9999936847436985,13.616285366408219,9.245278248688956e-11,8502,203
Akali|16.5,Akali,16.5,67,22,13,12,0.5223880556200742,0.49624791146864766,True,False,False,0,True,15,1e-06,5792.920822596843,0.6813597453134658,0.24434592394626622,1.5480541718066008e-06,0.9999936847436985,13.616285366408219,9.245278248688956e-11,8502,203
Alistar|16.15,Alistar,16.15,20,35,8,12,0.5499999941465219,0.5703102940711453,True,False,False,0,True,15,1e-06,5792.920822596843,0.6813597453134658,0.24434592394626622,1.5480541718066008e-06,0.9999936847436985,13.616285366408219,9.245278248688956e-11,8502,203
Ambessa|16.10,Ambessa,16.10,15,14,6,8,0.4666667016626747,0.5782760261455415,True,False,False,0,True,15,1e-06,5792.920822596843,0.6813597453134658,0.24434592394626622,1.5480541718066008e-06,0.9999936847436985,13.616285366408219,9.245278248688956e-11,8502,203
Ambessa|16.9,Ambessa,16.9,36,15,9,6,0.4166666788212128,0.46134055007568847,True,False,False,0,True,15,1e-06,5792.920822596843,0.6813597453134658,0.24434592394626622,1.5480541718066008e-06,0.9999936847436985,13.616285366408219,9.245278248688956e-11,8502,203
Anivia|16.10,Anivia,16.10,24,85,6,10,0.5416666498287394,0.5101346581247054,True,False,False,0,True,15,1e-06,5792.920822596843,0.6813597453134658,0.24434592394626622,1.5480541718066008e-06,0.9999936847436985,13.616285366408219,9.245278248688956e-11,8502,203
Aphelios|16.1,Aphelios,16.1,18,68,4,10,0.55555552568965,0.4602137761947885,True,False,False,0,True,15,1e-06,5792.920822596843,0.6813597453134658,0.24434592394626622,1.5480541718066008e-06,0.9999936847436985,13.616285366408219,9.245278248688956e-11,8502,203
Ashe|16.10,Ashe,16.10,52,50,19,23,0.5961538278546249,0.4466050153153781,True,False,False,0,True,15,1e-06,5792.920822596843,0.6813597453134658,0.24434592394626622,1.5480541718066008e-06,0.9999936847436985,13.616285366408219,9.245278248688956e-11,8502,203
Bard|16.13,Bard,16.13,20,87,6,11,0.4500000224359586,0.5117843859228357,True,False,False,0,True,15,1e-06,5792.920822596843,0.6813597453134658,0.24434592394626622,1.5480541718066008e-06,0.9999936847436985,13.616285366408219,9.245278248688956e-11,8502,203
Brand|16.11,Brand,16.11,36,17,15,11,0.49999997324034406,0.2860730806807835,True,False,False,0,True,15,1e-06,5792.920822596843,0.6813597453134658,0.24434592394626622,1.5480541718066008e-06,0.9999936847436985,13.616285366408219,9.245278248688956e-11,8502,203
Brand|16.13,Brand,16.13,41,86,16,21,0.48780488265970495,0.5156011696883369,True,False,False,0,True,15,1e-06,5792.920822596843,0.6813597453134658,0.24434592394626622,1.5480541718066008e-06,0.9999936847436985,13.616285366408219,9.245278248688956e-11,8502,203
Brand|16.4,Brand,16.4,31,45,8,6,0.5483870987214073,0.6012559149295551,True,False,False,0,True,15,1e-06,5792.920822596843,0.6813597453134658,0.24434592394626622,1.5480541718066008e-06,0.9999936847436985,13.616285366408219,9.245278248688956e-11,8502,203
Braum|16.3,Braum,16.3,18,42,9,11,0.5555555468975567,0.5813733103640661,True,False,False,0,True,15,1e-06,5792.920822596843,0.6813597453134658,0.24434592394626622,1.5480541718066008e-06,0.9999936847436985,13.616285366408219,9.245278248688956e-11,8502,203
Braum|16.4,Braum,16.4,42,14,11,5,0.5952380710533545,0.43460250008490076,True,False,False,0,True,15,1e-06,5792.920822596843,0.6813597453134658,0.24434592394626622,1.5480541718066008e-06,0.9999936847436985,13.616285366408219,9.245278248688956e-11,8502,203
Caitlyn|16.1,Caitlyn,16.1,62,45,15,17,0.4838709648363489,0.416052849748172,True,False,False,0,True,15,1e-06,5792.920822596843,0.6813597453134658,0.24434592394626622,1.5480541718066008e-06,0.9999936847436985,13.616285366408219,9.245278248688956e-11,8502,203
Camille|16.16,Camille,16.16,48,32,14,14,0.4791666664588199,0.4455069021642231,True,False,False,0,True,15,1e-06,5792.920822596843,0.6813597453134658,0.24434592394626622,1.5480541718066008e-06,0.9999936847436985,13.616285366408219,9.245278248688956e-11,8502,203
Darius|16.4,Darius,16.4,6,93,5,7,0.6666664696577148,0.5539025438466879,True,False,False,0,True,15,1e-06,5792.920822596843,0.6813597453134658,0.24434592394626622,1.5480541718066008e-06,0.9999936847436985,13.616285366408219,9.245278248688956e-11,8502,203
Diana|16.11,Diana,16.11,26,96,10,16,0.6538460982787248,0.4993836554657947,True,False,False,0,True,15,1e-06,5792.920822596843,0.6813597453134658,0.24434592394626622,1.5480541718066008e-06,0.9999936847436985,13.616285366408219,9.245278248688956e-11,8502,203
Diana|16.3,Diana,16.3,85,12,20,7,0.4588235278020314,0.40941144821835884,True,False,False,0,True,15,1e-06,5792.920822596843,0.6813597453134658,0.24434592394626622,1.5480541718066008e-06,0.9999936847436985,13.616285366408219,9.245278248688956e-11,8502,203
Ekko|16.3,Ekko,16.3,24,9,11,8,0.4583333501277948,0.553217962263804,True,False,False,0,True,15,1e-06,5792.920822596843,0.6813597453134658,0.24434592394626622,1.5480541718066008e-06,0.9999936847436985,13.616285366408219,9.245278248688956e-11,8502,203
Ezreal|16.3,Ezreal,16.3,8,21,6,9,0.37500009902307757,0.45786017168696835,True,False,False,0,True,15,1e-06,5792.920822596843,0.6813597453134658,0.24434592394626622,1.5480541718066008e-06,0.9999936847436985,13.616285366408219,9.245278248688956e-11,8502,203
Ezreal|16.9,Ezreal,16.9,33,75,16,18,0.5454545321944146,0.48047283605976315,True,False,False,0,True,15,1e-06,5792.920822596843,0.6813597453134658,0.24434592394626622,1.5480541718066008e-06,0.9999936847436985,13.616285366408219,9.245278248688956e-11,8502,203
Galio|16.10,Galio,16.10,15,34,12,18,0.4666666501655818,0.38643724803997576,True,False,False,0,True,15,1e-06,5792.920822596843,0.6813597453134658,0.24434592394626622,1.5480541718066008e-06,0.9999936847436985,13.616285366408219,9.245278248688956e-11,8502,203
Garen|16.1,Garen,16.1,34,17,11,10,0.44117647730419196,0.4618239472817629,True,False,False,0,True,15,1e-06,5792.920822596843,0.6813597453134658,0.24434592394626622,1.5480541718066008e-06,0.9999936847436985,13.616285366408219,9.245278248688956e-11,8502,203
Garen|16.14,Garen,16.14,48,49,26,13,0.4166666776526495,0.472716443772905,True,False,False,0,True,15,1e-06,5792.920822596843,0.6813597453134658,0.24434592394626622,1.5480541718066008e-06,0.9999936847436985,13.616285366408219,9.245278248688956e-11,8502,203
Garen|16.5,Garen,16.5,5,37,5,17,0.5999997635528547,0.4148963494248378,True,False,False,0,True,15,1e-06,5792.920822596843,0.6813597453134658,0.24434592394626622,1.5480541718066008e-06,0.9999936847436985,13.616285366408219,9.245278248688956e-11,8502,203
Graves|16.17,Graves,16.17,41,61,18,15,0.5609755949461964,0.5119660310074343,True,False,False,0,True,15,1e-06,5792.920822596843,0.6813597453134658,0.24434592394626622,1.5480541718066008e-06,0.9999936847436985,13.616285366408219,9.245278248688956e-11,8502,203
Graves|16.7,Graves,16.7,69,81,12,9,0.49275361740875273,0.433473310553895,True,False,False,0,True,15,1e-06,5792.920822596843,0.6813597453134658,0.24434592394626622,1.5480541718066008e-06,0.9999936847436985,13.616285366408219,9.245278248688956e-11,8502,203
Gwen|16.2,Gwen,16.2,42,12,12,5,0.5952380640596661,0.40627670913132785,True,False,False,0,True,15,1e-06,5792.920822596843,0.6813597453134658,0.24434592394626622,1.5480541718066008e-06,0.9999936847436985,13.616285366408219,9.245278248688956e-11,8502,203
Irelia|16.17,Irelia,16.17,103,80,9,13,0.5242718467978824,0.5602295856757166,True,False,False,0,True,15,1e-06,5792.920822596843,0.6813597453134658,0.24434592394626622,1.5480541718066008e-06,0.9999936847436985,13.616285366408219,9.245278248688956e-11,8502,203
Jax|16.1,Jax,16.1,83,34,13,13,0.6024096252069412,0.44593456502562356,True,False,False,0,True,15,1e-06,5792.920822596843,0.6813597453134658,0.24434592394626622,1.5480541718066008e-06,0.9999936847436985,13.616285366408219,9.245278248688956e-11,8502,203
Jax|16.12,Jax,16.12,47,48,13,9,0.5531914960234185,0.6604980312961028,True,False,False,0,True,15,1e-06,5792.920822596843,0.6813597453134658,0.24434592394626622,1.5480541718066008e-06,0.9999936847436985,13.616285366408219,9.245278248688956e-11,8502,203
Jayce|16.14,Jayce,16.14,27,29,9,15,0.5555555019366137,0.28801068001346397,True,False,False,0,True,15,1e-06,5792.920822596843,0.6813597453134658,0.24434592394626622,1.5480541718066008e-06,0.9999936847436985,13.616285366408219,9.245278248688956e-11,8502,203
Jhin|16.1,Jhin,16.1,51,45,15,12,0.49019607342990057,0.40775412319409554,True,False,False,0,True,15,1e-06,5792.920822596843,0.6813597453134658,0.24434592394626622,1.5480541718066008e-06,0.9999936847436985,13.616285366408219,9.245278248688956e-11,8502,203
Jinx|16.1,Jinx,16.1,26,15,10,9,0.5000000063476849,0.5373921752276044,True,False,False,0,True,15,1e-06,5792.920822596843,0.6813597453134658,0.24434592394626622,1.5480541718066008e-06,0.9999936847436985,13.616285366408219,9.245278248688956e-11,8502,203
Jinx|16.4,Jinx,16.4,36,29,11,11,0.4166666707370262,0.35567270271063706,True,False,False,0,True,15,1e-06,5792.920822596843,0.6813597453134658,0.24434592394626622,1.5480541718066008e-06,0.9999936847436985,13.616285366408219,9.245278248688956e-11,8502,203
Karma|16.7,Karma,16.7,46,56,18,16,0.499999998325508,0.47366238027940716,True,False,False,0,True,15,1e-06,5792.920822596843,0.6813597453134658,0.24434592394626622,1.5480541718066008e-06,0.9999936847436985,13.616285366408219,9.245278248688956e-11,8502,203
Karma|16.8,Karma,16.8,56,49,16,8,0.4821428649138353,0.5569417617646745,True,False,False,0,True,15,1e-06,5792.920822596843,0.6813597453134658,0.24434592394626622,1.5480541718066008e-06,0.9999936847436985,13.616285366408219,9.245278248688956e-11,8502,203
Locke|16.14,Locke,16.14,136,51,25,17,0.4852941146440088,0.39328893734488307,True,False,False,0,True,15,1e-06,5792.920822596843,0.6813597453134658,0.24434592394626622,1.5480541718066008e-06,0.9999936847436985,13.616285366408219,9.245278248688956e-11,8502,203
Locke|16.15,Locke,16.15,51,53,17,13,0.392156873175918,0.4381949317147669,True,False,False,0,True,15,1e-06,5792.920822596843,0.6813597453134658,0.24434592394626622,1.5480541718066008e-06,0.9999936847436985,13.616285366408219,9.245278248688956e-11,8502,203
Lucian|16.1,Lucian,16.1,15,13,9,7,0.4666666966296103,0.5465320045606392,True,False,False,0,True,15,1e-06,5792.920822596843,0.6813597453134658,0.24434592394626622,1.5480541718066008e-06,0.9999936847436985,13.616285366408219,9.245278248688956e-11,8502,203
Lux|16.4,Lux,16.4,62,41,13,17,0.38709678535067726,0.4287829844406956,True,False,False,0,True,15,1e-06,5792.920822596843,0.6813597453134658,0.24434592394626622,1.5480541718066008e-06,0.9999936847436985,13.616285366408219,9.245278248688956e-11,8502,203
Malphite|16.2,Malphite,16.2,26,24,9,13,0.615384600248407,0.6425069135351124,True,False,False,0,True,15,1e-06,5792.920822596843,0.6813597453134658,0.24434592394626622,1.5480541718066008e-06,0.9999936847436985,13.616285366408219,9.245278248688956e-11,8502,203
Mel|16.8,Mel,16.8,27,13,11,8,0.4814814786373501,0.4603870630833563,True,False,False,0,True,15,1e-06,5792.920822596843,0.6813597453134658,0.24434592394626622,1.5480541718066008e-06,0.9999936847436985,13.616285366408219,9.245278248688956e-11,8502,203
Mordekaiser|16.14,Mordekaiser,16.14,28,70,13,23,0.5000000059186165,0.54303437802617,True,False,False,0,True,15,1e-06,5792.920822596843,0.6813597453134658,0.24434592394626622,1.5480541718066008e-06,0.9999936847436985,13.616285366408219,9.245278248688956e-11,8502,203
Mordekaiser|16.15,Mordekaiser,16.15,70,29,23,17,0.5428571389971452,0.5203667401937466,True,False,False,0,True,15,1e-06,5792.920822596843,0.6813597453134658,0.24434592394626622,1.5480541718066008e-06,0.9999936847436985,13.616285366408219,9.245278248688956e-11,8502,203
Nami|16.14,Nami,16.14,136,104,15,11,0.5147058833280741,0.5311586035853626,True,False,False,0,True,15,1e-06,5792.920822596843,0.6813597453134658,0.24434592394626622,1.5480541718066008e-06,0.9999936847436985,13.616285366408219,9.245278248688956e-11,8502,203
Nami|16.7,Nami,16.7,67,87,13,10,0.5074626857871004,0.4826356778410356,True,False,False,0,True,15,1e-06,5792.920822596843,0.6813597453134658,0.24434592394626622,1.5480541718066008e-06,0.9999936847436985,13.616285366408219,9.245278248688956e-11,8502,203
Nasus|16.16,Nasus,16.16,40,87,19,33,0.5249999890549328,0.4562280647208632,True,False,False,0,True,15,1e-06,5792.920822596843,0.6813597453134658,0.24434592394626622,1.5480541718066008e-06,0.9999936847436985,13.616285366408219,9.245278248688956e-11,8502,203
Nasus|16.17,Nasus,16.17,87,70,33,29,0.47126437184643477,0.5297250772988922,True,False,False,0,True,15,1e-06,5792.920822596843,0.6813597453134658,0.24434592394626622,1.5480541718066008e-06,0.9999936847436985,13.616285366408219,9.245278248688956e-11,8502,203
Nocturne|16.12,Nocturne,16.12,36,31,12,9,0.4722222182445451,0.4368882932317034,True,False,False,0,True,15,1e-06,5792.920822596843,0.6813597453134658,0.24434592394626622,1.5480541718066008e-06,0.9999936847436985,13.616285366408219,9.245278248688956e-11,8502,203
Nocturne|16.17,Nocturne,16.17,81,89,16,13,0.5308641954111134,0.5678936704129829,True,False,False,0,True,15,1e-06,5792.920822596843,0.6813597453134658,0.24434592394626622,1.5480541718066008e-06,0.9999936847436985,13.616285366408219,9.245278248688956e-11,8502,203
Orianna|16.12,Orianna,16.12,47,27,12,11,0.5106382865694249,0.4029548605588882,True,False,False,0,True,15,1e-06,5792.920822596843,0.6813597453134658,0.24434592394626622,1.5480541718066008e-06,0.9999936847436985,13.616285366408219,9.245278248688956e-11,8502,203
Orianna|16.5,Orianna,16.5,9,108,5,10,0.7777774563246296,0.45525878099853617,True,False,False,0,True,15,1e-06,5792.920822596843,0.6813597453134658,0.24434592394626622,1.5480541718066008e-06,0.9999936847436985,13.616285366408219,9.245278248688956e-11,8502,203
Ornn|16.7,Ornn,16.7,18,10,9,6,0.6111110873202333,0.6058825473024924,True,False,False,0,True,15,1e-06,5792.920822596843,0.6813597453134658,0.24434592394626622,1.5480541718066008e-06,0.9999936847436985,13.616285366408219,9.245278248688956e-11,8502,203
Poppy|16.16,Poppy,16.16,18,48,10,15,0.6111110694885502,0.528065547708448,True,False,False,0,True,15,1e-06,5792.920822596843,0.6813597453134658,0.24434592394626622,1.5480541718066008e-06,0.9999936847436985,13.616285366408219,9.245278248688956e-11,8502,203
Ryze|16.3,Ryze,16.3,15,26,10,10,0.466666666103707,0.4582145527275851,True,False,False,0,True,15,1e-06,5792.920822596843,0.6813597453134658,0.24434592394626622,1.5480541718066008e-06,0.9999936847436985,13.616285366408219,9.245278248688956e-11,8502,203
Senna|16.1,Senna,16.1,6,15,5,5,0.1666672773764212,0.6179008971686258,True,False,False,0,True,15,1e-06,5792.920822596843,0.6813597453134658,0.24434592394626622,1.5480541718066008e-06,0.9999936847436985,13.616285366408219,9.245278248688956e-11,8502,203
Senna|16.13,Senna,16.13,87,107,28,37,0.5747126384481251,0.5296970189397037,True,False,False,0,True,15,1e-06,5792.920822596843,0.6813597453134658,0.24434592394626622,1.5480541718066008e-06,0.9999936847436985,13.616285366408219,9.245278248688956e-11,8502,203
Senna|16.14,Senna,16.14,107,74,37,25,0.5327102810215276,0.5717600973293463,True,False,False,0,True,15,1e-06,5792.920822596843,0.6813597453134658,0.24434592394626622,1.5480541718066008e-06,0.9999936847436985,13.616285366408219,9.245278248688956e-11,8502,203
Senna|16.4,Senna,16.4,11,24,8,12,0.45454549943721184,0.5363614054195843,True,False,False,0,True,15,1e-06,5792.920822596843,0.6813597453134658,0.24434592394626622,1.5480541718066008e-06,0.9999936847436985,13.616285366408219,9.245278248688956e-11,8502,203
Seraphine|16.14,Seraphine,16.14,120,70,36,25,0.5749999964701228,0.5317616423837886,True,False,False,0,True,15,1e-06,5792.920822596843,0.6813597453134658,0.24434592394626622,1.5480541718066008e-06,0.9999936847436985,13.616285366408219,9.245278248688956e-11,8502,203
Shen|16.6,Shen,16.6,64,53,11,9,0.5781249846310362,0.41954863788601215,True,False,False,0,True,15,1e-06,5792.920822596843,0.6813597453134658,0.24434592394626622,1.5480541718066008e-06,0.9999936847436985,13.616285366408219,9.245278248688956e-11,8502,203
Sion|16.13,Sion,16.13,21,30,8,12,0.3333334026919262,0.5088405255358326,True,False,False,0,True,15,1e-06,5792.920822596843,0.6813597453134658,0.24434592394626622,1.5480541718066008e-06,0.9999936847436985,13.616285366408219,9.245278248688956e-11,8502,203
Sivir|16.2,Sivir,16.2,31,10,12,9,0.48387089998405725,0.10129912457110714,True,False,False,0,True,15,1e-06,5792.920822596843,0.6813597453134658,0.24434592394626622,1.5480541718066008e-06,0.9999936847436985,13.616285366408219,9.245278248688956e-11,8502,203
Smolder|16.1,Smolder,16.1,88,45,12,11,0.5568181795927681,0.560752888422384,True,False,False,0,True,15,1e-06,5792.920822596843,0.6813597453134658,0.24434592394626622,1.5480541718066008e-06,0.9999936847436985,13.616285366408219,9.245278248688956e-11,8502,203
Smolder|16.11,Smolder,16.11,91,41,34,19,0.5494505362362417,0.31970691199032825,True,False,False,0,True,15,1e-06,5792.920822596843,0.6813597453134658,0.24434592394626622,1.5480541718066008e-06,0.9999936847436985,13.616285366408219,9.245278248688956e-11,8502,203
Smolder|16.2,Smolder,16.2,45,45,11,9,0.5555555480364555,0.5282208630697801,True,False,False,0,True,15,1e-06,5792.920822596843,0.6813597453134658,0.24434592394626622,1.5480541718066008e-06,0.9999936847436985,13.616285366408219,9.245278248688956e-11,8502,203
Swain|16.4,Swain,16.4,15,11,8,8,0.4000000675198409,0.5530856553241098,True,False,False,0,True,15,1e-06,5792.920822596843,0.6813597453134658,0.24434592394626622,1.5480541718066008e-06,0.9999936847436985,13.616285366408219,9.245278248688956e-11,8502,203
Sylas|16.12,Sylas,16.12,36,82,13,21,0.5000000034434174,0.5436680947673113,True,False,False,0,True,15,1e-06,5792.920822596843,0.6813597453134658,0.24434592394626622,1.5480541718066008e-06,0.9999936847436985,13.616285366408219,9.245278248688956e-11,8502,203
Sylas|16.15,Sylas,16.15,71,65,33,29,0.4507042300579062,0.49907502769553536,True,False,False,0,True,15,1e-06,5792.920822596843,0.6813597453134658,0.24434592394626622,1.5480541718066008e-06,0.9999936847436985,13.616285366408219,9.245278248688956e-11,8502,203
Syndra|16.4,Syndra,16.4,43,19,8,7,0.4883720915892027,0.47779896952146095,True,False,False,0,True,15,1e-06,5792.920822596843,0.6813597453134658,0.24434592394626622,1.5480541718066008e-06,0.9999936847436985,13.616285366408219,9.245278248688956e-11,8502,203
Teemo|16.11,Teemo,16.11,68,66,14,14,0.6029411672453374,0.5460031968266943,True,False,False,0,True,15,1e-06,5792.920822596843,0.6813597453134658,0.24434592394626622,1.5480541718066008e-06,0.9999936847436985,13.616285366408219,9.245278248688956e-11,8502,203
Thresh|16.17,Thresh,16.17,38,27,17,16,0.6842105088378656,0.703567693463057,True,False,False,0,True,15,1e-06,5792.920822596843,0.6813597453134658,0.24434592394626622,1.5480541718066008e-06,0.9999936847436985,13.616285366408219,9.245278248688956e-11,8502,203
Tristana|16.1,Tristana,16.1,19,8,12,4,0.578947314609653,0.42167345369902304,True,False,False,0,True,15,1e-06,5792.920822596843,0.6813597453134658,0.24434592394626622,1.5480541718066008e-06,0.9999936847436985,13.616285366408219,9.245278248688956e-11,8502,203
Twitch|16.4,Twitch,16.4,6,54,5,11,0.33333355331475945,0.5027859668796406,True,False,False,0,True,15,1e-06,5792.920822596843,0.6813597453134658,0.24434592394626622,1.5480541718066008e-06,0.9999936847436985,13.616285366408219,9.245278248688956e-11,8502,203
Varus|16.3,Varus,16.3,43,20,14,7,0.5581395348716836,0.6276264852163829,True,False,False,0,True,15,1e-06,5792.920822596843,0.6813597453134658,0.24434592394626622,1.5480541718066008e-06,0.9999936847436985,13.616285366408219,9.245278248688956e-11,8502,203
Vayne|16.17,Vayne,16.17,33,29,15,9,0.545454540295847,0.540271123244632,True,False,False,0,True,15,1e-06,5792.920822596843,0.6813597453134658,0.24434592394626622,1.5480541718066008e-06,0.9999936847436985,13.616285366408219,9.245278248688956e-11,8502,203
Veigar|16.7,Veigar,16.7,43,34,10,8,0.5813953368824785,0.564762136566903,True,False,False,0,True,15,1e-06,5792.920822596843,0.6813597453134658,0.24434592394626622,1.5480541718066008e-06,0.9999936847436985,13.616285366408219,9.245278248688956e-11,8502,203
Viego|16.1,Viego,16.1,24,24,5,6,0.5833332870830154,0.4238905792675329,True,False,False,0,True,15,1e-06,5792.920822596843,0.6813597453134658,0.24434592394626622,1.5480541718066008e-06,0.9999936847436985,13.616285366408219,9.245278248688956e-11,8502,203
Viego|16.2,Viego,16.2,24,125,6,11,0.41666668593748396,0.486895753749858,True,False,False,0,True,15,1e-06,5792.920822596843,0.6813597453134658,0.24434592394626622,1.5480541718066008e-06,0.9999936847436985,13.616285366408219,9.245278248688956e-11,8502,203
Xayah|16.1,Xayah,16.1,7,10,5,8,0.5714284588066244,0.4424153317708501,True,False,False,0,True,15,1e-06,5792.920822596843,0.6813597453134658,0.24434592394626622,1.5480541718066008e-06,0.9999936847436985,13.616285366408219,9.245278248688956e-11,8502,203
Xerath|16.17,Xerath,16.17,45,41,17,18,0.444444442555844,0.383598628409221,True,False,False,0,True,15,1e-06,5792.920822596843,0.6813597453134658,0.24434592394626622,1.5480541718066008e-06,0.9999936847436985,13.616285366408219,9.245278248688956e-11,8502,203
Yasuo|16.1,Yasuo,16.1,44,45,10,9,0.43181819603421856,0.5598967928025353,True,False,False,0,True,15,1e-06,5792.920822596843,0.6813597453134658,0.24434592394626622,1.5480541718066008e-06,0.9999936847436985,13.616285366408219,9.245278248688956e-11,8502,203
Yasuo|16.17,Yasuo,16.17,96,145,22,26,0.44791667182635847,0.5179179475526496,True,False,False,0,True,15,1e-06,5792.920822596843,0.6813597453134658,0.24434592394626622,1.5480541718066008e-06,0.9999936847436985,13.616285366408219,9.245278248688956e-11,8502,203
Yone|16.1,Yone,16.1,38,14,10,7,0.5263157812157446,0.5123250068169125,True,False,False,0,True,15,1e-06,5792.920822596843,0.6813597453134658,0.24434592394626622,1.5480541718066008e-06,0.9999936847436985,13.616285366408219,9.245278248688956e-11,8502,203
Yone|16.17,Yone,16.17,51,86,19,26,0.47058823851957726,0.48993260920215537,True,False,False,0,True,15,1e-06,5792.920822596843,0.6813597453134658,0.24434592394626622,1.5480541718066008e-06,0.9999936847436985,13.616285366408219,9.245278248688956e-11,8502,203
Yone|16.3,Yone,16.3,14,24,5,15,0.5714285012082441,0.44118058985249026,True,False,False,0,True,15,1e-06,5792.920822596843,0.6813597453134658,0.24434592394626622,1.5480541718066008e-06,0.9999936847436985,13.616285366408219,9.245278248688956e-11,8502,203
Yunara|16.1,Yunara,16.1,4,7,3,4,0.9999936165754477,0.16051801920211395,True,True,False,1,True,15,1e-06,5792.920822596843,0.6813597453134658,0.24434592394626622,1.5480541718066008e-06,0.9999936847436985,13.616285366408219,9.245278248688956e-11,8502,203
Yunara|16.14,Yunara,16.14,32,36,12,9,0.4687499982450398,0.40758518521758175,True,False,False,0,True,15,1e-06,5792.920822596843,0.6813597453134658,0.24434592394626622,1.5480541718066008e-06,0.9999936847436985,13.616285366408219,9.245278248688956e-11,8502,203
Zaahen|16.3,Zaahen,16.3,21,55,9,10,0.6666666192485048,0.6169619844769698,True,False,False,0,True,15,1e-06,5792.920822596843,0.6813597453134658,0.24434592394626622,1.5480541718066008e-06,0.9999936847436985,13.616285366408219,9.245278248688956e-11,8502,203
Zaahen|16.6,Zaahen,16.6,42,19,13,9,0.523809533275119,0.6376519172953733,True,False,False,0,True,15,1e-06,5792.920822596843,0.6813597453134658,0.24434592394626622,1.5480541718066008e-06,0.9999936847436985,13.616285366408219,9.245278248688956e-11,8502,203
Zed|16.10,Zed,16.10,45,46,10,12,0.5555555496436066,0.5677380769742129,True,False,False,0,True,15,1e-06,5792.920822596843,0.6813597453134658,0.24434592394626622,1.5480541718066008e-06,0.9999936847436985,13.616285366408219,9.245278248688956e-11,8502,203
Zed|16.2,Zed,16.2,81,9,12,7,0.5555555481108073,0.46201229413974804,True,False,False,0,True,15,1e-06,5792.920822596843,0.6813597453134658,0.24434592394626622,1.5480541718066008e-06,0.9999936847436985,13.616285366408219,9.245278248688956e-11,8502,203
Zed|16.3,Zed,16.3,9,7,7,6,0.444443015443756,1.8069571464971997e-06,True,False,True,1,True,15,1e-06,5792.920822596843,0.6813597453134658,0.24434592394626622,1.5480541718066008e-06,0.9999936847436985,13.616285366408219,9.245278248688956e-11,8502,203
