event_id,champion,patch,pre_patch,change_direction,higher_support_view,eligible_pre_matches,eligible_post_matches,eligible_pre_users,eligible_post_users,eligible_continuing_pre_matches,eligible_continuing_post_matches,eligible_pre_wins,eligible_post_wins,pre_outcome_all_same,post_outcome_all_same,raw_all_pre_win_rate,raw_all_post_win_rate,raw_all_delta_pp,raw_pre_win_rate,raw_post_win_rate,raw_delta_pp,continuing_all_pre_win_rate,continuing_all_post_win_rate,continuing_all_delta_pp,continuing_pre_win_rate,continuing_post_win_rate,continuing_delta_pp,standardized_pre,standardized_post,standardized_delta_pp,standardization_shift_pp,absolute_standardization_shift_pp,direction_changed_raw_vs_standardized,direction_changed_raw_vs_continuing,rq2_pre_post_wasserstein_log1p,rq2_post_only_vs_both_wasserstein_log1p,rq2_post_only_minus_both_mean_log1p
Aatrox|16.12,Aatrox,16.12,16.11,,True,24,45,13,11,12,40,11,26,False,False,0.48,0.574468085106383,9.446808510638306,0.4583333333333333,0.5777777777777777,11.944444444444441,0.3333333333333333,0.575,24.166666666666664,0.3333333333333333,0.575,24.166666666666664,0.4583333593681249,0.5786328327898096,12.029947342168468,0.08550289772402664,0.08550289772402664,False,False,0.3221971537464607,1.8635137494554466,-1.8635137494554463
Ahri|16.3,Ahri,16.3,16.2,,True,20,37,12,11,11,27,10,22,False,False,0.5,0.576271186440678,7.6271186440677985,0.5,0.5945945945945946,9.459459459459463,0.55,0.5714285714285714,2.1428571428571352,0.6363636363636364,0.5925925925925926,-4.377104377104379,0.5000000167916439,0.5969817447568414,9.698172796519755,0.2387133370602914,0.2387133370602914,False,True,0.4888557163829816,1.230145008031061,-1.230145008031061
Ahri|16.6,Ahri,16.6,16.5,,True,38,23,11,14,30,7,23,9,False,False,0.5185185185185185,0.5111111111111111,-0.7407407407407418,0.6052631578947368,0.391304347826087,-21.395881006864986,0.5675675675675675,0.5555555555555556,-1.2012012012011963,0.5666666666666667,0.2857142857142857,-28.095238095238095,0.6052631211053625,0.3887443648397261,-21.651875626563644,-0.255994619698658,0.255994619698658,False,False,0.49914795225929276,0.9042143459916777,-0.9042143459916777
Akali|16.5,Akali,16.5,16.4,,True,67,22,13,12,49,12,35,11,False,False,0.547945205479452,0.5416666666666666,-0.6278538812785395,0.5223880597014925,0.5,-2.238805970149249,0.5686274509803921,0.5,-6.8627450980392135,0.5510204081632653,0.5,-5.102040816326525,0.5223880556200742,0.49624791146864766,-2.6140144151426514,-0.37520844499340233,0.37520844499340233,False,False,0.28627520011597163,0.8079024409161697,-0.8079024409161699
Alistar|16.15,Alistar,16.15,16.14,,True,20,35,8,12,16,24,11,20,False,False,0.5357142857142857,0.5714285714285714,3.57142857142857,0.55,0.5714285714285714,2.1428571428571352,0.4375,0.5833333333333334,14.583333333333337,0.4375,0.5833333333333334,14.583333333333337,0.5499999941465219,0.5703102940711453,2.031029992462341,-0.1118271503947943,0.1118271503947943,False,False,0.5354424018437877,0.970621610980478,-0.970621610980478
Ambessa|16.10,Ambessa,16.10,16.9,,True,15,14,6,8,12,8,7,8,False,False,0.5238095238095238,0.5625,3.8690476190476164,0.4666666666666667,0.5714285714285714,10.476190476190473,0.6428571428571429,0.625,-1.7857142857142905,0.5833333333333334,0.625,4.1666666666666625,0.4666667016626747,0.5782760261455415,11.160932448286681,0.6847419720962087,0.6847419720962087,False,False,0.41018905253094196,0.7263045665032897,-0.5365597556508379
Ambessa|16.9,Ambessa,16.9,16.8,,True,36,15,9,6,25,13,15,7,False,False,0.42857142857142855,0.5238095238095238,9.523809523809529,0.4166666666666667,0.4666666666666667,4.999999999999999,0.4642857142857143,0.6,13.571428571428568,0.48,0.5384615384615384,5.846153846153845,0.4166666788212128,0.46134055007568847,4.467387125447569,-0.5326128745524299,0.5326128745524299,False,False,0.2943895259745402,1.8619378200119767,-1.8619378200119767
Anivia|16.10,Anivia,16.10,16.9,,True,24,85,6,10,22,53,13,45,False,False,0.6206896551724138,0.5252525252525253,-9.543712991988851,0.5416666666666666,0.5294117647058824,-1.225490196078427,0.5833333333333334,0.47761194029850745,-10.572139303482592,0.5454545454545454,0.4716981132075472,-7.375643224699823,0.5416666498287394,0.5101346581247054,-3.153199170403398,-1.927708974324971,1.927708974324971,False,False,0.22373317458523875,1.893040889494301,-1.8930408894943012
Aphelios|16.1,Aphelios,16.1,15.24,,True,18,68,4,10,12,10,10,32,False,False,0.5522388059701493,0.43,-12.22388059701493,0.5555555555555556,0.47058823529411764,-8.496732026143794,0.5576923076923077,0.2962962962962963,-26.139601139601144,0.5,0.4,-9.999999999999998,0.55555552568965,0.4602137761947885,-9.534174949486157,-1.037442923342363,1.037442923342363,False,False,0.7075128075052636,1.2279603060015734,-0.7281889189132136
Ashe|16.10,Ashe,16.10,16.9,,True,52,50,19,23,28,25,31,22,False,False,0.625,0.4,-22.499999999999996,0.5961538461538461,0.44,-15.615384615384615,0.6486486486486487,0.4375,-21.11486486486487,0.6071428571428571,0.4,-20.714285714285708,0.5961538278546249,0.4466050153153781,-14.954881253924679,0.660503361459936,0.660503361459936,False,False,0.1604492336624171,1.155626114605331,-1.1556261146053308
Bard|16.13,Bard,16.13,16.12,,True,20,87,6,11,14,9,9,46,False,False,0.4666666666666667,0.5315315315315315,6.486486486486487,0.45,0.5287356321839081,7.873563218390806,0.3888888888888889,0.2727272727272727,-11.61616161616162,0.35714285714285715,0.2222222222222222,-13.492063492063494,0.4500000224359586,0.5117843859228357,6.17843634868771,-1.6951268697030955,1.6951268697030955,False,True,0.3427993686234232,0.789790758662077,-0.7897907586620768
Brand|16.11,Brand,16.11,16.10,,True,36,17,15,11,20,12,18,5,False,False,0.5178571428571429,0.46153846153846156,-5.631868131868134,0.5,0.29411764705882354,-20.588235294117645,0.52,0.38461538461538464,-13.538461538461538,0.5,0.3333333333333333,-16.666666666666668,0.49999997324034406,0.2860730806807835,-21.392689255956054,-0.8044539618384086,0.8044539618384086,False,False,0.26997263337883437,1.4208602268442359,-1.4208602268442359
Brand|16.13,Brand,16.13,16.12,,True,41,86,16,21,30,50,20,44,False,False,0.5068493150684932,0.5161290322580645,0.9279717189571324,0.4878048780487805,0.5116279069767442,2.382302892796373,0.4864864864864865,0.5185185185185185,3.2032032032031976,0.4,0.52,12.0,0.48780488265970495,0.5156011696883369,2.779628702863196,0.3973258100668229,0.3973258100668229,False,False,0.3833660155827969,0.9712587287581953,-0.9712587287581952
Brand|16.4,Brand,16.4,16.3,,True,31,45,8,6,23,38,17,27,False,False,0.5945945945945946,0.6274509803921569,3.2856385797562226,0.5483870967741935,0.6,5.161290322580648,0.5416666666666666,0.6052631578947368,6.359649122807021,0.5217391304347826,0.6052631578947368,8.352402745995423,0.5483870987214073,0.6012559149295551,5.286881620814777,0.12559129823412896,0.12559129823412896,False,False,0.36934461085628323,0.9707835548716468,-0.9707835548716467
Braum|16.3,Braum,16.3,16.2,,True,18,42,9,11,8,26,10,25,False,False,0.66,0.5555555555555556,-10.444444444444445,0.5555555555555556,0.5952380952380952,3.9682539682539653,0.7419354838709677,0.5,-24.193548387096776,0.75,0.5769230769230769,-17.307692307692314,0.5555555468975567,0.5813733103640661,2.5817763466509436,-1.3864776216030217,1.3864776216030217,False,True,0.29395657994811936,0.7349179992098063,-0.643931218890225
Braum|16.4,Braum,16.4,16.3,,True,42,14,11,5,11,13,25,6,False,False,0.5555555555555556,0.5625,0.694444444444442,0.5952380952380952,0.42857142857142855,-16.666666666666668,0.5641025641025641,0.5384615384615384,-2.564102564102566,0.7272727272727273,0.46153846153846156,-26.573426573426573,0.5952380710533545,0.43460250008490076,-16.063557096845372,0.6031095698212958,0.6031095698212958,False,False,0.6946735773921916,0.7000202762941905,-0.4297102042220806
Caitlyn|16.1,Caitlyn,16.1,15.24,,True,62,45,15,17,43,19,30,18,False,False,0.4935064935064935,0.42168674698795183,-7.181974651854167,0.4838709677419355,0.4,-8.387096774193548,0.4909090909090909,0.44,-5.09090909090909,0.4883720930232558,0.42105263157894735,-6.731946144430845,0.4838709648363489,0.416052849748172,-6.781811508817687,1.6052852653758611,1.6052852653758611,False,False,0.49337157239960283,0.8212460887068924,-0.8212460887068924
Camille|16.16,Camille,16.16,16.15,,True,48,32,14,14,19,22,23,14,False,False,0.47058823529411764,0.4375,-3.308823529411764,0.4791666666666667,0.4375,-4.166666666666669,0.47368421052631576,0.45454545454545453,-1.9138755980861233,0.47368421052631576,0.45454545454545453,-1.9138755980861233,0.4791666664588199,0.4455069021642231,-3.3659764294596775,0.8006902372069913,0.8006902372069913,False,False,0.4096013888655779,0.6854060236945103,-0.6447762913200668
Darius|16.4,Darius,16.4,16.3,,True,6,93,5,7,4,85,4,53,False,False,0.5384615384615384,0.5636363636363636,2.5174825174825166,0.6666666666666666,0.5698924731182796,-9.677419354838701,0.48484848484848486,0.5612244897959183,7.637600494743346,0.5,0.5882352941176471,8.823529411764708,0.6666664696577148,0.5539025438466879,-11.27639258110269,-1.5989732262639897,1.5989732262639897,False,True,0.32515414609428933,2.1323098850720488,-2.1323098850720488
Diana|16.11,Diana,16.11,16.10,,True,26,96,10,16,15,59,17,49,False,False,0.6585365853658537,0.5148514851485149,-14.368510021733883,0.6538461538461539,0.5104166666666666,-14.342948717948723,0.7142857142857143,0.5396825396825397,-17.460317460317466,0.8,0.5423728813559322,-25.762711864406786,0.6538460982787248,0.4993836554657947,-15.446244281293003,-1.1032955633442807,1.1032955633442807,False,False,0.3528546664511099,2.1960566472364973,-2.196056647236497
Diana|16.3,Diana,16.3,16.2,,True,85,12,20,7,46,12,39,5,False,False,0.46464646464646464,0.47619047619047616,1.1544011544011523,0.4588235294117647,0.4166666666666667,-4.2156862745098,0.4782608695652174,0.4166666666666667,-6.159420289855072,0.4782608695652174,0.4166666666666667,-6.159420289855072,0.4588235278020314,0.40941144821835884,-4.941207958367255,-0.7255216838574556,0.7255216838574556,False,False,0.793154438387714,,
Ekko|16.3,Ekko,16.3,16.2,,True,24,9,11,8,6,2,11,5,False,False,0.5609756097560976,0.5652173913043478,0.42417815482501675,0.4583333333333333,0.5555555555555556,9.722222222222227,0.2857142857142857,0.6666666666666666,38.095238095238095,0.3333333333333333,0.5,16.666666666666668,0.4583333501277948,0.553217962263804,9.488461213600925,-0.23376100862130222,0.23376100862130222,False,False,0.5846690130396202,0.7275172319452771,-0.13823919208573665
Ezreal|16.3,Ezreal,16.3,16.2,,True,8,21,6,9,2,12,3,10,False,False,0.5,0.5681818181818182,6.818181818181824,0.375,0.47619047619047616,10.119047619047617,0.6190476190476191,0.5789473684210527,-4.010025062656641,0.5,0.4166666666666667,-8.333333333333332,0.37500009902307757,0.45786017168696835,8.286007266389078,-1.8330403526585393,1.8330403526585393,False,True,1.0564273975108218,1.211341419948727,-1.211341419948727
Ezreal|16.9,Ezreal,16.9,16.8,,True,33,75,16,18,22,42,18,37,False,False,0.5098039215686274,0.5287356321839081,1.893171061528065,0.5454545454545454,0.49333333333333335,-5.212121212121207,0.5185185185185185,0.5227272727272727,0.42087542087542174,0.5,0.5238095238095238,2.3809523809523836,0.5454545321944146,0.48047283605976315,-6.498169613465149,-1.2860484013439422,1.2860484013439422,False,True,0.5461671355281905,2.3248204842894666,-2.3248204842894675
Galio|16.10,Galio,16.10,16.9,,True,15,34,12,18,8,15,7,13,False,False,0.5263157894736842,0.41025641025641024,-11.605937921727394,0.4666666666666667,0.38235294117647056,-8.431372549019612,0.45454545454545453,0.47368421052631576,1.9138755980861233,0.375,0.4666666666666667,9.166666666666668,0.4666666501655818,0.38643724803997576,-8.022940212560602,0.40843233645900945,0.40843233645900945,False,True,0.2799656174316105,1.0760522925642741,-0.8851755426554239
Garen|16.1,Garen,16.1,15.24,,True,34,17,11,10,14,9,15,8,False,False,0.58,0.48,-9.999999999999998,0.4411764705882353,0.47058823529411764,2.941176470588236,0.5,0.46153846153846156,-3.8461538461538436,0.42857142857142855,0.4444444444444444,1.5873015873015872,0.44117647730419196,0.4618239472817629,2.0647469977570942,-0.8764294728311417,0.8764294728311417,False,False,0.6708868705313488,1.4664596658389746,-1.4664596658389744
Garen|16.14,Garen,16.14,16.13,,True,48,49,26,13,18,29,20,24,False,False,0.43333333333333335,0.5098039215686274,7.647058823529407,0.4166666666666667,0.4897959183673469,7.3129251700680244,0.48148148148148145,0.41935483870967744,-6.2126642771804015,0.4444444444444444,0.3793103448275862,-6.513409961685824,0.4166666776526495,0.472716443772905,5.604976612025553,-1.7079485580424718,1.7079485580424718,False,True,0.21771823501808135,1.5642681759537111,-1.5642681759537111
Garen|16.5,Garen,16.5,16.4,,True,5,37,5,17,4,18,3,15,False,False,0.2608695652173913,0.3902439024390244,12.937433722163311,0.6,0.40540540540540543,-19.459459459459456,0.4444444444444444,0.42105263157894735,-2.3391812865497075,0.75,0.4444444444444444,-30.555555555555557,0.5999997635528547,0.4148963494248378,-18.51034141280169,0.949118046657766,0.949118046657766,False,False,1.0532437175488525,1.829558105810348,-1.8295581058103485
Graves|16.17,Graves,16.17,16.16,,True,41,61,18,15,31,36,23,31,False,False,0.6,0.6132075471698113,1.3207547169811318,0.5609756097560976,0.5081967213114754,-5.27788884446222,0.6052631578947368,0.6533333333333333,4.807017543859649,0.5806451612903226,0.5555555555555556,-2.508960573476704,0.5609755949461964,0.5119660310074343,-4.900956393876211,0.37693245058600944,0.37693245058600944,False,False,0.43690519626500146,1.3395612288330967,-1.3395612288330967
Graves|16.7,Graves,16.7,16.6,,True,69,81,12,9,45,60,34,36,False,False,0.5131578947368421,0.46078431372549017,-5.2373581011351975,0.4927536231884058,0.4444444444444444,-4.83091787439614,0.5192307692307693,0.43333333333333335,-8.589743589743593,0.4888888888888889,0.43333333333333335,-5.555555555555553,0.49275361740875273,0.433473310553895,-5.9280306854857745,-1.0971128110896347,1.0971128110896347,False,False,0.41143347444180617,1.9310040253671519,-1.931004025367152
Gwen|16.2,Gwen,16.2,16.1,,True,42,12,12,5,30,11,25,5,False,False,0.5636363636363636,0.47368421052631576,-8.995215311004785,0.5952380952380952,0.4166666666666667,-17.857142857142854,0.53125,0.46153846153846156,-6.971153846153843,0.5666666666666667,0.45454545454545453,-11.212121212121213,0.5952380640596661,0.40627670913132785,-18.89613549283382,-1.038992635690967,1.038992635690967,False,False,1.2654723329421391,2.1877894953405077,-2.1877894953405077
Irelia|16.17,Irelia,16.17,16.16,,True,103,80,9,13,97,67,54,44,False,False,0.5142857142857142,0.5555555555555556,4.1269841269841345,0.5242718446601942,0.55,2.572815533980588,0.5257731958762887,0.5970149253731343,7.12417294968456,0.5257731958762887,0.5970149253731343,7.12417294968456,0.5242718467978824,0.5602295856757166,3.5957738877834156,1.0229583538028275,1.0229583538028275,False,False,0.369056229697335,1.9328429238584068,-1.9328429238584068
Jax|16.1,Jax,16.1,15.24,,True,83,34,13,13,63,23,50,16,False,False,0.5858585858585859,0.4318181818181818,-15.404040404040403,0.6024096385542169,0.47058823529411764,-13.182140326009929,0.6111111111111112,0.38461538461538464,-22.64957264957265,0.6031746031746031,0.43478260869565216,-16.839199447895098,0.6024096252069412,0.44593456502562356,-15.647506018131763,-2.465365692121834,2.465365692121834,False,False,0.3305806681543336,1.6928726431062102,-1.6928726431062102
Jax|16.12,Jax,16.12,16.11,,True,47,48,13,9,31,37,26,31,False,False,0.52,0.5925925925925926,7.259259259259254,0.5531914893617021,0.6458333333333334,9.264184397163122,0.5,0.631578947368421,13.157894736842103,0.5161290322580645,0.6486486486486487,13.251961639058418,0.5531914960234185,0.6604980312961028,10.73065352726843,1.4664691301053079,1.4664691301053079,False,False,0.3145596818662043,1.2309402012788933,-1.2309402012788935
Jayce|16.14,Jayce,16.14,16.13,,True,27,29,9,15,15,5,15,9,False,False,0.5666666666666667,0.3103448275862069,-25.632183908045974,0.5555555555555556,0.3103448275862069,-24.521072796934867,0.5333333333333333,0.4,-13.33333333333333,0.5333333333333333,0.4,-13.33333333333333,0.5555555019366137,0.28801068001346397,-26.754482192314978,-2.233409395380111,2.233409395380111,False,False,0.5249994990673914,0.8072155308188248,-0.3700052754712062
Jhin|16.1,Jhin,16.1,15.24,,True,51,45,15,12,22,28,25,18,False,False,0.4811320754716981,0.42592592592592593,-5.520614954577219,0.49019607843137253,0.4,-9.019607843137251,0.5111111111111111,0.43333333333333335,-7.777777777777772,0.45454545454545453,0.42857142857142855,-2.5974025974025983,0.49019607342990057,0.40775412319409554,-8.244195023580502,0.7754128195567489,0.7754128195567489,False,False,0.20733235969378397,1.314617745523353,-1.314617745523353
Jinx|16.1,Jinx,16.1,15.24,,True,26,15,10,9,16,13,13,8,False,False,0.5128205128205128,0.5581395348837209,4.531902206320815,0.5,0.5333333333333333,3.3333333333333326,0.38461538461538464,0.6111111111111112,22.64957264957265,0.375,0.6153846153846154,24.03846153846154,0.5000000063476849,0.5373921752276044,3.7392168879919474,0.4058835546586148,0.4058835546586148,False,False,0.42380896896168985,0.6660683418055677,0.6660683418055677
Jinx|16.4,Jinx,16.4,16.3,,True,36,29,11,11,21,15,15,10,False,False,0.49122807017543857,0.45161290322580644,-3.961516694963213,0.4166666666666667,0.3448275862068966,-7.183908045977011,0.4482758620689655,0.48717948717948717,3.8903625110521647,0.42857142857142855,0.4,-2.8571428571428523,0.4166666707370262,0.35567270271063706,-6.099396802638912,1.084511243338099,1.084511243338099,False,False,0.1161884511941168,0.38426550427699924,-0.2491104682409444
Karma|16.7,Karma,16.7,16.6,,True,46,56,18,16,26,48,23,27,False,False,0.5192307692307693,0.4603174603174603,-5.891330891330898,0.5,0.48214285714285715,-1.785714285714285,0.5357142857142857,0.5,-3.57142857142857,0.5384615384615384,0.5,-3.8461538461538436,0.499999998325508,0.47366238027940716,-2.633761804610085,-0.8480475188958001,0.8480475188958001,False,False,0.16501902574908253,1.7337685866179333,-1.733768586617933
Karma|16.8,Karma,16.8,16.7,,True,56,49,16,8,41,47,27,28,False,False,0.4603174603174603,0.5892857142857143,12.8968253968254,0.48214285714285715,0.5714285714285714,8.928571428571425,0.5121951219512195,0.5531914893617021,4.099636741048263,0.5121951219512195,0.5531914893617021,4.099636741048263,0.4821428649138353,0.5569417617646745,7.4798896850839185,-1.4486817434875068,1.4486817434875068,False,False,0.8462980797970623,1.485715008308981,-1.4857150083089812
Locke|16.14,Locke,16.14,16.13,,True,136,51,25,17,64,40,66,20,False,False,0.489010989010989,0.4126984126984127,-7.631257631257632,0.4852941176470588,0.39215686274509803,-9.313725490196079,0.5192307692307693,0.4117647058823529,-10.746606334841635,0.53125,0.4,-13.124999999999998,0.4852941146440088,0.39328893734488307,-9.200517729912573,0.11320776028350643,0.11320776028350643,False,False,1.0801475947704118,1.8362509111096998,-1.8362509111096998
Locke|16.15,Locke,16.15,16.14,,True,51,53,17,13,31,48,20,23,False,False,0.4126984126984127,0.4603174603174603,4.761904761904762,0.39215686274509803,0.4339622641509434,4.1805401405845375,0.38095238095238093,0.4909090909090909,10.995670995670997,0.3548387096774194,0.4583333333333333,10.349462365591394,0.392156873175918,0.4381949317147669,4.60380585388489,0.4232657133003528,0.4232657133003528,False,False,0.429383937309923,0.9136648243938182,-0.9136648243938181
Lucian|16.1,Lucian,16.1,15.24,,True,15,13,9,7,3,10,7,7,False,False,0.52,0.56,4.0000000000000036,0.4666666666666667,0.5384615384615384,7.179487179487176,0.5882352941176471,0.5833333333333334,-0.4901960784313708,0.3333333333333333,0.7,36.666666666666664,0.4666666966296103,0.5465320045606392,7.986530793102892,0.8070436136157157,0.8070436136157157,False,False,0.30283772660399133,1.483723548904897,-1.483723548904897
Lux|16.4,Lux,16.4,16.3,,True,62,41,13,17,53,23,24,17,False,False,0.4631578947368421,0.4339622641509434,-2.919563058589869,0.3870967741935484,0.4146341463414634,2.753737214791502,0.5,0.3870967741935484,-11.290322580645162,0.4339622641509434,0.34782608695652173,-8.613617719442168,0.38709678535067726,0.4287829844406956,4.168619909001836,1.414882694210334,1.414882694210334,False,True,0.22267815436143223,2.2485902239647713,-2.1531703585028827
Malphite|16.2,Malphite,16.2,16.1,,True,26,24,9,13,15,10,16,15,False,False,0.5283018867924528,0.6129032258064516,8.46013390139988,0.6153846153846154,0.625,0.9615384615384581,0.6111111111111112,0.8,18.88888888888889,0.6666666666666666,0.8,13.333333333333341,0.615384600248407,0.6425069135351124,2.7122313286705335,1.7506928671320754,1.7506928671320754,False,False,0.2748558961962279,0.8366306611780137,-0.6686916140631225
Mel|16.8,Mel,16.8,16.7,,True,27,13,11,8,20,9,13,6,False,False,0.4482758620689655,0.47058823529411764,2.2312373225152116,0.48148148148148145,0.46153846153846156,-1.994301994301989,0.55,0.5555555555555556,0.5555555555555536,0.55,0.5555555555555556,0.5555555555555536,0.4814814786373501,0.4603870630833563,-2.1094415553993775,-0.11513956109738843,0.11513956109738843,False,True,0.5802267362672905,0.746018263157755,-0.6790010822828467
Mordekaiser|16.14,Mordekaiser,16.14,16.13,,True,28,70,13,23,23,34,14,38,False,False,0.5142857142857142,0.525,1.0714285714285787,0.5,0.5428571428571428,4.285714285714281,0.5,0.6216216216216216,12.16216216216216,0.5217391304347826,0.6176470588235294,9.590792838874684,0.5000000059186165,0.54303437802617,4.303437210755357,0.017722925041075754,0.017722925041075754,False,False,0.21513481665492498,1.1517481699553065,-1.1274386290494456
Mordekaiser|16.15,Mordekaiser,16.15,16.14,,True,70,29,23,17,30,15,38,15,False,False,0.525,0.5333333333333333,0.8333333333333304,0.5428571428571428,0.5172413793103449,-2.5615763546797954,0.53125,0.5625,3.125,0.5666666666666667,0.5333333333333333,-3.3333333333333326,0.5428571389971452,0.5203667401937466,-2.2490398803398537,0.3125364743399417,0.3125364743399417,False,False,0.2726205069094955,1.2956539645506586,-1.2956539645506586
Nami|16.14,Nami,16.14,16.13,,True,136,104,15,11,122,98,70,55,False,False,0.5277777777777778,0.5185185185185185,-0.92592592592593,0.5147058823529411,0.5288461538461539,1.414027149321273,0.546875,0.5306122448979592,-1.6262755102040782,0.5327868852459017,0.5306122448979592,-0.2174640347942458,0.5147058833280741,0.5311586035853626,1.64527202572885,0.23124487640757696,0.23124487640757696,False,True,0.23330835744611145,1.6469232627288544,-1.6469232627288537
Nami|16.7,Nami,16.7,16.6,,True,67,87,13,10,24,74,34,43,False,False,0.5277777777777778,0.4957983193277311,-3.1979458450046683,0.5074626865671642,0.4942528735632184,-1.3209813003945803,0.5,0.5252525252525253,2.5252525252525304,0.3333333333333333,0.5,16.666666666666668,0.5074626857871004,0.4826356778410356,-2.4827007946064796,-1.1617194942118994,1.1617194942118994,False,True,0.6786511207179634,2.484559125808292,-2.4845591258082926
Nasus|16.16,Nasus,16.16,16.15,,True,40,87,19,33,21,36,21,41,False,False,0.5365853658536586,0.4838709677419355,-5.271439811172307,0.525,0.47126436781609193,-5.373563218390808,0.5,0.5,0.0,0.47619047619047616,0.5,2.3809523809523836,0.5249999890549328,0.4562280647208632,-6.8771924334069645,-1.503629215016156,1.503629215016156,False,True,0.13680544723827393,1.210946634868548,-1.2109466348685483
Nasus|16.17,Nasus,16.17,16.16,,True,87,70,33,29,36,42,41,36,False,False,0.4838709677419355,0.5,1.6129032258064502,0.47126436781609193,0.5142857142857142,4.30213464696223,0.5675675675675675,0.5952380952380952,2.767052767052769,0.5833333333333334,0.5952380952380952,1.1904761904761862,0.47126437184643477,0.5297250772988922,5.846070545245741,1.543935898283511,1.543935898283511,False,False,0.2529209995197878,0.7900243755031359,-0.790024375503136
Nocturne|16.12,Nocturne,16.12,16.11,,True,36,31,12,9,16,20,17,13,False,False,0.4473684210526316,0.42105263157894735,-2.631578947368424,0.4722222222222222,0.41935483870967744,-5.286738351254478,0.4444444444444444,0.42857142857142855,-1.5873015873015872,0.5,0.45,-4.999999999999999,0.4722222182445451,0.4368882932317034,-3.5333925012841663,1.7533458499703114,1.7533458499703114,False,False,0.3392609870163678,2.8059105277878684,-2.8059105277878684
Nocturne|16.17,Nocturne,16.17,16.16,,True,81,89,16,13,65,81,43,51,False,False,0.5116279069767442,0.5652173913043478,5.358948432760357,0.5308641975308642,0.5730337078651685,4.216951033430427,0.5692307692307692,0.5925925925925926,2.3361823361823353,0.5692307692307692,0.5925925925925926,2.3361823361823353,0.5308641954111134,0.5678936704129829,3.7029475001869483,-0.5140035332434789,0.5140035332434789,False,False,0.23088628181154502,1.1859879110528757,-1.1859879110528757
Orianna|16.12,Orianna,16.12,16.11,,True,47,27,12,11,35,19,24,11,False,False,0.5106382978723404,0.475,-3.5638297872340408,0.5106382978723404,0.4074074074074074,-10.3230890464933,0.5714285714285714,0.3684210526315789,-20.30075187969925,0.5714285714285714,0.3684210526315789,-20.30075187969925,0.5106382865694249,0.4029548605588882,-10.768342601053671,-0.44525355456037197,0.44525355456037197,False,False,0.45095144311685165,1.000507273388083,-1.000507273388083
Orianna|16.5,Orianna,16.5,16.4,,True,9,108,5,10,7,89,7,49,False,False,0.5454545454545454,0.4434782608695652,-10.19762845849802,0.7777777777777778,0.4537037037037037,-32.407407407407405,0.5384615384615384,0.42857142857142855,-10.989010989010989,0.8571428571428571,0.43820224719101125,-41.89406099518458,0.7777774563246296,0.45525878099853617,-32.25186753260934,0.15553987479806608,0.15553987479806608,False,False,0.5675383000134505,1.019291381470838,-1.019291381470838
Ornn|16.7,Ornn,16.7,16.6,,True,18,10,9,6,3,7,11,6,False,False,0.6341463414634146,0.5789473684210527,-5.519897304236199,0.6111111111111112,0.6,-1.1111111111111183,0.6,0.46153846153846156,-13.846153846153841,0.3333333333333333,0.5714285714285714,23.809523809523807,0.6111110873202333,0.6058825473024924,-0.5228540017740979,0.5882571093370204,0.5882571093370204,False,True,0.2141868608592971,1.4522362755631975,-1.4522362755631972
Poppy|16.16,Poppy,16.16,16.15,,True,18,48,10,15,13,17,11,25,False,False,0.6111111111111112,0.5208333333333334,-9.027777777777779,0.6111111111111112,0.5208333333333334,-9.027777777777779,0.6153846153846154,0.4117647058823529,-20.36199095022625,0.6153846153846154,0.4117647058823529,-20.36199095022625,0.6111110694885502,0.528065547708448,-8.304552178010216,0.723225599767563,0.723225599767563,False,False,0.22986285641691376,1.0514990744055561,-1.0514990744055563
Ryze|16.3,Ryze,16.3,16.2,,True,15,26,10,10,6,15,7,12,False,False,0.40540540540540543,0.4444444444444444,3.903903903903899,0.4666666666666667,0.46153846153846156,-0.512820512820511,0.42857142857142855,0.6,17.142857142857142,0.5,0.6,9.999999999999998,0.466666666103707,0.4582145527275851,-0.8452113376121895,-0.3323908247916785,0.3323908247916785,False,True,0.36361535550908575,1.3175100029649593,-1.3175100029649591
Senna|16.1,Senna,16.1,15.24,,True,6,15,5,5,0,0,1,9,False,False,0.47619047619047616,0.5454545454545454,6.926406926406925,0.16666666666666666,0.6,43.333333333333336,0.6666666666666666,0.0,-66.66666666666666,,,,0.1666672773764212,0.6179008971686258,45.12336197922047,1.7900286458871335,1.7900286458871335,False,,0.0,,
Senna|16.13,Senna,16.13,16.12,,True,87,107,28,37,59,55,50,57,False,False,0.5495495495495496,0.5838150289017341,3.426547935218449,0.5747126436781609,0.5327102803738317,-4.200236330432916,0.65,0.6082474226804123,-4.17525773195877,0.6949152542372882,0.5454545454545454,-14.946070878274275,0.5747126384481251,0.5296970189397037,-4.501561950842148,-0.30132562040923183,0.30132562040923183,False,False,0.16467919085291355,1.2357720866548274,-1.2357720866548274
Senna|16.14,Senna,16.14,16.13,,True,107,74,37,25,52,38,57,43,False,False,0.5838150289017341,0.5657894736842105,-1.8025555217523581,0.5327102803738317,0.581081081081081,4.83708007072493,0.6136363636363636,0.6052631578947368,-0.837320574162681,0.5769230769230769,0.6052631578947368,2.8340080971659964,0.5327102810215276,0.5717600973293463,3.9049816307818674,-0.9320984399430627,0.9320984399430627,False,False,0.16223195479064692,1.6275483941207063,-1.6275483941207065
Senna|16.4,Senna,16.4,16.3,,True,11,24,8,12,7,14,5,13,False,False,0.46153846153846156,0.5,3.8461538461538436,0.45454545454545453,0.5416666666666666,8.71212121212121,0.5,0.6111111111111112,11.111111111111116,0.42857142857142855,0.6428571428571429,21.428571428571434,0.45454549943721184,0.5363614054195843,8.181590598237248,-0.5305306138839612,0.5305306138839612,False,False,0.5075379793147645,1.1961273409643334,-1.1961273409643334
Seraphine|16.14,Seraphine,16.14,16.13,,True,120,70,36,25,91,62,69,37,False,False,0.5902777777777778,0.5584415584415584,-3.1836219336219385,0.575,0.5285714285714286,-4.642857142857137,0.6,0.5522388059701493,-4.776119402985069,0.5824175824175825,0.532258064516129,-5.015951790145346,0.5749999964701228,0.5317616423837886,-4.323835408633414,0.31902173422372293,0.31902173422372293,False,False,0.3051684520313701,1.7932175316522116,-1.7932175316522119
Shen|16.6,Shen,16.6,16.5,,True,64,53,11,9,58,50,37,23,False,False,0.5441176470588235,0.45,-9.411764705882348,0.578125,0.4339622641509434,-14.416273584905658,0.6166666666666667,0.48148148148148145,-13.518518518518524,0.6379310344827587,0.46,-17.793103448275865,0.5781249846310362,0.41954863788601215,-15.857634674502407,-1.4413610895967484,1.4413610895967484,False,False,0.5069650562521013,2.9770297393113507,-2.97702973931135
Sion|16.13,Sion,16.13,16.12,,True,21,30,8,12,16,20,7,15,False,False,0.3333333333333333,0.5151515151515151,18.181818181818183,0.3333333333333333,0.5,16.666666666666668,0.3125,0.5,18.75,0.3125,0.5,18.75,0.3333334026919262,0.5088405255358326,17.55071228439064,0.8840456177239737,0.8840456177239737,False,False,0.9206443598217349,1.970460513567422,-1.970460513567422
Sivir|16.2,Sivir,16.2,16.1,,True,31,10,12,9,10,4,15,1,False,False,0.5434782608695652,0.5,-4.347826086956519,0.4838709677419355,0.1,-38.38709677419355,0.5625,0.2857142857142857,-27.67857142857143,0.4,0.25,-15.000000000000002,0.48387089998405725,0.10129912457110714,-38.257177541295015,0.12991923289853702,0.12991923289853702,False,False,0.3876999472935607,0.8468382719634413,-0.8468382719634413
Smolder|16.1,Smolder,16.1,15.24,,True,88,45,12,11,70,20,49,25,False,False,0.55,0.5645161290322581,1.4516129032258074,0.5568181818181818,0.5555555555555556,-0.12626262626261875,0.6282051282051282,0.44,-18.820512820512818,0.6428571428571429,0.4,-24.28571428571429,0.5568181795927681,0.560752888422384,0.3934708829615885,0.5197335092242072,0.5197335092242072,True,False,0.3158977895101613,2.050278509828423,-2.0502785098284226
Smolder|16.11,Smolder,16.11,16.10,,True,91,41,34,19,46,25,50,13,False,False,0.5371900826446281,0.36666666666666664,-17.052341597796143,0.5494505494505495,0.3170731707317073,-23.237737871884217,0.5714285714285714,0.3333333333333333,-23.809523809523807,0.5652173913043478,0.32,-24.521739130434778,0.5494505362362417,0.31970691199032825,-22.974362424591348,0.2633754472928693,0.2633754472928693,False,False,0.4913334323408921,1.7941203048668781,-1.794120304866878
Smolder|16.2,Smolder,16.2,16.1,,True,45,45,11,9,20,36,25,23,False,False,0.5645161290322581,0.4915254237288136,-7.299070530344453,0.5555555555555556,0.5111111111111111,-4.444444444444451,0.625,0.5526315789473685,-7.236842105263152,0.65,0.5277777777777778,-12.222222222222223,0.5555555480364555,0.5282208630697801,-2.733468496667535,1.710975947776916,1.710975947776916,False,False,0.5079975312463234,1.3777113112341277,-1.2771855399217653
Swain|16.4,Swain,16.4,16.3,,True,15,11,8,8,9,8,6,6,False,False,0.5185185185185185,0.5384615384615384,1.9943019943019946,0.4,0.5454545454545454,14.54545454545454,0.5294117647058824,0.5,-2.941176470588236,0.3333333333333333,0.5,16.666666666666668,0.4000000675198409,0.5530856553241098,15.308558780426889,0.7631042349723494,0.7631042349723494,False,False,0.31335370911268967,1.3482614801419597,-1.3482614801419595
Sylas|16.12,Sylas,16.12,16.11,,True,36,82,13,21,30,61,18,44,False,False,0.5,0.5333333333333333,3.3333333333333326,0.5,0.5365853658536586,3.658536585365857,0.5806451612903226,0.5806451612903226,0.0,0.5666666666666667,0.5737704918032787,0.7103825136612008,0.5000000034434174,0.5436680947673113,4.366809132389382,0.7082725470235252,0.7082725470235252,False,False,0.24974315190785543,1.5988857953508742,-1.5988857953508742
Sylas|16.15,Sylas,16.15,16.14,,True,71,65,33,29,45,45,32,32,False,False,0.45569620253164556,0.5211267605633803,6.54305580317347,0.4507042253521127,0.49230769230769234,4.160346695557965,0.42,0.5106382978723404,9.06382978723404,0.4222222222222222,0.5111111111111111,8.888888888888886,0.4507042300579062,0.49907502769553536,4.8370797637629135,0.6767330682049488,0.6767330682049488,False,False,0.17687287488594244,0.771967410481567,-0.7719674104815673
Syndra|16.4,Syndra,16.4,16.3,,True,43,19,8,7,35,15,21,9,False,False,0.4423076923076923,0.4166666666666667,-2.5641025641025603,0.4883720930232558,0.47368421052631576,-1.468788249694003,0.4634146341463415,0.4,-6.341463414634147,0.4857142857142857,0.4,-8.57142857142857,0.4883720915892027,0.47779896952146095,-1.0573122067741747,0.4114760429198283,0.4114760429198283,False,False,0.3940593753103657,2.299510793382775,-2.299510793382775
Teemo|16.11,Teemo,16.11,16.10,,True,68,66,14,14,46,56,41,36,False,False,0.5963302752293578,0.5555555555555556,-4.0774719673802196,0.6029411764705882,0.5454545454545454,-5.748663101604279,0.6,0.5588235294117647,-4.117647058823525,0.6521739130434783,0.5892857142857143,-6.288819875776397,0.6029411672453374,0.5460031968266943,-5.693797041864313,0.05486605973996639,0.05486605973996639,False,False,0.22152737183717594,1.7513977760974502,-1.7513977760974497
Thresh|16.17,Thresh,16.17,16.16,,True,38,27,17,16,18,14,26,19,False,False,0.6585365853658537,0.6896551724137931,3.111858704793946,0.6842105263157895,0.7037037037037037,1.949317738791423,0.7222222222222222,0.7142857142857143,-0.7936507936507908,0.7222222222222222,0.7142857142857143,-0.7936507936507908,0.6842105088378656,0.703567693463057,1.9357184625191426,-0.013599276272280303,0.013599276272280303,False,True,0.48912641408947993,1.1726360107159608,-1.1726360107159612
Tristana|16.1,Tristana,16.1,15.24,,True,19,8,12,4,0,0,11,3,False,False,0.5555555555555556,0.3125,-24.305555555555557,0.5789473684210527,0.375,-20.394736842105267,1.0,0.0,-100.0,,,,0.578947314609653,0.42167345369902304,-15.727386091062995,4.667350751042273,4.667350751042273,False,,0.3150669002545206,,
Twitch|16.4,Twitch,16.4,16.3,,True,6,54,5,11,4,5,2,29,False,False,0.5,0.5,0.0,0.3333333333333333,0.5370370370370371,20.370370370370377,0.5833333333333334,0.4444444444444444,-13.888888888888895,0.25,0.6,35.0,0.33333355331475945,0.5027859668796406,16.94524135648812,-3.425129013882259,3.425129013882259,False,False,0.13854429160463666,0.7693566401109339,-0.7693566401109339
Varus|16.3,Varus,16.3,16.2,,True,43,20,14,7,3,16,24,13,False,False,0.5,0.6052631578947368,10.526315789473683,0.5581395348837209,0.65,9.18604651162791,0.5,0.7037037037037037,20.370370370370374,1.0,0.75,-25.0,0.5581395348716836,0.6276264852163829,6.948695034469932,-2.237351477157979,2.237351477157979,False,True,0.7453951953063234,0.790100705199242,-0.790100705199242
Vayne|16.17,Vayne,16.17,16.16,,True,33,29,15,9,13,12,18,16,False,False,0.4888888888888889,0.53125,4.2361111111111125,0.5454545454545454,0.5517241379310345,0.6269592476489061,0.46153846153846156,0.75,28.846153846153843,0.46153846153846156,0.75,28.846153846153843,0.545454540295847,0.540271123244632,-0.5183417051214945,-1.1453009527704006,1.1453009527704006,True,False,0.2929315566385618,1.4326900438420167,-1.4326900438420165
Veigar|16.7,Veigar,16.7,16.6,,True,43,34,10,8,36,31,25,19,False,False,0.5869565217391305,0.5526315789473685,-3.4324942791762014,0.5813953488372093,0.5588235294117647,-2.2571819425444617,0.6216216216216216,0.5161290322580645,-10.54925893635571,0.6111111111111112,0.5161290322580645,-9.498207885304666,0.5813953368824785,0.564762136566903,-1.663320031557547,0.5938619109869148,0.5938619109869148,False,False,0.405345433316499,1.65554201057211,-1.65554201057211
Viego|16.1,Viego,16.1,15.24,,True,24,24,5,6,21,22,14,10,False,False,0.5714285714285714,0.45714285714285713,-11.428571428571427,0.5833333333333334,0.4166666666666667,-16.666666666666668,0.5636363636363636,0.4782608695652174,-8.53754940711462,0.6190476190476191,0.4090909090909091,-20.995670995670995,0.5833332870830154,0.4238905792675329,-15.944270781548248,0.72239588511842,0.72239588511842,False,False,0.25957668075516743,1.7983290146050792,-1.7983290146050792
Viego|16.2,Viego,16.2,16.1,,True,24,125,6,11,23,114,10,60,False,False,0.45714285714285713,0.4823529411764706,2.5210084033613467,0.4166666666666667,0.48,6.3333333333333295,0.4838709677419355,0.4789915966386555,-0.4879371103280017,0.43478260869565216,0.49122807017543857,5.644546147978641,0.41666668593748396,0.486895753749858,7.0229067812374035,0.689573447904074,0.689573447904074,False,False,0.5475609574936988,2.230418991971885,-2.2304189919718853
Xayah|16.1,Xayah,16.1,15.24,,True,7,10,5,8,0,4,4,4,False,False,0.6052631578947368,0.375,-23.026315789473685,0.5714285714285714,0.4,-17.14285714285714,0.5238095238095238,0.21428571428571427,-30.952380952380953,,0.25,,0.5714284588066244,0.4424153317708501,-12.901312703577434,4.241544439279705,4.241544439279705,False,,0.38780952651248946,0.9830877585747856,-0.9830877585747856
Xerath|16.17,Xerath,16.17,16.16,,True,45,41,17,18,30,24,20,16,False,False,0.4444444444444444,0.3902439024390244,-5.420054200542001,0.4444444444444444,0.3902439024390244,-5.420054200542001,0.5333333333333333,0.4583333333333333,-7.500000000000001,0.5333333333333333,0.4583333333333333,-7.500000000000001,0.444444442555844,0.383598628409221,-6.084581414662299,-0.664527214120298,0.664527214120298,False,False,0.23913744390431874,1.499721953857774,-1.499721953857774
Yasuo|16.1,Yasuo,16.1,15.24,,True,44,45,10,9,34,39,19,25,False,False,0.46153846153846156,0.5079365079365079,4.639804639804634,0.4318181818181818,0.5555555555555556,12.373737373737375,0.4897959183673469,0.5526315789473685,6.283566058002155,0.5,0.5384615384615384,3.8461538461538436,0.43181819603421856,0.5598967928025353,12.80785967683168,0.4341223030943038,0.4341223030943038,False,False,0.453388409113886,1.4302883300355487,-1.4302883300355487
Yasuo|16.17,Yasuo,16.17,16.16,,True,96,145,22,26,73,109,43,75,False,False,0.44,0.5163398692810458,7.63398692810458,0.4479166666666667,0.5172413793103449,6.932471264367818,0.45454545454545453,0.5181818181818182,6.363636363636366,0.4657534246575342,0.5229357798165137,5.718235515897952,0.44791667182635847,0.5179179475526496,7.000127572629117,0.06765630826129865,0.06765630826129865,False,False,0.31478393876961813,1.0312849726925153,-0.9435088406205746
Yone|16.1,Yone,16.1,15.24,,True,38,14,10,7,20,11,20,7,False,False,0.546875,0.53125,-1.5625,0.5263157894736842,0.5,-2.631578947368418,0.5294117647058824,0.5882352941176471,5.882352941176472,0.45,0.5454545454545454,9.54545454545454,0.5263157812157446,0.5123250068169125,-1.3990774398832118,1.2325015074852064,1.2325015074852064,False,True,0.2731813715712326,1.8180995981425117,-1.8180995981425117
Yone|16.17,Yone,16.17,16.16,,True,51,86,19,26,43,58,24,42,False,False,0.5,0.4945054945054945,-0.5494505494505475,0.47058823529411764,0.4883720930232558,1.7783857729138153,0.5208333333333334,0.4426229508196721,-7.821038251366125,0.4883720930232558,0.43103448275862066,-5.7337610264635135,0.47058823851957726,0.48993260920215537,1.9344370682578105,0.1560512953439952,0.1560512953439952,False,True,0.216490231550034,1.1687721607645563,-1.168772160764556
Yone|16.3,Yone,16.3,16.2,,True,14,24,5,15,1,10,8,11,False,False,0.4411764705882353,0.5625,12.132352941176471,0.5714285714285714,0.4583333333333333,-11.309523809523808,0.5833333333333334,0.5714285714285714,-1.1904761904761973,1.0,0.4,-60.0,0.5714285012082441,0.44118058985249026,-13.02479113557538,-1.7152673260515723,1.7152673260515723,False,False,0.5953659691023101,0.9556590428534795,-0.9556590428534795
Yunara|16.1,Yunara,16.1,15.24,,True,4,7,3,4,0,0,4,1,True,False,0.46875,0.3684210526315789,-10.032894736842108,1.0,0.14285714285714285,-85.71428571428572,0.5,0.6666666666666666,16.666666666666664,,,,0.9999936165754477,0.16051801920211395,-83.94755973733338,1.766725976952344,1.766725976952344,False,,0.5904494906559759,,
Yunara|16.14,Yunara,16.14,16.13,,True,32,36,12,9,15,25,15,15,False,False,0.5128205128205128,0.45098039215686275,-6.1840120663650024,0.46875,0.4166666666666667,-5.208333333333331,0.5238095238095238,0.4444444444444444,-7.936507936507942,0.4666666666666667,0.44,-2.666666666666667,0.4687499982450398,0.40758518521758175,-6.116481302745807,-0.9081479694124761,0.9081479694124761,False,False,0.6280976239612097,0.6504928096082871,-0.0819153828371193
Zaahen|16.3,Zaahen,16.3,16.2,,True,21,55,9,10,6,40,14,34,False,False,0.6052631578947368,0.5343511450381679,-7.09120128565689,0.6666666666666666,0.6181818181818182,-4.848484848484846,0.5555555555555556,0.5538461538461539,-0.17094017094017033,0.5,0.625,12.5,0.6666666192485048,0.6169619844769698,-4.970463477153498,-0.12197862866865172,0.12197862866865172,False,True,0.19249998916794142,1.5765162884274186,-1.5765162884274186
Zaahen|16.6,Zaahen,16.6,16.5,,True,42,19,13,9,21,17,22,12,False,False,0.46296296296296297,0.5882352941176471,12.52723311546841,0.5238095238095238,0.631578947368421,10.776942355889718,0.5238095238095238,0.7058823529411765,18.20728291316527,0.5238095238095238,0.7058823529411765,18.20728291316527,0.523809533275119,0.6376519172953733,11.384238402025426,0.6072960461357084,0.6072960461357084,False,False,0.1146570074480314,1.934499239468044,-1.934499239468044
Zed|16.10,Zed,16.10,16.9,,True,45,46,10,12,29,36,25,26,False,False,0.5531914893617021,0.5625,0.9308510638297851,0.5555555555555556,0.5652173913043478,0.9661835748792202,0.5517241379310345,0.6111111111111112,5.9386973180076685,0.5517241379310345,0.6111111111111112,5.9386973180076685,0.5555555496436066,0.5677380769742129,1.2182527330606208,0.2520691581814005,0.2520691581814005,False,False,0.6515721928094201,2.396151978558122,-2.3961519785581213
Zed|16.2,Zed,16.2,16.1,,True,81,9,12,7,65,7,45,4,False,False,0.5294117647058824,0.425,-10.441176470588237,0.5555555555555556,0.4444444444444444,-11.111111111111116,0.5625,0.4444444444444444,-11.805555555555557,0.5846153846153846,0.5714285714285714,-1.318681318681325,0.5555555481108073,0.46201229413974804,-9.354325397105928,1.7567857140051881,1.7567857140051881,False,False,0.6183138408231814,2.68707245156798,-2.68707245156798
Zed|16.3,Zed,16.3,16.2,,True,9,7,7,6,5,5,4,0,False,True,0.425,0.4,-2.4999999999999964,0.4444444444444444,0.0,-44.44444444444444,0.4166666666666667,0.44,2.3333333333333317,0.4,0.0,-40.0,0.444443015443756,1.8069571464971997e-06,-44.444120848660944,0.0003235957834988312,0.0003235957834988312,False,False,0.42429707085340534,2.7093316852573155,-2.709331685257315
