event_id,champion,patch,pre_patch,change_direction,n_pre_users,n_post_users,higher_support_view,window,pre_n,pre_mean,pre_median,pre_p25,pre_p75,pre_mean_log1p,pre_median_log1p,pre_p25_log1p,pre_p75_log1p,post_n,post_mean,post_median,post_p25,post_p75,post_mean_log1p,post_median_log1p,post_p25_log1p,post_p75_log1p,delta_mean,delta_median,delta_p25,delta_p75,delta_mean_log1p,delta_median_log1p,delta_p25_log1p,delta_p75_log1p,wasserstein_raw,wasserstein_log1p,experience_shift_direction,experience_support_10
Aphelios|16.1,Aphelios,16.1,15.24,,12,19,True,100,3,7.0,3,1.5,10.5,1.4435777800954437,1.3862943611198906,0.6931471805599453,2.1653666701431655,9,9.444444444444445,0,0.0,5.0,1.0226577560192511,0.0,0.0,1.791759469228055,2.4444444444444446,-3,-1.5,-5.5,-0.42092002407619256,-1.3862943611198906,-0.6931471805599453,-0.37360720091511057,8.66666666666667,0.7075128075052636,toward_lower_experience,False
Caitlyn|16.1,Caitlyn,16.1,15.24,,22,31,True,100,15,7.4,2,1.0,13.5,1.5537564616179824,1.0986122886681098,0.6931471805599453,2.6735537653587342,15,4.0,1,0.0,5.0,1.0603848892183796,0.6931471805599453,0.0,1.732867951399863,-3.4000000000000004,-1,-1.0,-8.5,-0.49337157239960283,-0.4054651081081645,-0.6931471805599453,-0.9406858139588712,3.4000000000000004,0.49337157239960283,toward_lower_experience,True
Garen|16.1,Garen,16.1,15.24,,18,15,True,100,10,8.0,2.0,1.0,4.75,1.3729952669602628,1.0986122886681098,0.6931471805599453,1.7461790800295665,10,2.6,0.0,0.0,2.5,0.702108396428914,0.0,0.0,1.2130075659799042,-5.4,-2.0,-1.0,-2.25,-0.6708868705313488,-1.0986122886681098,-0.6931471805599453,-0.5331715140496622,5.399999999999999,0.6708868705313488,toward_lower_experience,True
Jax|16.1,Jax,16.1,15.24,,19,19,True,100,13,14.615384615384615,2,0.0,13.0,1.6623659241751945,1.0986122886681098,0.0,2.6390573296152584,12,20.583333333333332,4.5,1.5,39.0,1.982376319898827,1.5890269151739727,0.8239592165010823,3.685349968917063,5.967948717948717,2.5,1.5,26.0,0.32001039572363243,0.49041462650586287,0.8239592165010823,1.0462926393018046,6.057692307692312,0.3305806681543336,toward_higher_experience,True
Jhin|16.1,Jhin,16.1,15.24,,30,17,True,100,12,5.333333333333333,2.5,0.75,9.0,1.3583972622097136,1.2424533248940002,0.5198603854199589,2.2891557723675486,12,3.8333333333333335,2.0,0.75,4.25,1.1510649025159296,1.0986122886681098,0.5198603854199589,1.5890269151739727,-1.4999999999999996,-0.5,0.0,-4.75,-0.20733235969378394,-0.1438410362258904,0.0,-0.700128857193576,1.4999999999999998,0.20733235969378397,toward_lower_experience,True
Jinx|16.1,Jinx,16.1,15.24,,16,21,True,100,9,9.11111111111111,4,1.0,13.0,1.7261971139430288,1.6094379124341003,0.6931471805599453,2.6390573296152584,9,9.555555555555555,6,3.0,15.0,2.083950188800734,1.9459101490553132,1.3862943611198906,2.772588722239781,0.44444444444444464,2,2.0,2.0,0.35775307485770513,0.33647223662121295,0.6931471805599453,0.13353139262452274,2.444444444444445,0.42380896896168985,toward_higher_experience,False
Lucian|16.1,Lucian,16.1,15.24,,17,21,True,100,9,1.4444444444444444,1,0.0,1.0,0.6260877336854721,0.6931471805599453,0.0,0.6931471805599453,7,3.5714285714285716,1,0.0,2.0,0.8478420279456554,0.6931471805599453,0.0,1.0986122886681098,2.1269841269841274,0,0.0,1.0,0.22175429426018334,0.0,0.0,0.4054651081081645,2.444444444444445,0.30283772660399133,toward_higher_experience,False
Senna|16.1,Senna,16.1,15.24,,13,10,True,100,5,0.4,0,0.0,1.0,0.2772588722239781,0.0,0.0,0.6931471805599453,5,0.4,0,0.0,1.0,0.2772588722239781,0.0,0.0,0.6931471805599453,0.0,0,0.0,0.0,0.0,0.0,0.0,0.0,0.0,0.0,approximately_stable,False
Smolder|16.1,Smolder,16.1,15.24,,19,18,True,100,12,2.6666666666666665,1.0,0.0,2.75,0.8535677381783123,0.6931471805599453,0.0,1.271899083808096,9,6.333333333333333,2,0.0,6.0,1.130957350990699,1.0986122886681098,0.0,1.9459101490553132,3.6666666666666665,1.0,0.0,3.25,0.2773896128123866,0.4054651081081645,0.0,0.6740110652472173,3.7222222222222237,0.3158977895101613,toward_higher_experience,False
Tristana|16.1,Tristana,16.1,15.24,,18,10,True,100,11,0.5454545454545454,0,0.0,1.0,0.3150669002545206,0.0,0.0,0.6931471805599453,4,0.0,0.0,0.0,0.0,0.0,0.0,0.0,0.0,-0.5454545454545454,0.0,0.0,-1.0,-0.3150669002545206,0.0,0.0,-0.6931471805599453,0.5454545454545455,0.3150669002545206,toward_lower_experience,False
Viego|16.1,Viego,16.1,15.24,,12,13,True,100,5,18.2,4,1.0,9.0,1.7923758025355365,1.6094379124341003,0.6931471805599453,2.302585092994046,5,20.6,6,2.0,16.0,2.0519524832907043,1.9459101490553132,1.0986122886681098,2.833213344056216,2.400000000000002,2,1.0,7.0,0.2595766807551678,0.33647223662121295,0.4054651081081645,0.5306282510621703,2.4,0.25957668075516743,toward_higher_experience,False
Xayah|16.1,Xayah,16.1,15.24,,12,11,True,100,5,1.6,0,0.0,4.0,0.6437751649736401,0.0,0.0,1.6094379124341003,7,0.42857142857142855,0,0.0,0.5,0.2559656384611507,0.0,0.0,0.34657359027997264,-1.1714285714285715,0,0.0,-3.5,-0.38780952651248934,0.0,0.0,-1.2628643221541276,1.1714285714285715,0.38780952651248946,toward_lower_experience,False
Yasuo|16.1,Yasuo,16.1,15.24,,18,20,True,100,10,9.5,1.5,0.0,13.0,1.3186182890117284,0.8958797346140275,0.0,2.5272694861506872,9,5.888888888888889,2,2.0,4.0,1.343910772131582,1.0986122886681098,1.0986122886681098,1.6094379124341003,-3.6111111111111107,0.5,2.0,-9.0,0.025292483119853548,0.2027325540540823,1.0986122886681098,-0.917831573716587,4.677777777777779,0.453388409113886,approximately_stable,False
Yone|16.1,Yone,16.1,15.24,,21,15,True,100,10,3.5,1.5,0.25,2.75,1.0227308671603783,0.8958797346140275,0.17328679513998632,1.3143738430069454,7,4.285714285714286,1,0.0,6.0,1.0389140560814352,0.6931471805599453,0.0,1.8444397270569683,0.7857142857142856,-0.5,-0.25,3.25,0.016183188921056857,-0.2027325540540822,-0.17328679513998632,0.530065884050023,1.4142857142857146,0.2731813715712326,approximately_stable,False
Yunara|16.1,Yunara,16.1,15.24,,10,12,True,100,3,2.6666666666666665,3,2.0,3.5,1.2296264847046454,1.3862943611198906,1.0397207708399179,1.4978661367769954,4,4.0,4.0,0.75,7.25,1.2424533248940002,1.3862943611198906,0.5198603854199589,2.1088873005939317,1.3333333333333335,1.0,-1.25,3.75,0.01282684018935476,0.0,-0.5198603854199589,0.6110211638169363,2.5,0.5904494906559759,approximately_stable,False
Gwen|16.2,Gwen,16.2,16.1,,18,11,True,100,12,1.8333333333333333,0.0,0.0,0.5,0.48475926333026703,0.0,0.0,0.27465307216702745,5,9.4,8,1.0,12.0,1.7502315962724062,2.1972245773362196,0.6931471805599453,2.5649493574615367,7.566666666666667,8.0,1.0,11.5,1.2654723329421391,2.1972245773362196,0.6931471805599453,2.2902962852945095,7.5666666666666655,1.2654723329421391,toward_higher_experience,False
Malphite|16.2,Malphite,16.2,16.1,,23,18,True,100,9,2.888888888888889,0,0.0,2.0,0.6810055788956162,0.0,0.0,1.0986122886681098,13,3.4615384615384617,0,0.0,5.0,0.9195792015149435,0.0,0.0,1.791759469228055,0.5726495726495728,0,0.0,3.0,0.23857362261932735,0.0,0.0,0.6931471805599452,1.051282051282052,0.2748558961962279,toward_higher_experience,False
Sivir|16.2,Sivir,16.2,16.1,,20,16,True,100,12,2.4166666666666665,0.0,0.0,2.25,0.5949055833287936,0.0,0.0,1.170532806781055,9,2.4444444444444446,1,0.0,2.0,0.873353895274685,0.6931471805599453,0.0,1.0986122886681098,0.027777777777778123,1.0,0.0,-0.25,0.27844831194589137,0.6931471805599453,0.0,-0.0719205181129452,1.5833333333333335,0.3876999472935607,toward_higher_experience,False
Smolder|16.2,Smolder,16.2,16.1,,18,14,True,100,9,6.333333333333333,2,0.0,6.0,1.130957350990699,1.0986122886681098,0.0,1.9459101490553132,8,6.625,5.5,0.0,12.25,1.472907237385862,1.844439727056968,0.0,2.5834763504999674,0.29166666666666696,3.5,0.0,6.25,0.3419498863951631,0.7458274383888581,0.0,0.6375662014446541,4.736111111111112,0.5079975312463234,toward_higher_experience,False
Viego|16.2,Viego,16.2,16.1,,13,19,True,100,5,20.6,6,2.0,16.0,2.0519524832907043,1.9459101490553132,1.0986122886681098,2.833213344056216,10,14.8,2.0,0.0,13.5,1.5043915257970053,1.0397207708399179,0.0,2.6113875453059907,-5.800000000000001,-4.0,-2.0,-2.5,-0.547560957493699,-0.9061893782153954,-1.0986122886681098,-0.22182579875022546,5.799999999999999,0.5475609574936988,toward_lower_experience,False
Zed|16.2,Zed,16.2,16.1,,20,18,True,100,12,11.166666666666666,2.5,1.0,4.25,1.482532973345754,1.2424533248940002,0.6931471805599453,1.6550183016325888,7,18.428571428571427,5,1.5,22.5,1.9193374654057,1.791759469228055,0.6931471805599453,2.9567515028191353,7.261904761904761,2.5,0.5,18.25,0.4368044920599461,0.5493061443340548,0.0,1.3017332011865466,8.833333333333336,0.6183138408231814,toward_higher_experience,False
Ahri|16.3,Ahri,16.3,16.2,,24,23,True,100,11,7.454545454545454,1,0.0,3.5,1.0065114458048043,0.6931471805599453,0.0,1.4978661367769954,11,8.818181818181818,3,1.5,5.5,1.4898570986431807,1.3862943611198906,0.8958797346140275,1.868834809141684,1.3636363636363642,2,1.5,2.0,0.4833456528383764,0.6931471805599453,0.8958797346140275,0.37096867236468856,1.7272727272727268,0.4888557163829816,toward_higher_experience,True
Braum|16.3,Braum,16.3,16.2,,15,19,True,100,8,3.625,0.5,0.0,3.75,0.8730895400147832,0.34657359027997264,0.0,1.3996054897495938,11,2.272727272727273,1,0.0,2.0,0.8326789128729479,0.6931471805599453,0.0,1.0986122886681098,-1.352272727272727,0.5,0.0,-1.75,-0.0404106271418353,0.34657359027997264,0.0,-0.300993201081484,1.7840909090909092,0.29395657994811936,approximately_stable,False
Diana|16.3,Diana,16.3,16.2,,27,11,True,100,20,8.6,3.0,1.0,9.5,1.5115461177032392,1.3862943611198906,0.6931471805599453,2.324930983277717,7,15.571428571428571,14,3.0,19.5,2.2967533794911517,2.70805020110221,1.3862943611198906,2.995732273553991,6.9714285714285715,11.0,2.0,10.0,0.7852072617879124,1.3217558399823195,0.6931471805599453,0.6708012902762737,7.328571428571429,0.793154438387714,toward_higher_experience,False
Ekko|16.3,Ekko,16.3,16.2,,19,14,True,100,11,6.181818181818182,0,0.0,4.5,1.0333402686174677,0.0,0.0,1.7005986908310775,7,4.571428571428571,2,1.5,4.5,1.28755208105865,1.0986122886681098,0.8958797346140275,1.5890269151739727,-1.6103896103896105,2,1.5,0.0,0.2542118124411823,1.0986122886681098,0.8958797346140275,-0.11157177565710485,3.4805194805194803,0.5846690130396202,toward_higher_experience,False
Ezreal|16.3,Ezreal,16.3,16.2,,12,20,True,100,5,0.4,0,0.0,0.0,0.21972245773362195,0.0,0.0,0.0,9,5.333333333333333,3,0.0,7.0,1.2761498552444437,1.3862943611198906,0.0,2.0794415416798357,4.933333333333333,3,0.0,7.0,1.0564273975108218,1.3862943611198906,0.0,2.0794415416798357,4.933333333333334,1.0564273975108218,toward_higher_experience,False
Ryze|16.3,Ryze,16.3,16.2,,16,11,True,100,10,2.9,1.5,0.0,4.0,0.9615805480084347,0.8958797346140275,0.0,1.6094379124341003,10,4.7,4.5,0.25,9.0,1.3251959035175205,1.666102255087602,0.17328679513998632,2.2848989918626064,1.8000000000000003,3.0,0.25,5.0,0.36361535550908575,0.7702225204735744,0.17328679513998632,0.6754610794285061,1.8000000000000003,0.36361535550908575,toward_higher_experience,True
Varus|16.3,Varus,16.3,16.2,,20,14,True,100,13,0.6923076923076923,0,0.0,1.0,0.3682685955986189,0.0,0.0,0.6931471805599453,7,2.7142857142857144,2,1.5,3.0,1.113663790904942,1.0986122886681098,0.8958797346140275,1.354025100551105,2.021978021978022,2,1.5,2.0,0.7453951953063231,1.0986122886681098,0.8958797346140275,0.6608779199911597,2.0219780219780223,0.7453951953063234,toward_higher_experience,False
Yone|16.3,Yone,16.3,16.2,,14,20,True,100,5,4.0,2,0.0,9.0,1.1407564949312403,1.0986122886681098,0.0,2.302585092994046,13,1.1538461538461537,0,0.0,2.0,0.5453905258289301,0.0,0.0,1.0986122886681098,-2.8461538461538463,-2,0.0,-7.0,-0.5953659691023102,-1.0986122886681098,0.0,-1.2039728043259361,2.8461538461538463,0.5953659691023101,toward_lower_experience,False
Zaahen|16.3,Zaahen,16.3,16.2,,15,16,True,100,9,5.222222222222222,2,1.0,6.0,1.3945014502000626,1.0986122886681098,0.6931471805599453,1.9459101490553132,7,6.285714285714286,2,1.0,10.0,1.4245829062859627,1.0986122886681098,0.6931471805599453,2.2213256282451583,1.0634920634920633,0,0.0,4.0,0.030081456085900182,0.0,0.0,0.2754154791898451,1.5396825396825395,0.19249998916794142,approximately_stable,False
Zed|16.3,Zed,16.3,16.2,,18,12,True,100,7,18.428571428571427,5,1.5,22.5,1.9193374654057,1.791759469228055,0.6931471805599453,2.9567515028191353,5,24.0,10,3.0,31.0,2.3187461917143346,2.3978952727983707,1.3862943611198906,3.4657359027997265,5.571428571428573,5,1.5,8.5,0.39940872630863455,0.6061358035703157,0.6931471805599453,0.5089843999805912,6.428571428571425,0.42429707085340534,toward_higher_experience,False
Brand|16.4,Brand,16.4,16.3,,11,10,True,100,6,5.5,2.0,2.0,2.75,1.3168345086654034,1.0986122886681098,1.0986122886681098,1.3143738430069454,6,4.666666666666667,1.0,0.25,3.25,1.0218710815805234,0.6931471805599453,0.17328679513998632,1.3803652294655615,-0.833333333333333,-1.0,-1.75,0.5,-0.29496342708488,-0.4054651081081645,-0.9253254935281234,0.06599138645861613,1.1666666666666665,0.36934461085628323,toward_lower_experience,False
Braum|16.4,Braum,16.4,16.3,,19,14,True,100,11,2.272727272727273,1,0.0,2.0,0.8326789128729479,0.6931471805599453,0.0,1.0986122886681098,4,3.75,4.0,1.75,6.0,1.4208949418346704,1.5222612188617115,0.9972460116410686,1.9459101490553132,1.477272727272727,3.0,1.75,4.0,0.5882160289617224,0.8291140383017662,0.9972460116410686,0.8472978603872034,2.3863636363636367,0.6946735773921916,toward_higher_experience,False
Darius|16.4,Darius,16.4,16.3,,12,12,True,100,5,11.4,2,0.0,6.0,1.3913090886303139,1.0986122886681098,0.0,1.9459101490553132,6,9.166666666666666,0.5,0.0,4.0,1.0661549425360244,0.34657359027997264,0.0,1.5171063970610277,-2.2333333333333343,-1.5,0.0,-2.0,-0.3251541460942895,-0.7520386983881371,0.0,-0.42880375199428555,2.233333333333333,0.32515414609428933,toward_lower_experience,False
Jinx|16.4,Jinx,16.4,16.3,,21,16,True,100,11,6.0,4,1.0,8.5,1.4691332043022571,1.6094379124341003,0.6931471805599453,2.2154083994216567,10,6.3,3.5,1.0,9.5,1.4715330386182006,1.4451858789480823,0.6931471805599453,2.347727598932833,0.2999999999999998,-0.5,0.0,1.0,0.002399834315943483,-0.16425203348601802,0.0,0.13231919951117632,0.7363636363636362,0.1161884511941168,approximately_stable,True
Lux|16.4,Lux,16.4,16.3,,19,20,True,100,13,10.923076923076923,1,0.0,5.0,1.2443826295802831,0.6931471805599453,0.0,1.791759469228055,16,11.4375,1.0,0.0,12.75,1.274463059723037,0.6931471805599453,0.0,2.571182067938357,0.5144230769230766,0.0,0.0,7.75,0.030080430142753967,0.0,0.0,0.7794225987103021,4.100961538461537,0.22267815436143223,approximately_stable,True
Senna|16.4,Senna,16.4,16.3,,12,15,True,100,7,4.571428571428571,0,0.0,0.5,0.5941261547656673,0.0,0.0,0.34657359027997264,11,3.272727272727273,1,0.0,2.0,0.8478656478423265,0.6931471805599453,0.0,1.0986122886681098,-1.2987012987012982,1,0.0,1.5,0.2537394930766592,0.6931471805599453,0.0,0.7520386983881371,2.701298701298702,0.5075379793147645,toward_higher_experience,False
Swain|16.4,Swain,16.4,16.3,,14,12,True,100,7,5.142857142857143,3,0.5,9.5,1.337555681490924,1.3862943611198906,0.34657359027997264,2.3221954495706862,8,2.875,2.0,0.75,5.25,1.0737124852753732,1.0397207708399179,0.5198603854199589,1.8302971391848697,-2.2678571428571432,-1.0,0.25,-4.25,-0.26384319621555075,-0.3465735902799727,0.1732867951399863,-0.49189831038581655,2.339285714285714,0.31335370911268967,toward_lower_experience,False
Syndra|16.4,Syndra,16.4,16.3,,11,11,True,100,8,19.125,4.5,0.75,23.5,1.8364973494564072,1.5890269151739727,0.5198603854199589,2.8420182720726874,7,15.428571428571429,6,1.5,10.0,1.776104288020597,1.9459101490553132,0.6931471805599453,2.359249435647547,-3.696428571428571,1.5,0.75,-13.5,-0.060393061435810136,0.3568832338813406,0.17328679513998635,-0.48276883642514035,7.982142857142855,0.3940593753103657,approximately_stable,False
Twitch|16.4,Twitch,16.4,16.3,,10,13,True,100,5,1.4,0,0.0,3.0,0.5991464547107982,0.0,0.0,1.3862943611198906,11,1.5454545454545454,0,0.0,3.0,0.6349742109198423,0.0,0.0,1.354025100551105,0.1454545454545455,0,0.0,0.0,0.035827756209044104,0.0,0.0,-0.03226926056878554,0.4727272727272728,0.13854429160463666,approximately_stable,False
Akali|16.5,Akali,16.5,16.4,,16,13,True,100,13,5.230769230769231,1,0.0,3.0,1.0221214974073343,0.6931471805599453,0.0,1.3862943611198906,12,7.75,2.5,0.75,4.0,1.3083966975233057,1.2424533248940002,0.5198603854199589,1.6094379124341003,2.519230769230769,1.5,0.75,1.0,0.2862752001159714,0.5493061443340549,0.5198603854199589,0.2231435513142097,2.5192307692307727,0.28627520011597163,toward_higher_experience,True
Garen|16.5,Garen,16.5,16.4,,10,20,True,100,5,5.2,4,3.0,5.0,1.7317385507379874,1.6094379124341003,1.3862943611198906,1.791759469228055,16,2.1875,0.0,0.0,4.25,0.697763668167542,0.0,0.0,1.6550183016325888,-3.0125,-4.0,-3.0,-0.75,-1.0339748825704453,-1.6094379124341003,-1.3862943611198906,-0.13674116759546617,3.2625,1.0532437175488525,toward_lower_experience,False
Orianna|16.5,Orianna,16.5,16.4,,11,15,True,100,5,5.4,0,0.0,1.0,0.7977968093128549,0.0,0.0,0.6931471805599453,10,5.1,1.5,0.25,7.5,1.1877568578558138,0.8958797346140275,0.17328679513998632,2.073512410025507,-0.3000000000000007,1.5,0.25,6.5,0.38996004854295885,0.8958797346140275,0.17328679513998632,1.3803652294655615,3.1000000000000005,0.5675383000134505,toward_higher_experience,False
Ahri|16.6,Ahri,16.6,16.5,,20,17,True,100,11,9.545454545454545,1,0.0,9.5,1.195032808690639,0.6931471805599453,0.0,2.1097538525880535,14,5.214285714285714,2.5,1.0,3.75,1.2079943142336933,1.2424533248940002,0.6931471805599453,1.5536520246055479,-4.331168831168831,1.5,1.0,-5.75,0.012961505543054308,0.5493061443340549,0.6931471805599453,-0.5561018279825056,5.344155844155846,0.49914795225929276,approximately_stable,True
Shen|16.6,Shen,16.6,16.5,,15,13,True,100,11,15.363636363636363,2,1.0,33.0,1.8159657827526237,1.0986122886681098,0.6931471805599453,3.5224525585646855,9,17.444444444444443,7,0.0,22.0,1.9846864928742332,2.0794415416798357,0.0,3.1354942159291497,2.0808080808080796,5,-1.0,-11.0,0.1687207101216095,0.980829253011726,-0.6931471805599453,-0.38695834263553586,5.737373737373737,0.5069650562521013,toward_higher_experience,False
Zaahen|16.6,Zaahen,16.6,16.5,,15,12,True,100,13,8.461538461538462,4,0.0,14.0,1.5839978414816984,1.6094379124341003,0.0,2.70805020110221,9,7.444444444444445,4,0.0,11.0,1.5046105195862565,1.6094379124341003,0.0,2.4849066497880004,-1.017094017094017,0,0.0,-3.0,-0.07938732189544195,0.0,0.0,-0.2231435513142097,1.307692307692307,0.1146570074480314,approximately_stable,False
Graves|16.7,Graves,16.7,16.6,,12,11,True,100,11,5.636363636363637,2,0.5,9.5,1.3319233455573638,1.0986122886681098,0.34657359027997264,2.3221954495706862,8,10.25,4.5,2.25,13.0,1.7433568199991702,1.7005986908310775,1.0397207708399179,2.632015354110207,4.613636363636363,2.5,1.75,3.5,0.41143347444180645,0.6019864021629677,0.6931471805599452,0.3098199045395207,4.613636363636363,0.41143347444180617,toward_higher_experience,False
Karma|16.7,Karma,16.7,16.6,,22,19,True,100,18,8.166666666666666,3.0,0.25,10.5,1.4885635785639773,1.354025100551105,0.17328679513998632,2.439326260589512,15,7.666666666666667,2,1.0,12.5,1.5141976182575665,1.0986122886681098,0.6931471805599453,2.596478425445105,-0.4999999999999991,-1.0,0.75,2.0,0.02563403969358924,-0.25541281188299525,0.5198603854199589,0.15715216485559313,1.9444444444444444,0.16501902574908253,approximately_stable,True
Nami|16.7,Nami,16.7,16.6,,22,20,True,100,11,14.090909090909092,4,2.0,9.0,1.876698667494174,1.6094379124341003,1.0986122886681098,2.2975599250672953,10,21.5,6.0,0.0,37.5,1.908720464939187,1.8444397270569683,0.0,3.6363033412563275,7.409090909090908,2.0,-2.0,28.5,0.03202179744501299,0.23500181462286807,-1.0986122886681098,1.3387434161890321,8.627272727272729,0.6786511207179634,approximately_stable,True
Ornn|16.7,Ornn,16.7,16.6,,11,11,True,100,7,1.1428571428571428,0,0.0,1.5,0.5119312769223014,0.0,0.0,0.8958797346140275,6,2.5,0.5,0.0,1.75,0.7261181377815986,0.34657359027997264,0.0,0.9972460116410686,1.3571428571428572,0.5,0.0,0.25,0.21418686085929717,0.34657359027997264,0.0,0.10136627702704115,1.3571428571428568,0.2141868608592971,toward_higher_experience,False
Veigar|16.7,Veigar,16.7,16.6,,12,11,True,100,10,15.6,2.5,0.25,19.75,1.583986213332615,1.1512925464970227,0.17328679513998632,2.8459318816246366,8,15.0,5.0,0.75,8.5,1.6833504729593398,1.7776740307447068,0.5198603854199589,2.2193454886636914,-0.5999999999999996,2.5,0.5,-11.25,0.0993642596267248,0.626381484247684,0.3465735902799726,-0.6265863929609452,5.300000000000002,0.405345433316499,approximately_stable,False
Karma|16.8,Karma,16.8,16.7,,19,12,True,100,15,7.666666666666667,2,1.0,12.5,1.5141976182575665,1.0986122886681098,0.6931471805599453,2.596478425445105,8,15.0,11.5,2.75,25.5,2.3567395811257357,2.5053176470481278,1.3143738430069454,3.2651305039149996,7.333333333333333,9.5,1.75,13.0,0.8425419628681692,1.406705358380018,0.6212266624470001,0.6686520784698944,7.466666666666667,0.8462980797970623,toward_higher_experience,False
Mel|16.8,Mel,16.8,16.7,,13,11,True,100,11,4.090909090909091,1,0.0,3.0,0.9906126659587646,0.6931471805599453,0.0,1.354025100551105,8,5.75,3.0,2.0,6.5,1.522987965094889,1.354025100551105,1.0986122886681098,2.0087387561255396,1.6590909090909092,2.0,2.0,3.5,0.5323752991361244,0.6608779199911597,1.0986122886681098,0.6547136555744346,2.3636363636363633,0.5802267362672905,toward_higher_experience,False
Ambessa|16.9,Ambessa,16.9,16.8,,13,10,True,100,9,6.666666666666667,1,0.0,16.0,1.293475944313417,0.6931471805599453,0.0,2.833213344056216,6,8.833333333333334,3.0,1.0,17.0,1.587865470287957,1.2424533248940002,0.6931471805599453,2.7662217073257507,2.166666666666667,2.0,1.0,1.0,0.29438952597454016,0.5493061443340549,0.6931471805599453,-0.06699163673046549,2.1666666666666665,0.2943895259745402,toward_higher_experience,False
Ezreal|16.9,Ezreal,16.9,16.8,,21,26,True,100,16,12.5625,8.0,2.75,20.5,2.0945775849517343,2.1910133173369406,1.3143738430069454,3.067265382274855,18,9.333333333333334,3.0,0.0,11.75,1.5514971284263503,1.3862943611198906,0.0,2.5449386805431526,-3.229166666666666,-5.0,-2.75,-8.75,-0.543080456525384,-0.80471895621705,-1.3143738430069454,-0.5223267017317021,3.3263888888888893,0.5461671355281905,toward_lower_experience,True
Ambessa|16.10,Ambessa,16.10,16.9,,10,10,True,100,6,8.833333333333334,3.0,1.0,17.0,1.587865470287957,1.2424533248940002,0.6931471805599453,2.7662217073257507,8,5.25,3.5,0.75,6.0,1.3509632128970017,1.4978661367769954,0.5198603854199589,1.8483157736909592,-3.583333333333334,0.5,-0.25,-11.0,-0.23690225739095538,0.25541281188299525,-0.17328679513998635,-0.9179059336347914,4.083333333333334,0.41018905253094196,toward_lower_experience,False
Anivia|16.10,Anivia,16.10,16.9,,10,11,True,100,6,7.333333333333333,1.0,0.0,2.75,1.0289643506503228,0.5493061443340549,0.0,1.3143738430069454,9,6.888888888888889,1,0.0,2.0,1.0610739641755336,0.6931471805599453,0.0,1.0986122886681098,-0.44444444444444375,0.0,0.0,-0.75,0.0321096135252108,0.1438410362258904,0.0,-0.2157615543388356,2.333333333333332,0.22373317458523875,approximately_stable,False
Ashe|16.10,Ashe,16.10,16.9,,23,31,True,100,19,4.368421052631579,2,0.0,4.5,1.0980359596324099,1.0986122886681098,0.0,1.666102255087602,23,5.043478260869565,1,0.0,6.0,1.1216628960673352,0.6931471805599453,0.0,1.9459101490553132,0.6750572082379867,-1,0.0,1.5,0.023626936434925305,-0.4054651081081645,0.0,0.27980789396771133,1.2334096109839827,0.1604492336624171,approximately_stable,True
Galio|16.10,Galio,16.10,16.9,,15,20,True,100,12,1.5,1.0,0.0,2.0,0.6888041804650276,0.6931471805599453,0.0,1.0986122886681098,17,2.235294117647059,0,0.0,2.0,0.6846280394279876,0.0,0.0,1.0986122886681098,0.7352941176470589,-1.0,0.0,0.0,-0.004176141037040004,-0.6931471805599453,0.0,0.0,1.2254901960784315,0.2799656174316105,approximately_stable,True
Zed|16.10,Zed,16.10,16.9,,12,14,True,100,10,16.7,8.5,3.0,19.25,2.183654381671142,2.178354413344796,1.3862943611198906,2.9952943902942897,12,8.833333333333334,4.0,0.0,16.25,1.53638475693756,1.6094379124341003,0.0,2.8405721511106914,-7.866666666666665,-4.5,-3.0,-3.0,-0.6472696247335821,-0.5689165009106956,-1.3862943611198906,-0.1547222391835983,7.933333333333331,0.6515721928094201,toward_lower_experience,True
Brand|16.11,Brand,16.11,16.10,,23,16,True,100,15,2.933333333333333,1,0.0,3.0,0.8714327364687049,0.6931471805599453,0.0,1.354025100551105,10,2.2,1.0,0.0,4.75,0.8525161361065414,0.6931471805599453,0.0,1.7461790800295665,-0.733333333333333,0.0,0.0,1.75,-0.01891660036216347,0.0,0.0,0.3921539794784614,1.733333333333333,0.26997263337883437,approximately_stable,True
Diana|16.11,Diana,16.11,16.10,,13,19,True,100,10,8.7,0.0,0.0,2.0,0.9532858559263421,0.0,0.0,1.0986122886681098,16,5.5,0.0,0.0,5.0,0.8763955991474135,0.0,0.0,1.791759469228055,-3.1999999999999993,0.0,0.0,3.0,-0.07689025677892858,0.0,0.0,0.6931471805599452,4.449999999999999,0.3528546664511099,approximately_stable,True
Smolder|16.11,Smolder,16.11,16.10,,45,26,True,100,33,5.363636363636363,3,1.0,5.0,1.283543094023833,1.3862943611198906,0.6931471805599453,1.791759469228055,18,8.222222222222221,6.0,2.25,12.25,1.7257558416359098,1.9356005054539454,1.170532806781055,2.5787668154110364,2.858585858585858,3.0,1.25,7.25,0.44221274761207674,0.5493061443340548,0.4773856262211097,0.7870073461829814,4.06060606060606,0.4913334323408921,toward_higher_experience,True
Teemo|16.11,Teemo,16.11,16.10,,21,19,True,100,14,11.214285714285714,1.0,0.0,3.75,1.1032972761998265,0.6931471805599453,0.0,1.5536520246055479,13,8.923076923076923,1,0.0,4.0,1.0585848710688741,0.6931471805599453,0.0,1.6094379124341003,-2.29120879120879,0.0,0.0,0.25,-0.044712405130952426,0.0,0.0,0.05578588782855243,3.225274725274728,0.22152737183717594,approximately_stable,True
Aatrox|16.12,Aatrox,16.12,16.11,,14,13,True,100,13,7.461538461538462,1,1.0,4.0,1.3156874096763818,0.6931471805599453,0.6931471805599453,1.6094379124341003,11,6.2727272727272725,1,0.0,3.5,1.0164620451575161,0.6931471805599453,0.0,1.4978661367769954,-1.1888111888111892,0,-1.0,-0.5,-0.2992253645188656,0.0,-0.6931471805599453,-0.11157177565710485,1.8461538461538467,0.3221971537464607,toward_lower_experience,True
Jax|16.12,Jax,16.12,16.11,,15,12,True,100,13,7.615384615384615,1,0.0,5.0,1.1750071196041527,0.6931471805599453,0.0,1.791759469228055,9,8.88888888888889,1,1.0,3.0,1.203716052797122,0.6931471805599453,0.6931471805599453,1.3862943611198906,1.2735042735042743,0,1.0,-2.0,0.0287089331929693,0.0,0.6931471805599453,-0.4054651081081644,3.3760683760683805,0.3145596818662043,approximately_stable,False
Nocturne|16.12,Nocturne,16.12,16.11,,13,12,True,100,12,7.666666666666667,6.5,0.0,13.5,1.5329829240608719,2.0126758453675744,0.0,2.672440177771389,8,8.0,6.0,0.0,14.25,1.4029552638939342,1.2824746787307684,0.0,2.724184831386603,0.33333333333333304,-0.5,0.0,0.75,-0.13002766016693768,-0.730201166636806,0.0,0.05174465361521374,2.166666666666666,0.3392609870163678,toward_lower_experience,False
Orianna|16.12,Orianna,16.12,16.11,,12,12,True,100,12,4.833333333333333,0.0,0.0,4.5,0.8816070912300801,0.0,0.0,1.4651965558664664,11,6.090909090909091,1,1.0,6.5,1.2685763537892814,0.6931471805599453,0.6931471805599453,1.8920948169591307,1.2575757575757578,1.0,1.0,2.0,0.3869692625592013,0.6931471805599453,0.6931471805599453,0.4268982610926644,2.2878787878787876,0.45095144311685165,toward_higher_experience,True
Sylas|16.12,Sylas,16.12,16.11,,15,28,True,100,13,5.076923076923077,3,0.0,7.0,1.2916008866650572,1.3862943611198906,0.0,2.0794415416798357,21,4.0,2,0.0,7.0,1.0729676792851837,1.0986122886681098,0.0,2.0794415416798357,-1.0769230769230766,-1,0.0,0.0,-0.21863320737987357,-0.2876820724517808,0.0,0.0,1.428571428571428,0.24974315190785543,toward_lower_experience,True
Bard|16.13,Bard,16.13,16.12,,10,14,True,100,6,6.333333333333333,3.0,0.25,9.5,1.343475958822386,1.2424533248940002,0.17328679513998632,2.311619854648014,10,4.0,2.0,0.0,5.25,1.081769611820596,1.0986122886681098,0.0,1.8060062020714576,-2.333333333333333,-1.0,-0.25,-4.25,-0.26170634700178996,-0.1438410362258904,-0.17328679513998632,-0.5056136525765564,2.533333333333333,0.3427993686234232,toward_lower_experience,False
Brand|16.13,Brand,16.13,16.12,,23,25,True,100,14,3.642857142857143,1.0,0.0,6.0,0.9690463656174596,0.5493061443340549,0.0,1.9459101490553132,21,2.3333333333333335,0,0.0,1.0,0.6144690044987515,0.0,0.0,0.6931471805599453,-1.3095238095238093,-1.0,0.0,-5.0,-0.3545773611187081,-0.5493061443340549,0.0,-1.252762968495368,1.8809523809523807,0.3833660155827969,toward_lower_experience,True
Senna|16.13,Senna,16.13,16.12,,34,43,True,100,27,3.4814814814814814,1,0.0,3.5,0.8744031555586064,0.6931471805599453,0.0,1.4978661367769954,36,3.9166666666666665,1.0,0.0,5.25,1.0042550170908906,0.6931471805599453,0.0,1.8302971391848697,0.4351851851851851,0.0,0.0,1.75,0.12985186153228423,0.0,0.0,0.33243100240787427,0.9537037037037045,0.16467919085291355,toward_higher_experience,True
Sion|16.13,Sion,16.13,16.12,,13,14,True,100,8,8.5,5.5,1.5,9.75,1.6573955523620594,1.868834809141684,0.8239592165010823,2.3681761591109187,12,3.6666666666666665,0.0,0.0,2.0,0.7367511925403244,0.0,0.0,1.0986122886681098,-4.833333333333334,-5.5,-1.5,-7.75,-0.920644359821735,-1.868834809141684,-0.8239592165010823,-1.269563870442809,4.833333333333333,0.9206443598217349,toward_lower_experience,False
Garen|16.14,Garen,16.14,16.13,,31,15,True,100,25,4.04,0,0.0,4.0,0.8103659284458211,0.0,0.0,1.6094379124341003,13,5.230769230769231,1,0.0,4.0,0.9626265698176684,0.6931471805599453,0.0,1.6094379124341003,1.1907692307692308,1,0.0,0.0,0.15226064137184725,0.6931471805599453,0.0,0.0,2.046153846153845,0.21771823501808135,toward_higher_experience,True
Jayce|16.14,Jayce,16.14,16.13,,11,15,True,100,9,1.4444444444444444,1,0.0,2.0,0.646345684440356,0.6931471805599453,0.0,1.0986122886681098,15,8.333333333333334,3,0.0,4.5,1.1713451835077475,1.3862943611198906,0.0,1.7005986908310775,6.888888888888889,2,0.0,2.5,0.5249994990673915,0.6931471805599453,0.0,0.6019864021629677,6.8888888888888875,0.5249994990673914,toward_higher_experience,False
Locke|16.14,Locke,16.14,16.13,,31,20,True,100,24,0.0,0.0,0.0,0.0,0.0,0.0,0.0,0.0,17,3.6470588235294117,2,0.0,7.0,1.0801475947704116,1.0986122886681098,0.0,2.0794415416798357,3.6470588235294117,2.0,0.0,7.0,1.0801475947704116,1.0986122886681098,0.0,2.0794415416798357,3.647058823529412,1.0801475947704118,toward_higher_experience,True
Mordekaiser|16.14,Mordekaiser,16.14,16.13,,16,29,True,100,13,2.3846153846153846,1,0.0,3.0,0.8957211301069559,0.6931471805599453,0.0,1.3862943611198906,23,3.0,1,0.0,3.5,0.8507762869232568,0.6931471805599453,0.0,1.4978661367769954,0.6153846153846154,0,0.0,0.5,-0.04494484318369907,0.0,0.0,0.11157177565710485,1.016722408026756,0.21513481665492498,approximately_stable,True
Nami|16.14,Nami,16.14,16.13,,17,13,True,100,14,17.642857142857142,6.5,3.0,19.25,2.1824454640350566,1.9944920232821373,1.3862943611198906,2.9952943902942897,10,19.6,7.0,3.5,14.25,2.2121975606928466,2.0794415416798357,1.4876606381469317,2.700556281290674,1.957142857142859,0.5,0.5,-5.0,0.029752096657789995,0.08494951839769849,0.10136627702704115,-0.29473810900361563,4.5285714285714285,0.23330835744611145,approximately_stable,True
Senna|16.14,Senna,16.14,16.13,,43,27,True,100,36,3.9166666666666665,1.0,0.0,5.25,1.0042550170908906,0.6931471805599453,0.0,1.8302971391848697,25,5.56,2,0.0,5.0,1.1480006876058826,1.0986122886681098,0.0,1.791759469228055,1.643333333333333,1.0,0.0,-0.25,0.14374567051499199,0.4054651081081645,0.0,-0.038537669956814735,1.685555555555555,0.16223195479064692,toward_higher_experience,True
Seraphine|16.14,Seraphine,16.14,16.13,,48,29,True,100,35,8.457142857142857,3,0.0,10.5,1.393111991804615,1.3862943611198906,0.0,2.4414009612931853,25,9.96,4,1.0,14.0,1.677980937232765,1.6094379124341003,0.6931471805599453,2.70805020110221,1.5028571428571436,1,1.0,3.5,0.2848689454281499,0.2231435513142097,0.6931471805599453,0.2666492398090248,1.9371428571428573,0.3051684520313701,toward_higher_experience,True
Yunara|16.14,Yunara,16.14,16.13,,15,14,True,100,12,4.5,1.0,0.0,8.25,1.086335072298522,0.5493061443340549,0.0,2.2008184956252608,8,5.25,4.0,2.0,5.5,1.5320808664366383,1.6094379124341003,1.0986122886681098,1.8065522525251678,0.75,3.0,2.0,-2.75,0.4457457941381162,1.0601317681000455,1.0986122886681098,-0.39426624310009295,2.1666666666666665,0.6280976239612097,toward_higher_experience,False
Alistar|16.15,Alistar,16.15,16.14,,10,12,True,100,8,0.375,0.0,0.0,0.25,0.22396993365350687,0.0,0.0,0.17328679513998632,12,1.8333333333333333,1.0,0.0,2.0,0.7594123354972945,0.6931471805599453,0.0,1.0986122886681098,1.4583333333333333,1.0,0.0,1.75,0.5354424018437876,0.6931471805599453,0.0,0.9253254935281234,1.4583333333333333,0.5354424018437877,toward_higher_experience,False
Locke|16.15,Locke,16.15,16.14,,20,17,True,100,17,3.6470588235294117,2,0.0,7.0,1.0801475947704116,1.0986122886681098,0.0,2.0794415416798357,12,5.416666666666667,3.5,1.75,10.0,1.5095315320803346,1.4978661367769954,0.9972460116410686,2.3978952727983707,1.7696078431372553,1.5,1.75,3.0,0.4293839373099231,0.39925384810888565,0.9972460116410686,0.3184537311185349,1.7696078431372546,0.429383937309923,toward_higher_experience,True
Mordekaiser|16.15,Mordekaiser,16.15,16.14,,29,18,True,100,23,3.0,1,0.0,3.5,0.8507762869232568,0.6931471805599453,0.0,1.4978661367769954,17,2.176470588235294,0,0.0,1.0,0.602819291694501,0.0,0.0,0.6931471805599453,-0.8235294117647061,-1,0.0,-2.5,-0.2479569952287558,-0.6931471805599453,0.0,-0.8047189562170501,1.2736572890025577,0.2726205069094955,toward_lower_experience,True
Sylas|16.15,Sylas,16.15,16.14,,37,32,True,100,33,4.757575757575758,3,1.0,6.0,1.2497610160245844,1.3862943611198906,0.6931471805599453,1.9459101490553132,28,4.214285714285714,2.0,1.0,5.25,1.2474044291945046,1.0986122886681098,0.6931471805599453,1.8302971391848697,-0.5432900432900434,-1.0,0.0,-0.75,-0.0023565868300798876,-0.2876820724517808,0.0,-0.11561300987044354,1.056277056277056,0.17687287488594244,approximately_stable,True
Camille|16.16,Camille,16.16,16.15,,16,14,True,100,14,11.428571428571429,2.0,0.0,13.0,1.4033352621796193,1.0986122886681098,0.0,2.599301927099795,14,5.214285714285714,2.5,1.0,8.5,1.3637720398063027,1.2424533248940002,0.6931471805599453,2.2467992051654933,-6.214285714285714,0.5,1.0,-4.5,-0.039563222373316664,0.1438410362258904,0.6931471805599453,-0.35250272193430154,7.071428571428569,0.4096013888655779,approximately_stable,True
Nasus|16.16,Nasus,16.16,16.15,,20,38,True,100,19,3.1578947368421053,0,0.0,2.0,0.7217717821898023,0.0,0.0,1.0986122886681098,33,1.9090909090909092,0,0.0,2.0,0.5849663349515285,0.0,0.0,1.0986122886681098,-1.2488038277511961,0,0.0,0.0,-0.13680544723827381,0.0,0.0,0.0,1.248803827751198,0.13680544723827393,toward_lower_experience,True
Poppy|16.16,Poppy,16.16,16.15,,10,15,True,100,10,4.3,1.0,0.0,1.75,0.788758403166028,0.6931471805599453,0.0,0.9972460116410686,15,3.3333333333333335,0,0.0,2.5,0.7088515853141298,0.0,0.0,1.2424533248940002,-0.9666666666666663,-1.0,0.0,0.75,-0.07990681785189813,-0.6931471805599453,0.0,0.24520731325293155,1.5,0.22986285641691376,approximately_stable,True
Graves|16.17,Graves,16.17,16.16,,24,20,True,100,18,1.6111111111111112,0.5,0.0,2.0,0.6350711931072066,0.34657359027997264,0.0,1.0986122886681098,15,3.066666666666667,2,0.0,5.0,1.0719763893722078,1.0986122886681098,0.0,1.791759469228055,1.4555555555555557,1.5,0.0,3.0,0.43690519626500124,0.7520386983881371,0.0,0.6931471805599452,1.4555555555555553,0.43690519626500146,toward_higher_experience,True
Irelia|16.17,Irelia,16.17,16.16,,10,14,True,100,9,10.444444444444445,0,0.0,9.0,1.0945712302404356,0.0,0.0,2.302585092994046,13,7.461538461538462,0,0.0,2.0,0.7434011245609257,0.0,0.0,1.0986122886681098,-2.982905982905983,0,0.0,-7.0,-0.3511701056795099,0.0,0.0,-1.2039728043259361,4.367521367521374,0.369056229697335,toward_lower_experience,False
Nasus|16.17,Nasus,16.17,16.16,,38,31,True,100,33,1.9090909090909092,0,0.0,2.0,0.5849663349515285,0.0,0.0,1.0986122886681098,29,2.413793103448276,1,0.0,4.0,0.8131304748266033,0.6931471805599453,0.0,1.6094379124341003,0.5047021943573666,1,0.0,2.0,0.22816413987507478,0.6931471805599453,0.0,0.5108256237659905,0.9728317659352141,0.2529209995197878,toward_higher_experience,True
Nocturne|16.17,Nocturne,16.17,16.16,,20,15,True,100,16,6.3125,2.5,0.0,7.5,1.2624618134753451,1.2424533248940002,0.0,2.1352274295083884,13,7.6923076923076925,5,0.0,5.0,1.414296977048288,1.791759469228055,0.0,1.791759469228055,1.3798076923076925,2.5,0.0,-2.5,0.1518351635729429,0.5493061443340548,0.0,-0.34346796028033344,2.1201923076923066,0.23088628181154502,toward_higher_experience,True
Thresh|16.17,Thresh,16.17,16.16,,20,18,True,100,17,9.294117647058824,2,0.0,10.0,1.3964880937305655,1.0986122886681098,0.0,2.3978952727983707,16,3.3125,1.5,0.0,4.25,1.0449717816640158,0.8958797346140275,0.0,1.6550183016325888,-5.981617647058824,-0.5,0.0,-5.75,-0.35151631206654965,-0.2027325540540823,0.0,-0.7428769711657819,6.18014705882353,0.48912641408947993,toward_lower_experience,True
Vayne|16.17,Vayne,16.17,16.16,,17,10,True,100,15,5.6,3,0.5,9.0,1.365050934476174,1.3862943611198906,0.34657359027997264,2.282174095733918,9,3.2222222222222223,2,1.0,4.0,1.1337324605540517,1.0986122886681098,0.6931471805599453,1.6094379124341003,-2.3777777777777773,-1,0.5,-5.0,-0.23131847392212235,-0.2876820724517808,0.34657359027997264,-0.6727361832998178,2.4666666666666663,0.2929315566385618,toward_lower_experience,False
Xerath|16.17,Xerath,16.17,16.16,,17,18,True,100,17,7.176470588235294,1,0.0,4.0,1.0086756747402632,0.6931471805599453,0.0,1.6094379124341003,18,7.611111111111111,2.5,0.0,5.75,1.2119273359717788,1.2424533248940002,0.0,1.9073724790984987,0.43464052287581634,1.5,0.0,1.75,0.2032516612315156,0.5493061443340549,0.0,0.29793456666439844,1.0882352941176463,0.23913744390431874,toward_higher_experience,True
Yasuo|16.17,Yasuo,16.17,16.16,,23,28,True,100,22,8.863636363636363,2.0,0.0,12.75,1.4146262262163487,1.0986122886681098,0.0,2.6205303365768278,25,9.16,1,1.0,7.0,1.4172014984477577,0.6931471805599453,0.6931471805599453,2.0794415416798357,0.29636363636363683,-1.0,1.0,-5.75,0.002575272231408965,-0.4054651081081645,0.6931471805599453,-0.541088794896992,3.4927272727272736,0.31478393876961813,approximately_stable,True
Yone|16.17,Yone,16.17,16.16,,20,28,True,100,19,4.105263157894737,2,0.0,4.5,1.0704451605054426,1.0986122886681098,0.0,1.7005986908310775,26,2.9615384615384617,1.5,0.25,3.75,0.9914618595118353,0.8958797346140275,0.17328679513998632,1.5536520246055479,-1.1437246963562755,-0.5,0.25,-0.75,-0.07898330099360729,-0.2027325540540823,0.17328679513998632,-0.14694666622552965,1.3421052631578965,0.216490231550034,approximately_stable,True
