event_id,champion,patch,higher_support_view,direction_100,direction_50,direction_agreement,delta_mean_log1p_100,delta_mean_log1p_50,same_signed_direction,wasserstein_log1p_100,wasserstein_log1p_50,comparable
Aatrox|16.12,Aatrox,16.12,True,toward_lower_experience,approximately_stable,False,-0.2992253645188656,-0.08406422156140592,True,0.3221971537464607,0.21079237482408494,True
Aatrox|16.2,Aatrox,16.2,False,toward_lower_experience,approximately_stable,False,-0.10563099089774208,-0.07821057277675303,True,0.5535363823031237,0.335940535521247,True
Ahri|16.3,Ahri,16.3,True,toward_higher_experience,approximately_stable,False,0.4833456528383764,0.08486779864523386,True,0.4888557163829816,0.13680877905677385,True
Ahri|16.6,Ahri,16.6,True,approximately_stable,toward_higher_experience,False,0.012961505543054308,0.11072350038581624,True,0.49914795225929276,0.43965526676845734,True
Akali|16.5,Akali,16.5,True,toward_higher_experience,toward_higher_experience,True,0.2862752001159714,0.46115973988509923,True,0.28627520011597163,0.4611597398850993,True
Akshan|16.1,Akshan,16.1,False,toward_higher_experience,toward_higher_experience,True,2.1409714798520554,0.9927670296505631,True,2.140971479852055,1.0100883501695443,True
Alistar|16.15,Alistar,16.15,True,toward_higher_experience,toward_higher_experience,True,0.5354424018437876,0.15080571247959323,True,0.5354424018437877,0.1778367196868042,True
Ambessa|16.10,Ambessa,16.10,True,toward_lower_experience,toward_lower_experience,True,-0.23690225739095538,-0.1918562662981943,True,0.41018905253094196,0.25293259620843067,True
Ambessa|16.4,Ambessa,16.4,False,toward_higher_experience,toward_higher_experience,True,0.626799995371147,0.5028578951576768,True,0.626799995371147,0.5765788239046158,True
Ambessa|16.9,Ambessa,16.9,True,toward_higher_experience,approximately_stable,False,0.29438952597454016,-0.06341288391173439,False,0.2943895259745402,0.24721777188717253,True
Anivia|16.10,Anivia,16.10,True,approximately_stable,toward_higher_experience,False,0.0321096135252108,0.3872170763269346,True,0.22373317458523875,0.43323293789197337,True
Annie|16.4,Annie,16.4,False,toward_higher_experience,toward_higher_experience,True,0.46209812037329684,0.23104906018664842,True,0.4620981203732969,0.23104906018664845,True
Aphelios|16.1,Aphelios,16.1,True,toward_lower_experience,toward_lower_experience,True,-0.42092002407619256,-0.6514265749051386,True,0.7075128075052636,0.8051463274712806,True
Aphelios|16.13,Aphelios,16.13,False,toward_lower_experience,toward_higher_experience,False,-0.1643515237572084,0.28509014248917586,False,0.32230803032452354,0.41400487759468524,True
Aphelios|16.4,Aphelios,16.4,False,approximately_stable,toward_lower_experience,False,0.024927572893515215,-0.5217750130083614,False,0.7817317265630096,0.6623679401858651,True
Ashe|16.1,Ashe,16.1,False,toward_higher_experience,toward_higher_experience,True,0.36339057663451124,0.36318901054006475,True,0.41566683644368496,0.3798804346181299,True
Ashe|16.10,Ashe,16.10,True,approximately_stable,approximately_stable,True,0.023626936434925305,-0.07957250141588379,False,0.1604492336624171,0.26064677328236524,True
Ashe|16.2,Ashe,16.2,False,toward_higher_experience,toward_higher_experience,True,0.13483135485570452,0.15805075363829602,True,0.3774328680516855,0.23266619202968583,True
Aurelion Sol|16.17,Aurelion Sol,16.17,False,not_computable,not_computable,False,,,False,,,False
Azir|16.14,Azir,16.14,False,approximately_stable,toward_higher_experience,False,0.07281101024727077,0.5200175143965917,True,0.09567437578325039,0.6129628504158516,True
Azir|16.16,Azir,16.16,False,toward_lower_experience,toward_lower_experience,True,-0.9787733709165258,-0.705030813606834,True,0.9844236295291393,0.7151335634016688,True
Azir|16.5,Azir,16.5,False,not_computable,toward_higher_experience,False,,0.6931471805599453,False,,0.6931471805599453,False
Azir|16.6,Azir,16.6,False,not_computable,toward_lower_experience,False,,-0.34657359027997264,False,,0.34657359027997264,False
Bard|16.13,Bard,16.13,True,toward_lower_experience,toward_lower_experience,True,-0.26170634700178996,-0.2654171561421903,True,0.3427993686234232,0.3040328807239204,True
Bel'Veth|16.15,Bel'Veth,16.15,False,not_computable,not_computable,False,,,False,,,False
Bel'Veth|16.16,Bel'Veth,16.16,False,not_computable,not_computable,False,,,False,,,False
Bel'Veth|16.3,Bel'Veth,16.3,False,not_computable,not_computable,False,,,False,,,False
Brand|16.11,Brand,16.11,True,approximately_stable,approximately_stable,True,-0.01891660036216347,-0.08642904225444731,True,0.26997263337883437,0.08642904225444732,True
Brand|16.13,Brand,16.13,True,toward_lower_experience,approximately_stable,False,-0.3545773611187081,-0.05994075982562591,True,0.3833660155827969,0.13461950454427743,True
Brand|16.4,Brand,16.4,True,toward_lower_experience,toward_higher_experience,False,-0.29496342708488,0.1745158651556023,False,0.36934461085628323,0.1861005825301213,True
Braum|16.3,Braum,16.3,True,approximately_stable,toward_higher_experience,False,-0.0404106271418353,0.39438864063550727,False,0.29395657994811936,0.39438864063550727,True
Braum|16.4,Braum,16.4,True,toward_higher_experience,toward_higher_experience,True,0.5882160289617224,0.7655972331177636,True,0.6946735773921916,0.7655972331177637,True
Briar|16.3,Briar,16.3,False,toward_lower_experience,toward_lower_experience,True,-0.31705242003992073,-0.1399153541716991,True,0.5547028819461873,0.17952376448940993,True
Briar|16.9,Briar,16.9,False,toward_lower_experience,toward_higher_experience,False,-0.29389333245105964,1.1851160204964712,False,0.8047189562170501,1.1851160204964712,True
Caitlyn|16.1,Caitlyn,16.1,True,toward_lower_experience,toward_lower_experience,True,-0.49337157239960283,-0.25183178641063886,True,0.49337157239960283,0.25183178641063897,True
Camille|16.16,Camille,16.16,True,approximately_stable,approximately_stable,True,-0.039563222373316664,0.041971406554955015,False,0.4096013888655779,0.5532011726790649,True
Camille|16.4,Camille,16.4,False,toward_lower_experience,toward_lower_experience,True,-1.0121847560247486,-0.7752731973029543,True,1.1337324605540515,0.7752731973029542,True
Cassiopeia|16.1,Cassiopeia,16.1,False,toward_higher_experience,toward_higher_experience,True,1.0649879247614886,0.9925855804703873,True,1.0649879247614886,1.0370960446785618,True
Cassiopeia|16.13,Cassiopeia,16.13,False,toward_higher_experience,toward_higher_experience,True,0.5082723357037999,0.9534161491043835,True,0.6694841929001468,0.9534161491043835,True
Cassiopeia|16.6,Cassiopeia,16.6,False,approximately_stable,toward_higher_experience,False,0.0,0.34657359027997264,True,0.0,0.34657359027997264,True
Cassiopeia|16.7,Cassiopeia,16.7,False,toward_higher_experience,toward_higher_experience,True,3.4965075614664802,2.1383330595080277,True,3.4965075614664802,2.1383330595080277,True
Cho'Gath|16.17,Cho'Gath,16.17,False,not_computable,not_computable,False,,,False,,,False
Corki|16.1,Corki,16.1,False,not_computable,toward_higher_experience,False,,0.9729550745276566,False,,0.9729550745276566,False
Corki|16.14,Corki,16.14,False,toward_lower_experience,toward_lower_experience,True,-0.33833520213421453,-0.348154649802933,True,0.3383352021342146,0.3481546498029328,True
Darius|16.4,Darius,16.4,True,toward_lower_experience,toward_higher_experience,False,-0.3251541460942895,0.1244146100187613,False,0.32515414609428933,0.2234943778076497,True
Diana|16.11,Diana,16.11,True,approximately_stable,toward_lower_experience,False,-0.07689025677892858,-0.12977058899558536,True,0.3528546664511099,0.22318369439990887,True
Diana|16.3,Diana,16.3,True,toward_higher_experience,toward_higher_experience,True,0.7852072617879124,0.6379446329841902,True,0.793154438387714,0.6480317791252517,True
Dr. Mundo|16.8,Dr. Mundo,16.8,False,not_computable,not_computable,False,,,False,,,False
Draven|16.1,Draven,16.1,False,toward_higher_experience,toward_lower_experience,False,0.6307819656520495,-0.3785883588264338,False,0.731117313383125,0.46489298056196793,True
Draven|16.13,Draven,16.13,False,toward_lower_experience,toward_lower_experience,True,-0.3615961071826952,-1.091126218468856,True,0.5391639537798071,1.091126218468856,True
Draven|16.3,Draven,16.3,False,toward_higher_experience,toward_higher_experience,True,0.5541813272113596,0.35695815998239255,True,0.7585115767177557,0.6342170322063706,True
Ekko|16.11,Ekko,16.11,False,toward_higher_experience,toward_higher_experience,True,0.5888422874654251,0.30604104590062386,True,0.5888422874654248,0.5205007691865825,True
Ekko|16.3,Ekko,16.3,True,toward_higher_experience,toward_lower_experience,False,0.2542118124411823,-0.24534065240560066,False,0.5846690130396202,0.24534065240560066,True
Elise|16.1,Elise,16.1,False,toward_lower_experience,toward_lower_experience,True,-1.0986122886681098,-1.1945063128187032,True,1.0986122886681098,1.1945063128187035,True
Ezreal|16.3,Ezreal,16.3,True,toward_higher_experience,approximately_stable,False,1.0564273975108218,0.05911863194306899,True,1.0564273975108218,0.1719304282435793,True
Ezreal|16.9,Ezreal,16.9,True,toward_lower_experience,toward_lower_experience,True,-0.543080456525384,-0.5721196223405652,True,0.5461671355281905,0.5721196223405651,True
Fizz|16.4,Fizz,16.4,False,approximately_stable,toward_lower_experience,False,-0.023564222344897634,-0.13862943611198908,True,0.4533006214238332,0.1386294361119891,True
Galio|16.10,Galio,16.10,True,approximately_stable,toward_lower_experience,False,-0.004176141037040004,-0.19630916293149925,True,0.2799656174316105,0.2263762732215738,True
Gangplank|16.1,Gangplank,16.1,False,toward_higher_experience,toward_higher_experience,True,0.36450622557896184,0.7824046010856291,True,1.196282842250896,0.782404601085629,True
Garen|16.1,Garen,16.1,True,toward_lower_experience,toward_lower_experience,True,-0.6708868705313488,-0.5021506090478886,True,0.6708868705313488,0.5021506090478884,True
Garen|16.14,Garen,16.14,True,toward_higher_experience,toward_higher_experience,True,0.15226064137184725,0.14392868022142524,True,0.21771823501808135,0.1859832375921855,True
Garen|16.5,Garen,16.5,True,toward_lower_experience,toward_lower_experience,True,-1.0339748825704453,-0.8894012735762337,True,1.0532437175488525,0.8894012735762338,True
Gragas|16.9,Gragas,16.9,False,toward_higher_experience,toward_higher_experience,True,0.3633857722332834,0.27725887222397805,True,0.40801448249612515,0.27725887222397805,True
Graves|16.1,Graves,16.1,False,toward_lower_experience,toward_lower_experience,True,-0.6823907603703503,-0.36129646973702056,True,0.6823907603703502,0.36129646973702056,True
Graves|16.17,Graves,16.17,True,toward_higher_experience,toward_higher_experience,True,0.43690519626500124,0.4856071403991287,True,0.43690519626500146,0.4993094230504406,True
Graves|16.4,Graves,16.4,False,toward_lower_experience,toward_lower_experience,True,-1.177466354283353,-0.3684247580129443,True,1.177466354283353,0.36842475801294416,True
Graves|16.7,Graves,16.7,True,toward_higher_experience,approximately_stable,False,0.41143347444180645,-0.05990901343840016,False,0.41143347444180617,0.2458309544611096,True
Gwen|16.12,Gwen,16.12,False,toward_higher_experience,approximately_stable,False,0.25713610479486504,0.03908948552027436,True,0.4421408252767523,0.3306476884764392,True
Gwen|16.16,Gwen,16.16,False,toward_lower_experience,toward_lower_experience,True,-0.2062539136749194,-0.15204941554056173,True,0.9937246520202315,0.32533621068054797,True
Gwen|16.2,Gwen,16.2,True,toward_higher_experience,toward_higher_experience,True,1.2654723329421391,0.7148161389657786,True,1.2654723329421391,0.7148161389657784,True
Gwen|16.4,Gwen,16.4,False,toward_higher_experience,approximately_stable,False,0.19458854364543987,0.09979813569552032,True,0.3993409961513191,0.21281915573875398,True
Hecarim|16.3,Hecarim,16.3,False,toward_higher_experience,toward_higher_experience,True,0.2448478149743918,0.24216884967533003,True,0.27193430322402107,0.2952444715284193,True
Heimerdinger|16.11,Heimerdinger,16.11,False,toward_lower_experience,toward_higher_experience,False,-0.21302665309655644,0.19393909724295466,False,0.24907146727674034,0.33256853335494363,True
Heimerdinger|16.3,Heimerdinger,16.3,False,toward_higher_experience,toward_higher_experience,True,1.1359042268049062,0.801694778896708,True,1.1359042268049064,0.8884953725462068,True
Hwei|16.12,Hwei,16.12,False,toward_higher_experience,approximately_stable,False,0.16386802425135705,-0.03781594798959076,False,0.2723923247691637,0.271403503995953,True
Hwei|16.4,Hwei,16.4,False,toward_lower_experience,toward_lower_experience,True,-1.4154851436445066,-0.46164641926068484,True,1.8436617083250717,0.5087596335232384,True
Hwei|16.8,Hwei,16.8,False,toward_higher_experience,toward_higher_experience,True,0.37499819411581203,0.3865621941461421,True,0.48690382012670114,0.3865621941461422,True
Illaoi|16.4,Illaoi,16.4,False,not_computable,toward_lower_experience,False,,-1.5171063970610275,False,,1.5171063970610275,False
Irelia|16.17,Irelia,16.17,True,toward_lower_experience,toward_lower_experience,True,-0.3511701056795099,-0.1801667710718441,True,0.369056229697335,0.2230802416734972,True
Jax|16.1,Jax,16.1,True,toward_higher_experience,toward_higher_experience,True,0.32001039572363243,0.14282696446812015,True,0.3305806681543336,0.20295270730869294,True
Jax|16.12,Jax,16.12,True,approximately_stable,approximately_stable,True,0.0287089331929693,-0.0844157805764727,False,0.3145596818662043,0.2428722297032096,True
Jayce|16.14,Jayce,16.14,True,toward_higher_experience,toward_higher_experience,True,0.5249994990673915,0.6266452351789821,True,0.5249994990673914,0.626645235178982,True
Jayce|16.2,Jayce,16.2,False,toward_lower_experience,toward_higher_experience,False,-0.20083329089712854,0.1809008841682851,False,0.46755611155532395,0.27006962015296826,True
Jayce|16.3,Jayce,16.3,False,toward_lower_experience,toward_lower_experience,True,-0.10136627702704104,-0.3243183581758856,True,0.7945134575869863,0.32431835817588556,True
Jhin|16.1,Jhin,16.1,True,toward_lower_experience,toward_lower_experience,True,-0.20733235969378394,-0.2981475253008645,True,0.20733235969378397,0.2981475253008646,True
Jinx|16.1,Jinx,16.1,True,toward_higher_experience,toward_higher_experience,True,0.35775307485770513,0.14195478612336399,True,0.42380896896168985,0.2342836449238942,True
Jinx|16.4,Jinx,16.4,True,approximately_stable,approximately_stable,True,0.002399834315943483,0.047974421058876504,True,0.1161884511941168,0.20380937423246787,True
K'Sante|16.13,K'Sante,16.13,False,not_computable,not_computable,False,,,False,,,False
Kai'Sa|16.13,Kai'Sa,16.13,False,not_computable,not_computable,False,,,False,,,False
Kai'Sa|16.15,Kai'Sa,16.15,False,not_computable,not_computable,False,,,False,,,False
Kalista|16.7,Kalista,16.7,False,not_computable,not_computable,False,,,False,,,False
Karma|16.7,Karma,16.7,True,approximately_stable,approximately_stable,True,0.02563403969358924,-0.013177511805483988,False,0.16501902574908253,0.12813433884677689,True
Karma|16.8,Karma,16.8,True,toward_higher_experience,toward_higher_experience,True,0.8425419628681692,0.6704897128633303,True,0.8462980797970623,0.671391580464467,True
Kassadin|16.11,Kassadin,16.11,False,toward_lower_experience,toward_higher_experience,False,-0.3662040962227032,0.23104906018664842,False,0.3662040962227033,0.23104906018664845,True
Kassadin|16.4,Kassadin,16.4,False,approximately_stable,toward_higher_experience,False,0.0,0.31780538303479455,True,0.0,0.7572502985020384,True
Kayle|16.4,Kayle,16.4,False,toward_lower_experience,toward_lower_experience,True,-0.8583666605577353,-0.4332169878499658,True,0.8583666605577351,0.4332169878499658,True
Kayn|16.3,Kayn,16.3,False,toward_higher_experience,toward_higher_experience,True,0.3413045469065168,0.16826906759174998,True,0.34130454690651635,0.16826906759174998,True
Kennen|16.16,Kennen,16.16,False,approximately_stable,toward_higher_experience,False,0.0,0.62709884318583,True,0.0,0.6270988431858298,True
Kennen|16.4,Kennen,16.4,False,toward_lower_experience,toward_lower_experience,True,-0.46209812037329684,-0.23104906018664842,True,0.4620981203732969,0.23104906018664845,True
Kennen|16.9,Kennen,16.9,False,toward_higher_experience,toward_higher_experience,True,0.13515503603605486,0.21170532522986296,True,0.13515503603605486,0.21170532522986302,True
Kindred|16.1,Kindred,16.1,False,toward_higher_experience,toward_higher_experience,True,1.3216033655113033,1.0105628547830445,True,1.3216033655113033,1.0379755541953688,True
LeBlanc|16.13,LeBlanc,16.13,False,not_computable,not_computable,False,,,False,,,False
LeBlanc|16.17,LeBlanc,16.17,False,not_computable,not_computable,False,,,False,,,False
Lee Sin|16.10,Lee Sin,16.10,False,not_computable,not_computable,False,,,False,,,False
Lee Sin|16.12,Lee Sin,16.12,False,not_computable,not_computable,False,,,False,,,False
Lee Sin|16.4,Lee Sin,16.4,False,not_computable,not_computable,False,,,False,,,False
Lee Sin|16.5,Lee Sin,16.5,False,not_computable,not_computable,False,,,False,,,False
Lillia|16.2,Lillia,16.2,False,toward_lower_experience,toward_lower_experience,True,-0.5493061443340549,-0.27465307216702745,True,0.5493061443340549,0.27465307216702745,True
Lillia|16.5,Lillia,16.5,False,toward_higher_experience,toward_higher_experience,True,1.0029670850994656,0.5533861279987362,True,1.0029670850994656,0.5533861279987363,True
Lillia|16.8,Lillia,16.8,False,toward_lower_experience,toward_lower_experience,True,-1.2022858607807436,-0.9895707913237385,True,1.2022858607807438,0.9895707913237384,True
Lissandra|16.6,Lissandra,16.6,False,toward_lower_experience,toward_lower_experience,True,-0.4051991725456294,-0.43274640424085087,True,0.40519917254562926,0.5178840082018494,True
Locke|16.14,Locke,16.14,True,toward_higher_experience,toward_higher_experience,True,1.0801475947704116,1.067211498415789,True,1.0801475947704118,1.0672114984157888,True
Locke|16.15,Locke,16.15,True,toward_higher_experience,toward_lower_experience,False,0.4293839373099231,-0.13272760601462086,False,0.429383937309923,0.21687483962458587,True
Lucian|16.1,Lucian,16.1,True,toward_higher_experience,toward_higher_experience,True,0.22175429426018334,0.5995924399548198,True,0.30283772660399133,0.5995924399548198,True
Lucian|16.8,Lucian,16.8,False,toward_lower_experience,toward_lower_experience,True,-0.10853101309983759,-0.6280933920410279,True,0.3128653458262414,0.628093392041028,True
Lux|16.4,Lux,16.4,True,approximately_stable,approximately_stable,True,0.030080430142753967,-0.054651378574383735,False,0.22267815436143223,0.2964049613728905,True
Malphite|16.2,Malphite,16.2,True,toward_higher_experience,toward_higher_experience,True,0.23857362261932735,0.16447097498179442,True,0.2748558961962279,0.16447097498179444,True
Maokai|16.15,Maokai,16.15,False,toward_lower_experience,toward_lower_experience,True,-1.2756648604547889,-1.01922523318047,True,1.2756648604547887,1.01922523318047,True
Maokai|16.3,Maokai,16.3,False,not_computable,not_computable,False,,,False,,,False
Maokai|16.4,Maokai,16.4,False,toward_lower_experience,toward_lower_experience,True,-0.8958797346140275,-0.1702752079219969,True,0.8958797346140275,0.3054302439580517,True
Master Yi|16.2,Master Yi,16.2,False,not_computable,not_computable,False,,,False,,,False
Mel|16.3,Mel,16.3,False,toward_lower_experience,toward_lower_experience,True,-0.7127776865026758,-0.1866428182182282,True,0.712777686502676,0.3469858760410287,True
Mel|16.5,Mel,16.5,False,toward_lower_experience,toward_lower_experience,True,-0.646685640094643,-0.21000608288825706,True,0.6722573798681344,0.21000608288825717,True
Mel|16.8,Mel,16.8,True,toward_higher_experience,toward_higher_experience,True,0.5323752991361244,0.26362804305206133,True,0.5802267362672905,0.2636280430520612,True
Miss Fortune|16.1,Miss Fortune,16.1,False,not_computable,not_computable,False,,,False,,,False
Mordekaiser|16.14,Mordekaiser,16.14,True,approximately_stable,toward_lower_experience,False,-0.04494484318369907,-0.1398440033788177,True,0.21513481665492498,0.2226126626152131,True
Mordekaiser|16.15,Mordekaiser,16.15,True,toward_lower_experience,approximately_stable,False,-0.2479569952287558,-0.02613784273439812,True,0.2726205069094955,0.12331074998556736,True
Naafiri|16.10,Naafiri,16.10,False,toward_higher_experience,approximately_stable,False,0.14245716723451046,-0.0028833121809663798,False,0.27448520162688095,0.24917020802265016,True
Naafiri|16.15,Naafiri,16.15,False,approximately_stable,approximately_stable,True,-0.09999405088728186,-0.07393005233407446,True,0.16028013165329613,0.08968339734680048,True
Naafiri|16.3,Naafiri,16.3,False,approximately_stable,approximately_stable,True,-0.0323522223626273,-0.03191006665162449,True,0.3540233644261759,0.28990826717977874,True
Naafiri|16.4,Naafiri,16.4,False,toward_higher_experience,toward_higher_experience,True,0.23319863194300178,0.11145122250708217,True,0.5218627654084578,0.4004800544152193,True
Nami|16.14,Nami,16.14,True,approximately_stable,toward_lower_experience,False,0.029752096657789995,-0.2034993724503107,False,0.23330835744611145,0.288421107754201,True
Nami|16.7,Nami,16.7,True,approximately_stable,toward_higher_experience,False,0.03202179744501299,0.4866829075848349,True,0.6786511207179634,0.5765468471639154,True
Nasus|16.16,Nasus,16.16,True,toward_lower_experience,toward_lower_experience,True,-0.13680544723827381,-0.25839557101694544,True,0.13680544723827393,0.25839557101694555,True
Nasus|16.17,Nasus,16.17,True,toward_higher_experience,toward_higher_experience,True,0.22816413987507478,0.22696481761154705,True,0.2529209995197878,0.22696481761154716,True
Neeko|16.5,Neeko,16.5,False,approximately_stable,toward_lower_experience,False,0.02355660713127672,-0.11489708528117104,False,0.3008154793552548,0.2712460587895594,True
Nilah|16.1,Nilah,16.1,False,not_computable,toward_higher_experience,False,,0.6931471805599453,False,,0.6931471805599453,False
Nilah|16.3,Nilah,16.3,False,toward_lower_experience,toward_lower_experience,True,-1.0986122886681098,-0.6931471805599453,True,1.0986122886681098,0.6931471805599453,True
Nocturne|16.12,Nocturne,16.12,True,toward_lower_experience,approximately_stable,False,-0.13002766016693768,-0.09261129457162698,True,0.3392609870163678,0.1386188783757864,True
Nocturne|16.17,Nocturne,16.17,True,toward_higher_experience,approximately_stable,False,0.1518351635729429,0.0695165938723834,True,0.23088628181154502,0.13347640558402937,True
Nocturne|16.5,Nocturne,16.5,False,toward_lower_experience,toward_lower_experience,True,-0.3366095809664702,-0.3751142210804217,True,0.3366095809664704,0.41563012259018933,True
Nunu & Willump|16.2,Nunu & Willump,16.2,False,not_computable,not_computable,False,,,False,,,False
Olaf|16.13,Olaf,16.13,False,toward_lower_experience,toward_lower_experience,True,-0.2989392783690443,-0.15403270679109893,True,0.38113415621241015,0.15403270679109896,True
Olaf|16.6,Olaf,16.6,False,not_computable,toward_lower_experience,False,,-0.9942445266127333,False,,1.1199017407531864,False
Orianna|16.12,Orianna,16.12,True,toward_higher_experience,toward_higher_experience,True,0.3869692625592013,0.23851674007745582,True,0.45095144311685165,0.2607719721815428,True
Orianna|16.5,Orianna,16.5,True,toward_higher_experience,toward_higher_experience,True,0.38996004854295885,0.26385675391290764,True,0.5675383000134505,0.33321501331029346,True
Ornn|16.7,Ornn,16.7,True,toward_higher_experience,toward_higher_experience,True,0.21418686085929717,0.26635797710471354,True,0.2141868608592971,0.2663579771047136,True
Poppy|16.13,Poppy,16.13,False,toward_lower_experience,toward_lower_experience,True,-0.43183067472755243,-0.18568622470555263,True,0.4604716073560003,0.24322263919590864,True
Poppy|16.16,Poppy,16.16,True,approximately_stable,toward_lower_experience,False,-0.07990681785189813,-0.20316911765756668,True,0.22986285641691376,0.22234792248768542,True
Pyke|16.6,Pyke,16.6,False,toward_lower_experience,toward_lower_experience,True,-0.4912264482116291,-0.14539385122571014,True,0.4912264482116292,0.37446653419424886,True
Qiyana|16.13,Qiyana,16.13,False,toward_lower_experience,toward_lower_experience,True,-0.16294650043321335,-0.10690153001188984,True,0.5668732163872046,0.406813607141921,True
Qiyana|16.17,Qiyana,16.17,False,toward_lower_experience,toward_lower_experience,True,-0.17846613129034683,-0.4090237236182892,True,0.26697524771820214,0.5105111325019346,True
Qiyana|16.4,Qiyana,16.4,False,toward_higher_experience,toward_higher_experience,True,0.8924016276867764,0.6533821260898175,True,0.8924016276867763,0.6533821260898175,True
Quinn|16.1,Quinn,16.1,False,toward_lower_experience,toward_lower_experience,True,-0.7094105686164226,-0.3504996914685187,True,0.7094105686164226,0.35049969146851867,True
Quinn|16.10,Quinn,16.10,False,toward_higher_experience,toward_higher_experience,True,0.2310490601866484,0.344597213061863,True,0.23104906018664842,0.3445972130618629,True
Quinn|16.11,Quinn,16.11,False,toward_lower_experience,approximately_stable,False,-0.21822221999729363,-0.026340128914456473,True,0.35337725603334846,0.22907268296853875,True
Rek'Sai|16.13,Rek'Sai,16.13,False,not_computable,not_computable,False,,,False,,,False
Rell|16.7,Rell,16.7,False,toward_higher_experience,toward_lower_experience,False,0.22607384344775672,-0.4696122674442461,False,0.2260738434477565,0.4696122674442461,True
Rengar|16.1,Rengar,16.1,False,toward_lower_experience,toward_lower_experience,True,-1.4850428131801077,-0.4496581412405751,True,1.4850428131801077,0.47191337334466216,True
Rengar|16.4,Rengar,16.4,False,toward_higher_experience,toward_lower_experience,False,0.6365141682948129,-0.29117794811011855,False,0.8675632284814613,0.42633298414617343,True
Riven|16.15,Riven,16.15,False,toward_higher_experience,toward_lower_experience,False,0.14870302905850497,-0.14720727283749713,False,0.3478979289771712,0.3240508897390629,True
Riven|16.3,Riven,16.3,False,toward_higher_experience,toward_higher_experience,True,0.7393569925972748,1.0514990744055563,True,0.7393569925972749,1.0514990744055563,True
Rumble|16.13,Rumble,16.13,False,toward_higher_experience,toward_higher_experience,True,0.2314549710395315,0.4513417001837017,True,0.23145497103953155,0.45134170018370173,True
Rumble|16.4,Rumble,16.4,False,toward_higher_experience,toward_higher_experience,True,1.2454206926539073,1.013662770270411,True,1.3195286648076296,1.013662770270411,True
Ryze|16.12,Ryze,16.12,False,toward_lower_experience,toward_lower_experience,True,-1.0116187730205737,-0.6621039976434813,True,1.2714218747074661,0.8481590030954149,True
Ryze|16.3,Ryze,16.3,True,toward_higher_experience,toward_higher_experience,True,0.36361535550908575,0.219277022698684,True,0.36361535550908575,0.26390573296152586,True
Ryze|16.4,Ryze,16.4,False,toward_lower_experience,approximately_stable,False,-0.23924454805409945,0.03951554645067956,False,0.23924454805409942,0.1935600505453945,True
Samira|16.1,Samira,16.1,False,toward_lower_experience,toward_lower_experience,True,-0.2640560687847411,-0.31061333122350004,True,0.2640560687847411,0.31061333122350004,True
Samira|16.4,Samira,16.4,False,toward_lower_experience,toward_lower_experience,True,-0.10136627702704112,-0.10397207708399178,True,0.10136627702704112,0.10397207708399181,True
Samira|16.5,Samira,16.5,False,approximately_stable,approximately_stable,True,0.04643566259363563,-0.03465735902799727,False,0.11575038064963018,0.0346573590279973,True
Senna|16.1,Senna,16.1,True,approximately_stable,approximately_stable,True,0.0,0.00531995180234951,True,0.0,0.00531995180234951,True
Senna|16.13,Senna,16.13,True,toward_higher_experience,approximately_stable,False,0.12985186153228423,0.0659272179206144,True,0.16467919085291355,0.08101112918859257,True
Senna|16.14,Senna,16.14,True,toward_higher_experience,toward_higher_experience,True,0.14374567051499199,0.14361209048832468,True,0.16223195479064692,0.15144758341389533,True
Senna|16.4,Senna,16.4,True,toward_higher_experience,approximately_stable,False,0.2537394930766592,-0.061534139390445164,False,0.5075379793147645,0.1906371731957761,True
Seraphine|16.14,Seraphine,16.14,True,toward_higher_experience,toward_higher_experience,True,0.2848689454281499,0.3120323853575515,True,0.3051684520313701,0.32003776341989115,True
Shaco|16.1,Shaco,16.1,False,toward_higher_experience,toward_higher_experience,True,0.4402769769430319,0.3579724114333981,True,0.4402769769430316,0.4323593678846032,True
Shen|16.6,Shen,16.6,True,toward_higher_experience,toward_higher_experience,True,0.1687207101216095,0.25037906893544726,True,0.5069650562521013,0.303675576071594,True
Shyvana|16.10,Shyvana,16.10,False,toward_lower_experience,approximately_stable,False,-0.5841988883930308,0.014964447180880858,False,0.8947182897280119,0.28723982187634967,True
Shyvana|16.7,Shyvana,16.7,False,toward_higher_experience,toward_higher_experience,True,1.1242122830796577,1.3259702472740469,True,1.124212283079658,1.3259702472740469,True
Shyvana|16.9,Shyvana,16.9,False,approximately_stable,toward_lower_experience,False,-0.0053009320771719715,-0.31317175030828204,True,0.36090316414553114,0.3780667845150429,True
Singed|16.7,Singed,16.7,False,toward_higher_experience,toward_higher_experience,True,1.8771228151821886,1.464428583693875,True,1.8771228151821888,1.464428583693875,True
Sion|16.13,Sion,16.13,True,toward_lower_experience,toward_lower_experience,True,-0.920644359821735,-0.3822952585677173,True,0.9206443598217349,0.3822952585677173,True
Sivir|16.1,Sivir,16.1,False,toward_lower_experience,toward_lower_experience,True,-0.6295929785740836,-0.5707929642880016,True,0.6462735550002471,0.6118904032096845,True
Sivir|16.2,Sivir,16.2,True,toward_higher_experience,toward_higher_experience,True,0.27844831194589137,0.2874783303003081,True,0.3876999472935607,0.2874783303003081,True
Skarner|16.6,Skarner,16.6,False,not_computable,not_computable,False,,,False,,,False
Smolder|16.1,Smolder,16.1,True,toward_higher_experience,toward_higher_experience,True,0.2773896128123866,0.1798640007475205,True,0.3158977895101613,0.26872902389623143,True
Smolder|16.11,Smolder,16.11,True,toward_higher_experience,toward_lower_experience,False,0.44221274761207674,-0.1347163374872261,False,0.4913334323408921,0.22379668856875146,True
Smolder|16.2,Smolder,16.2,True,toward_higher_experience,toward_higher_experience,True,0.3419498863951631,0.34064689373496626,True,0.5079975312463234,0.40009271772475513,True
Swain|16.4,Swain,16.4,True,toward_lower_experience,approximately_stable,False,-0.26384319621555075,0.07618358989584528,False,0.31335370911268967,0.25705199161010994,True
Sylas|16.12,Sylas,16.12,True,toward_lower_experience,toward_lower_experience,True,-0.21863320737987357,-0.145632485960846,True,0.24974315190785543,0.16101595048800876,True
Sylas|16.15,Sylas,16.15,True,approximately_stable,approximately_stable,True,-0.0023565868300798876,-0.09360547867970292,True,0.17687287488594244,0.15092074592050375,True
Syndra|16.12,Syndra,16.12,False,toward_higher_experience,toward_lower_experience,False,0.10014521504845386,-0.177835744881925,False,0.2626821399245277,0.36747413008782626,True
Syndra|16.4,Syndra,16.4,True,approximately_stable,toward_higher_experience,False,-0.060393061435810136,0.25832687913994545,False,0.3940593753103657,0.48717833715971515,True
Tahm Kench|16.8,Tahm Kench,16.8,False,not_computable,not_computable,False,,,False,,,False
Tahm Kench|16.9,Tahm Kench,16.9,False,not_computable,not_computable,False,,,False,,,False
Taliyah|16.2,Taliyah,16.2,False,toward_higher_experience,toward_higher_experience,True,0.44793986730701374,0.27465307216702745,True,0.44793986730701374,0.27465307216702745,True
Taliyah|16.5,Taliyah,16.5,False,toward_lower_experience,toward_lower_experience,True,-1.2424533248940002,-0.8047189562170501,True,1.242453324894,0.8047189562170501,True
Taliyah|16.9,Taliyah,16.9,False,toward_higher_experience,toward_higher_experience,True,0.2899405780148403,0.5493061443340548,True,0.38583460216543386,0.5493061443340549,True
Teemo|16.11,Teemo,16.11,True,approximately_stable,approximately_stable,True,-0.044712405130952426,0.03469481963411036,False,0.22152737183717594,0.08876540353207621,True
Teemo|16.4,Teemo,16.4,False,toward_higher_experience,toward_higher_experience,True,0.3218875824868199,0.8304213865795163,True,0.3218875824868201,0.8814256268799072,True
Teemo|16.9,Teemo,16.9,False,toward_lower_experience,toward_lower_experience,True,-0.9883363639825087,-0.6407537622332588,True,1.0003799428141458,0.7793831983452477,True
Thresh|16.17,Thresh,16.17,True,toward_lower_experience,toward_lower_experience,True,-0.35151631206654965,-0.25811765118203434,True,0.48912641408947993,0.2581176511820344,True
Tristana|16.1,Tristana,16.1,True,toward_lower_experience,toward_lower_experience,True,-0.3150669002545206,-0.10663802777845312,True,0.3150669002545206,0.10663802777845313,True
Tristana|16.12,Tristana,16.12,False,approximately_stable,approximately_stable,True,-0.020952114218285245,-0.06684788430116778,True,0.18382039655063537,0.1877577830167574,True
Trundle|16.17,Trundle,16.17,False,toward_lower_experience,toward_lower_experience,True,-0.8741268903666201,-0.7008400952266338,True,0.8741268903666201,0.7008400952266338,True
Trundle|16.3,Trundle,16.3,False,toward_higher_experience,toward_higher_experience,True,0.636514168294813,0.8145241345053705,True,0.6365141682948129,0.8145241345053705,True
Tryndamere|16.1,Tryndamere,16.1,False,not_computable,not_computable,False,,,False,,,False
Tryndamere|16.3,Tryndamere,16.3,False,toward_lower_experience,toward_higher_experience,False,-0.20273255405408225,0.26143598631897425,False,0.20273255405408225,0.26143598631897425,True
Tryndamere|16.6,Tryndamere,16.6,False,not_computable,not_computable,False,,,False,,,False
Twitch|16.1,Twitch,16.1,False,toward_higher_experience,toward_higher_experience,True,0.3906214065526611,0.31991408333535937,True,0.39062140655266103,0.3199140833353593,True
Twitch|16.4,Twitch,16.4,True,approximately_stable,toward_lower_experience,False,0.035827756209044104,-0.12823324109915107,False,0.13854429160463666,0.1282332410991511,True
Udyr|16.4,Udyr,16.4,False,approximately_stable,approximately_stable,True,0.0,0.0,True,0.0,0.0,True
Udyr|16.9,Udyr,16.9,False,approximately_stable,toward_higher_experience,False,-0.08650373182836146,1.0695914904031467,False,0.2080514363576646,1.069591490403147,True
Varus|16.12,Varus,16.12,False,toward_higher_experience,toward_higher_experience,True,0.6971367565297966,0.8132681622705228,True,0.7574338414782734,0.8132681622705227,True
Varus|16.2,Varus,16.2,False,approximately_stable,toward_lower_experience,False,0.021695005318646265,-0.1315068674517565,False,0.18165204698632595,0.17655854613044145,True
Varus|16.3,Varus,16.3,True,toward_higher_experience,toward_higher_experience,True,0.7453951953063231,0.6314857197106748,True,0.7453951953063234,0.6314857197106748,True
Varus|16.5,Varus,16.5,False,toward_higher_experience,toward_higher_experience,True,0.44212486535265216,0.24259938104856793,True,0.4421248653526521,0.24259938104856787,True
Vayne|16.17,Vayne,16.17,True,toward_lower_experience,toward_lower_experience,True,-0.23131847392212235,-0.4001499183276147,True,0.2929315566385618,0.40014991832761454,True
Veigar|16.7,Veigar,16.7,True,approximately_stable,approximately_stable,True,0.0993642596267248,0.04897647264970084,True,0.405345433316499,0.23441951054335666,True
Vex|16.13,Vex,16.13,False,toward_lower_experience,toward_lower_experience,True,-0.417312937306471,-0.2690394115285427,True,0.4923814072751846,0.26903941152854244,True
Viego|16.1,Viego,16.1,True,toward_higher_experience,toward_higher_experience,True,0.2595766807551678,0.4491425916087455,True,0.25957668075516743,0.49116065073765885,True
Viego|16.2,Viego,16.2,True,toward_lower_experience,toward_lower_experience,True,-0.547560957493699,-0.5768793460012253,True,0.5475609574936988,0.5768793460012251,True
Vi|16.3,Vi,16.3,False,toward_higher_experience,approximately_stable,False,0.10374622652768584,-0.04447261199936259,False,0.2659322697709517,0.09068242403669224,True
Volibear|16.15,Volibear,16.15,False,toward_higher_experience,toward_higher_experience,True,0.15749900997437538,0.41766058551376084,True,0.23036870365901757,0.4176605855137609,True
Volibear|16.3,Volibear,16.3,False,toward_higher_experience,toward_higher_experience,True,1.0804158677236673,0.7549969158518168,True,1.0804158677236673,0.7549969158518168,True
Volibear|16.5,Volibear,16.5,False,toward_lower_experience,toward_higher_experience,False,-0.2113565612559556,0.2591744041960249,False,0.5579301515359282,0.6177700404741264,True
Warwick|16.9,Warwick,16.9,False,toward_lower_experience,toward_lower_experience,True,-0.7331977619044758,-0.29940627095882544,True,0.7528282678472064,0.47683169121982716,True
Wukong|16.10,Wukong,16.10,False,not_computable,not_computable,False,,,False,,,False
Xayah|16.1,Xayah,16.1,True,toward_lower_experience,toward_lower_experience,True,-0.38780952651248934,-0.3173768833930095,True,0.38780952651248946,0.31737688339300946,True
Xayah|16.4,Xayah,16.4,False,toward_higher_experience,toward_higher_experience,True,0.7945134575869864,0.3080654135821979,True,0.7945134575869864,0.3080654135821979,True
Xerath|16.17,Xerath,16.17,True,toward_higher_experience,approximately_stable,False,0.2032516612315156,0.039704383195139914,True,0.23913744390431874,0.12353736544176039,True
Xin Zhao|16.11,Xin Zhao,16.11,False,not_computable,not_computable,False,,,False,,,False
Xin Zhao|16.12,Xin Zhao,16.12,False,not_computable,not_computable,False,,,False,,,False
Xin Zhao|16.3,Xin Zhao,16.3,False,not_computable,not_computable,False,,,False,,,False
Xin Zhao|16.9,Xin Zhao,16.9,False,not_computable,not_computable,False,,,False,,,False
Yasuo|16.1,Yasuo,16.1,True,approximately_stable,approximately_stable,True,0.025292483119853548,-0.030668288090086593,False,0.453388409113886,0.39860958435075683,True
Yasuo|16.17,Yasuo,16.17,True,approximately_stable,approximately_stable,True,0.002575272231408965,0.04226062209952375,True,0.31478393876961813,0.15706086140888623,True
Yone|16.1,Yone,16.1,True,approximately_stable,toward_higher_experience,False,0.016183188921056857,0.23367359043454516,True,0.2731813715712326,0.3606969324423614,True
Yone|16.17,Yone,16.17,True,approximately_stable,approximately_stable,True,-0.07898330099360729,-0.09813365023349496,True,0.216490231550034,0.134247951360538,True
Yone|16.3,Yone,16.3,True,toward_lower_experience,toward_lower_experience,True,-0.5953659691023102,-0.25876677816090465,True,0.5953659691023101,0.2822555730360846,True
Yunara|16.1,Yunara,16.1,True,approximately_stable,toward_higher_experience,False,0.01282684018935476,0.27951414340549946,True,0.5904494906559759,0.2795141434054995,True
Yunara|16.14,Yunara,16.14,True,toward_higher_experience,approximately_stable,False,0.4457457941381162,0.05793954718893002,True,0.6280976239612097,0.11861777805826235,True
Yuumi|16.12,Yuumi,16.12,False,toward_lower_experience,toward_lower_experience,True,-0.40179293075973976,-0.40443180956079844,True,0.7483665210397126,0.6875798335675956,True
Yuumi|16.8,Yuumi,16.8,False,toward_lower_experience,toward_lower_experience,True,-0.6931471805599454,-0.3525967647159518,True,0.6931471805599453,0.3798114277294548,True
Zaahen|16.13,Zaahen,16.13,False,toward_lower_experience,toward_lower_experience,True,-0.16352200063085331,-0.247847705948945,True,0.3466968721259468,0.3462784488167223,True
Zaahen|16.3,Zaahen,16.3,True,approximately_stable,approximately_stable,True,0.030081456085900182,0.09268932103099936,True,0.19249998916794142,0.18584925200683317,True
Zaahen|16.6,Zaahen,16.6,True,approximately_stable,toward_lower_experience,False,-0.07938732189544195,-0.18173384089010725,True,0.1146570074480314,0.2645271918101236,True
Zac|16.15,Zac,16.15,False,toward_higher_experience,toward_higher_experience,True,0.3971819710997688,0.4473006624740339,True,0.48878551665691694,0.47238649953542117,True
Zac|16.4,Zac,16.4,False,toward_higher_experience,toward_higher_experience,True,2.1009992784606473,0.9728665947505375,True,2.1009992784606473,0.9728665947505375,True
Zed|16.10,Zed,16.10,True,toward_lower_experience,toward_lower_experience,True,-0.6472696247335821,-0.5772075428115127,True,0.6515721928094201,0.5772075428115129,True
Zed|16.2,Zed,16.2,True,toward_higher_experience,toward_higher_experience,True,0.4368044920599461,0.1358708288574535,True,0.6183138408231814,0.2130460429711493,True
Zed|16.3,Zed,16.3,True,toward_higher_experience,toward_higher_experience,True,0.39940872630863455,0.3664908991299096,True,0.42429707085340534,0.40439716140926074,True
Zeri|16.1,Zeri,16.1,False,toward_higher_experience,toward_lower_experience,False,0.33323998784702336,-0.4127261047869917,False,0.658533770917598,0.5975653529363103,True
Zeri|16.10,Zeri,16.10,False,toward_higher_experience,toward_higher_experience,True,0.6956962023036786,0.3199942841853735,True,0.6956962023036786,0.4124139082600329,True
Zeri|16.9,Zeri,16.9,False,toward_lower_experience,toward_lower_experience,True,-1.1090354888959124,-0.9078571482724931,True,1.201455112970572,1.0002767723471526,True
Zilean|16.8,Zilean,16.8,False,toward_higher_experience,toward_higher_experience,True,0.3432064723937194,0.8182477864444924,True,0.34320647239371943,0.8182477864444924,True
Zoe|16.9,Zoe,16.9,False,not_computable,not_computable,False,,,False,,,False
Zyra|16.8,Zyra,16.8,False,toward_lower_experience,toward_lower_experience,True,-1.9217303675949486,-1.0791670068220327,True,1.9217303675949484,1.0791670068220327,True
