event_id,champion,patch,raw_delta_pp,standardized_delta_pp,adjustment_magnitude_pp,adjustment_ge_2pp,post_only_share_union,abs_delta_observed_new_pp,familiarity_wasserstein_log1p,rank_tvd,role_tvd,n_pre,n_post,experience_eligible_pre,experience_eligible_post,event_support,log1p_event_support,player_match_ess,pre_player_match_ess,post_player_match_ess
Aatrox|16.12,Aatrox,16.12,11.944444444444441,12.029947342168468,0.08550289772402664,False,0.3333333333333333,22.377622377622373,1.8635137494554466,0.17582417582417584,0.1758241758241758,14,13,13,11,11,2.4849066497880004,3.045112781954888,8.228571428571428,3.045112781954888
Ahri|16.3,Ahri,16.3,9.459459459459463,9.698172796519755,0.2387133370602914,False,0.35135135135135137,27.27272727272727,1.230145008031061,0.19384057971014496,0.16304347826086957,24,23,12,11,11,2.4849066497880004,4.704467353951889,8.0,4.704467353951889
Ahri|16.6,Ahri,16.6,-21.395881006864986,-21.651875626563644,0.255994619698658,False,0.3333333333333333,24.025974025974026,0.9042143459916777,0.07058823529411765,0.17941176470588238,20,17,11,14,11,2.4849066497880004,2.6064981949458486,2.6064981949458486,8.672131147540984
Akali|16.5,Akali,16.5,-2.238805970149249,-2.6140144151426514,0.37520844499340233,False,0.3333333333333333,5.769230769230771,0.8079024409161697,0.35096153846153844,0.22115384615384617,16,13,13,12,12,2.5649493574615367,2.114460668864814,2.114460668864814,8.642857142857144
Alistar|16.15,Alistar,16.15,2.1428571428571352,2.031029992462341,0.1118271503947943,False,0.4117647058823529,41.66666666666667,0.970621610980478,0.25,0.31666666666666665,10,12,8,12,8,2.1972245773362196,3.450704225352113,4.761904761904762,3.450704225352113
Ambessa|16.10,Ambessa,16.10,10.476190476190473,11.160932448286681,0.6847419720962087,False,0.375,8.333333333333334,0.7263045665032897,0.3,0.5,10,10,6,8,6,1.9459101490553132,3.813559322033898,3.813559322033898,5.764705882352941
Ambessa|16.9,Ambessa,16.9,4.999999999999999,4.467387125447569,0.5326128745524299,False,0.2777777777777778,16.666666666666664,1.8619378200119767,0.22307692307692312,0.5692307692307692,13,10,9,6,6,1.9459101490553132,3.813559322033898,5.183999999999999,3.813559322033898
Anivia|16.10,Anivia,16.10,-1.225490196078427,-3.153199170403398,1.927708974324971,False,0.3333333333333333,5.555555555555558,1.893040889494301,0.2272727272727273,0.33636363636363636,10,11,6,10,6,1.9459101490553132,1.5737704918032789,1.5737704918032789,3.315741165672327
Aphelios|16.1,Aphelios,16.1,-8.496732026143794,-9.534174949486157,1.037442923342363,False,0.4782608695652174,22.222222222222225,1.2279603060015734,0.2236842105263158,0.15350877192982457,12,19,4,10,4,1.6094379124341003,1.7936384794414273,2.28169014084507,1.7936384794414273
Ashe|16.10,Ashe,16.10,-15.615384615384615,-14.954881253924679,0.660503361459936,False,0.46511627906976744,3.203661327231122,1.155626114605331,0.19915848527349228,0.14866760168302942,23,31,19,23,19,2.995732273553991,8.95364238410596,8.95364238410596,12.88659793814433
Bard|16.13,Bard,16.13,7.873563218390806,6.17843634868771,1.6951268697030955,False,0.47368421052631576,6.6666666666666705,0.789790758662077,0.2142857142857143,0.19999999999999996,10,14,6,11,6,1.9459101490553132,1.5287820642294483,4.347826086956522,1.5287820642294483
Brand|16.11,Brand,16.11,-20.588235294117645,-21.392689255956054,0.8044539618384086,False,0.28125,6.6666666666666705,1.4208602268442359,0.20380434782608697,0.1956521739130435,23,16,15,11,11,2.4849066497880004,5.897959183673469,9.0,5.897959183673469
Brand|16.13,Brand,16.13,2.382302892796373,2.779628702863196,0.3973258100668229,False,0.41025641025641024,7.14285714285714,0.9712587287581953,0.2956521739130435,0.1617391304347826,23,25,16,21,16,2.833213344056216,6.025089605734768,6.025089605734768,6.321367521367522
Brand|16.4,Brand,16.4,5.161290322580648,5.286881620814777,0.12559129823412896,False,0.3888888888888889,16.666666666666664,0.9707835548716468,0.33636363636363636,0.13636363636363635,11,10,8,6,6,1.9459101490553132,1.7872903795233894,2.0755939524838016,1.7872903795233894
Braum|16.3,Braum,16.3,3.9682539682539653,2.5817763466509436,1.3864776216030217,False,0.4827586206896552,13.636363636363635,0.7349179992098063,0.23508771929824565,0.22807017543859648,15,19,9,11,9,2.302585092994046,3.6903765690376567,7.043478260869565,3.6903765690376567
Braum|16.4,Braum,16.4,-16.666666666666668,-16.063557096845372,0.6031095698212958,False,0.20833333333333334,36.36363636363637,0.7000202762941905,0.2932330827067669,0.3157894736842105,19,14,11,5,5,1.791759469228055,3.0625000000000004,3.6903765690376567,3.0625000000000004
Caitlyn|16.1,Caitlyn,16.1,-8.387096774193548,-6.781811508817687,1.6052852653758611,False,0.47619047619047616,20.0,0.8212460887068924,0.11143695014662758,0.11290322580645161,22,31,15,17,15,2.772588722239781,6.301639344262296,6.301639344262296,9.878048780487804
Camille|16.16,Camille,16.16,-4.166666666666669,-3.3659764294596775,0.8006902372069913,False,0.3333333333333333,14.285714285714288,0.6854060236945103,0.10714285714285715,0.2410714285714286,16,14,14,14,14,2.70805020110221,6.7368421052631575,6.7368421052631575,7.876923076923077
Darius|16.4,Darius,16.4,-9.677419354838701,-11.27639258110269,1.5989732262639897,False,0.3333333333333333,9.999999999999998,2.1323098850720488,0.33333333333333337,0.16666666666666669,12,12,5,7,5,1.791759469228055,2.222821896684657,4.5,2.222821896684657
Diana|16.11,Diana,16.11,-14.342948717948723,-15.446244281293003,1.1032955633442807,False,0.5185185185185185,3.749999999999998,2.1960566472364973,0.1376518218623482,0.1255060728744939,13,19,10,16,10,2.3978952727983707,3.8177299088649543,6.259259259259259,3.8177299088649543
Diana|16.3,Diana,16.3,-4.2156862745098,-4.941207958367255,0.7255216838574556,False,0.12903225806451613,15.0,,0.16835016835016836,0.39057239057239057,27,11,20,7,7,2.0794415416798357,4.800000000000001,5.254545454545455,4.800000000000001
Ekko|16.3,Ekko,16.3,9.722222222222227,9.488461213600925,0.23376100862130222,False,0.36666666666666664,40.259740259740255,0.7275172319452771,0.08646616541353383,0.21804511278195488,19,14,11,8,8,2.1972245773362196,7.199999999999999,7.199999999999999,7.363636363636364
Ezreal|16.3,Ezreal,16.3,10.119047619047617,8.286007266389078,1.8330403526585393,False,0.5384615384615384,46.66666666666667,1.211341419948727,0.3166666666666667,0.16666666666666666,12,20,6,9,6,1.9459101490553132,5.333333333333333,5.333333333333333,7.229508196721311
Ezreal|16.9,Ezreal,16.9,-5.212121212121207,-6.498169613465149,1.2860484013439422,False,0.4,20.833333333333332,2.3248204842894666,0.1575091575091575,0.16483516483516486,21,26,16,18,16,2.833213344056216,10.514018691588785,12.811764705882352,10.514018691588785
Galio|16.10,Galio,16.10,-8.431372549019612,-8.022940212560602,0.40843233645900945,False,0.4444444444444444,19.607843137254903,1.0760522925642741,0.13333333333333336,0.2,15,20,12,18,12,2.5649493574615367,10.714285714285714,10.714285714285714,13.441860465116278
Garen|16.1,Garen,16.1,2.941176470588236,2.0647469977570942,0.8764294728311417,False,0.35714285714285715,40.0,1.4664596658389746,0.14444444444444446,0.2,18,15,11,10,10,2.3978952727983707,7.225,7.225,8.257142857142856
Garen|16.14,Garen,16.14,7.3129251700680244,5.604976612025553,1.7079485580424718,False,0.1388888888888889,9.846153846153848,1.5642681759537111,0.21720430107526878,0.12258064516129033,31,15,26,13,13,2.6390573296152584,4.91002044989775,13.879518072289159,4.91002044989775
Garen|16.5,Garen,16.5,-19.459459459459456,-18.51034141280169,0.949118046657766,False,0.5833333333333334,56.25,1.829558105810348,0.09999999999999999,0.3,10,20,5,17,5,1.791759469228055,4.999999999999999,4.999999999999999,11.130081300813007
Graves|16.17,Graves,16.17,-5.27788884446222,-4.900956393876211,0.37693245058600944,False,0.25,16.666666666666668,1.3395612288330967,0.15,0.21666666666666665,24,20,18,15,15,2.772588722239781,5.189679218967921,9.716763005780345,5.189679218967921
Graves|16.7,Graves,16.7,-4.83091787439614,-5.9280306854857745,1.0971128110896347,False,0.3333333333333333,2.2727272727272707,1.9310040253671519,0.15151515151515152,0.29545454545454547,12,11,12,9,9,2.302585092994046,2.935570469798658,4.82370820668693,2.935570469798658
Gwen|16.2,Gwen,16.2,-17.857142857142854,-18.89613549283382,1.038992635690967,False,0.25,55.00000000000001,2.1877894953405077,0.26262626262626265,0.13636363636363638,18,11,12,5,5,1.791759469228055,2.1176470588235294,2.8823529411764706,2.1176470588235294
Irelia|16.17,Irelia,16.17,2.572815533980588,3.5957738877834156,1.0229583538028275,False,0.47368421052631576,13.675213675213671,1.9328429238584068,0.15714285714285714,0.17142857142857143,10,14,9,13,9,2.302585092994046,1.6657246035484377,1.6657246035484377,2.620802620802621
Jax|16.1,Jax,16.1,-13.182140326009929,-15.647506018131763,2.465365692121834,True,0.3870967741935484,5.769230769230771,1.6928726431062102,0.2631578947368421,0.3157894736842105,19,19,13,13,13,2.6390573296152584,4.7152635181382605,4.7152635181382605,5.897959183673469
Jax|16.12,Jax,16.12,9.264184397163122,10.73065352726843,1.4664691301053079,False,0.2857142857142857,16.239316239316242,1.2309402012788933,0.39999999999999997,0.15,15,12,13,9,9,2.302585092994046,2.931297709923664,3.4569640062597813,2.931297709923664
Jayce|16.14,Jayce,16.14,-24.521072796934867,-26.754482192314978,2.233409395380111,True,0.47619047619047616,4.444444444444439,0.8072155308188248,0.23636363636363633,0.1939393939393939,11,15,9,15,9,2.302585092994046,6.942857142857144,6.942857142857144,9.666666666666666
Jhin|16.1,Jhin,16.1,-9.019607843137251,-8.244195023580502,0.7754128195567489,False,0.21052631578947367,0.0,1.314617745523353,0.21568627450980393,0.3156862745098039,30,17,15,12,12,2.5649493574615367,6.4222222222222225,6.4222222222222225,6.4696485623003195
Jinx|16.1,Jinx,16.1,3.3333333333333326,3.7392168879919474,0.4058835546586148,False,0.4074074074074074,11.11111111111111,0.6660683418055677,0.20833333333333334,0.0892857142857143,16,21,10,9,9,2.302585092994046,7.041666666666666,7.041666666666666,7.258064516129031
Jinx|16.4,Jinx,16.4,-7.183908045977011,-6.099396802638912,1.084511243338099,False,0.3,1.8181818181818188,0.38426550427699924,0.21428571428571427,0.1369047619047619,21,16,11,11,11,2.4849066497880004,5.159509202453988,5.4453781512605035,5.159509202453988
Karma|16.7,Karma,16.7,-1.785714285714285,-2.633761804610085,0.8480475188958001,False,0.2903225806451613,7.777777777777778,1.7337685866179333,0.18421052631578944,0.17224880382775118,22,19,18,16,16,2.833213344056216,5.850746268656716,10.686868686868687,5.850746268656716
Karma|16.8,Karma,16.8,8.928571428571425,7.4798896850839185,1.4486817434875068,False,0.24,20.0,1.485715008308981,0.2763157894736842,0.39035087719298245,19,12,16,8,8,2.1972245773362196,2.4932502596054,5.850746268656716,2.4932502596054
Locke|16.14,Locke,16.14,-9.313725490196079,-9.200517729912573,0.11320776028350643,False,0.20512820512820512,58.82352941176471,1.8362509111096998,0.10483870967741936,0.18387096774193545,31,20,25,17,17,2.8903717578961645,10.974683544303796,11.00952380952381,10.974683544303796
Locke|16.15,Locke,16.15,4.1805401405845375,4.60380585388489,0.4232657133003528,False,0.2857142857142857,24.509803921568626,0.9136648243938182,0.22058823529411764,0.1941176470588235,20,17,17,13,13,2.6390573296152584,3.4297924297924296,10.974683544303796,3.4297924297924296
Lucian|16.1,Lucian,16.1,7.179487179487176,7.986530793102892,0.8070436136157157,False,0.46875,1.5873015873015872,1.483723548904897,0.10084033613445376,0.16246498599439776,17,21,9,7,7,2.0794415416798357,4.333333333333333,6.818181818181818,4.333333333333333
Lux|16.4,Lux,16.4,2.753737214791502,4.168619909001836,1.414882694210334,False,0.42424242424242425,5.2884615384615365,2.2485902239647713,0.28421052631578947,0.17894736842105263,19,20,13,17,13,2.6390573296152584,3.187396351575456,3.187396351575456,10.440993788819876
Malphite|16.2,Malphite,16.2,0.9615384615384581,2.7122313286705335,1.7506928671320754,False,0.34285714285714286,12.82051282051282,0.8366306611780137,0.041062801932367166,0.2367149758454106,23,18,9,13,9,2.302585092994046,5.728813559322033,5.728813559322033,8.470588235294118
Mel|16.8,Mel,16.8,-1.994301994301989,-2.1094415553993775,0.11513956109738843,False,0.3157894736842105,23.863636363636363,0.746018263157755,0.11188811188811189,0.26573426573426573,13,11,11,8,8,2.1972245773362196,4.827814569536424,4.827814569536424,6.259259259259259
Mordekaiser|16.14,Mordekaiser,16.14,4.285714285714281,4.303437210755357,0.017722925041075754,False,0.5555555555555556,17.05685618729097,1.1517481699553065,0.35775862068965514,0.1918103448275862,16,29,13,23,13,2.6390573296152584,4.611764705882353,4.611764705882353,13.17204301075269
Mordekaiser|16.15,Mordekaiser,16.15,-2.5615763546797954,-2.2490398803398537,0.3125364743399417,False,0.2564102564102564,10.997442455242968,1.2956539645506586,0.23180076628352486,0.09195402298850577,29,18,23,17,17,2.8903717578961645,10.645569620253166,13.17204301075269,10.645569620253166
Nami|16.14,Nami,16.14,1.414027149321273,1.64527202572885,0.23124487640757696,False,0.2608695652173913,2.857142857142858,1.6469232627288544,0.29411764705882354,0.17647058823529416,17,13,15,11,11,2.4849066497880004,3.54601226993865,3.54601226993865,4.208560311284047
Nami|16.7,Nami,16.7,-1.3209813003945803,-2.4827007946064796,1.1617194942118994,False,0.2903225806451613,30.909090909090907,2.484559125808292,0.06818181818181818,0.0681818181818182,22,20,13,10,10,2.3978952727983707,3.160334029227557,3.8532188841201713,3.160334029227557
Nasus|16.16,Nasus,16.16,-5.373563218390808,-6.8771924334069645,1.503629215016156,False,0.574468085106383,1.9138755980861233,1.210946634868548,0.1894736842105263,0.11052631578947368,20,38,19,33,19,2.995732273553991,11.267605633802818,11.267605633802818,20.85123966942149
Nasus|16.17,Nasus,16.17,4.30213464696223,5.846070545245741,1.543935898283511,False,0.2962962962962963,16.614420062695924,0.7900243755031359,0.09168081494057723,0.13412563667232597,38,31,33,29,29,3.4011973816621555,15.705128205128204,20.85123966942149,15.705128205128204
Nocturne|16.12,Nocturne,16.12,-5.286738351254478,-3.5333925012841663,1.7533458499703114,False,0.35,16.666666666666668,2.8059105277878684,0.2115384615384615,0.3076923076923077,13,12,12,9,9,2.302585092994046,5.13903743315508,8.307692307692307,5.13903743315508
Nocturne|16.17,Nocturne,16.17,4.216951033430427,3.7029475001869483,0.5140035332434789,False,0.3103448275862069,6.730769230769229,1.1859879110528757,0.15000000000000002,0.1166666666666667,20,15,16,13,13,2.6390573296152584,2.7718631178707223,2.7718631178707223,3.2503077554370132
Orianna|16.12,Orianna,16.12,-10.3230890464933,-10.768342601053671,0.44525355456037197,False,0.3684210526315789,40.151515151515156,1.000507273388083,0.16666666666666669,0.25,12,12,12,11,11,2.4849066497880004,2.34750265674814,2.34750265674814,3.77720207253886
Orianna|16.5,Orianna,16.5,-32.407407407407405,-32.25186753260934,0.15553987479806608,False,0.47619047619047616,30.0,1.019291381470838,0.20606060606060606,0.21212121212121213,11,15,5,10,5,1.791759469228055,1.618201997780244,4.2631578947368425,1.618201997780244
Ornn|16.7,Ornn,16.7,-1.1111111111111183,-0.5228540017740979,0.5882571093370204,False,0.35294117647058826,7.14285714285714,1.4522362755631975,0.18181818181818177,0.45454545454545453,11,11,9,6,6,1.9459101490553132,4.545454545454546,6.0,4.545454545454546
Poppy|16.16,Poppy,16.16,-9.027777777777779,-8.304552178010216,0.723225599767563,False,0.5,13.33333333333333,1.0514990744055561,0.16666666666666666,0.3666666666666667,10,15,10,15,10,2.3978952727983707,4.909090909090908,4.909090909090908,6.620689655172415
Ryze|16.3,Ryze,16.3,-0.512820512820511,-0.8452113376121895,0.3323908247916785,False,0.2727272727272727,10.000000000000004,1.3175100029649593,0.2556818181818182,0.19318181818181818,16,11,10,10,10,2.3978952727983707,7.191489361702127,7.258064516129032,7.191489361702127
Senna|16.1,Senna,16.1,43.333333333333336,45.12336197922047,1.7900286458871335,False,0.4090909090909091,0.0,,0.23846153846153845,0.2153846153846154,13,10,5,5,5,1.791759469228055,2.848101265822785,4.5,2.848101265822785
Senna|16.13,Senna,16.13,-4.200236330432916,-4.501561950842148,0.30132562040923183,False,0.43333333333333335,9.259259259259256,1.2357720866548274,0.16963064295485636,0.2079343365253078,34,43,28,37,28,3.367295829986474,11.11453744493392,11.11453744493392,20.930530164533824
Senna|16.14,Senna,16.14,4.83708007072493,3.9049816307818674,0.9320984399430627,False,0.2833333333333333,1.1111111111111127,1.6275483941207063,0.11714039621016362,0.18690783807062875,43,27,37,25,25,3.258096538021482,12.061674008810572,20.930530164533824,12.061674008810572
Senna|16.4,Senna,16.4,8.71212121212121,8.181590598237248,0.5305306138839612,False,0.42857142857142855,35.064935064935064,1.1961273409643334,0.15,0.08333333333333334,12,15,8,12,8,2.1972245773362196,5.538461538461538,6.36842105263158,5.538461538461538
Seraphine|16.14,Seraphine,16.14,-4.642857142857137,-4.323835408633414,0.31902173422372293,False,0.14285714285714285,17.142857142857142,1.7932175316522116,0.09410919540229887,0.07112068965517243,48,29,36,25,25,3.258096538021482,11.085972850678733,12.18274111675127,11.085972850678733
Shen|16.6,Shen,16.6,-14.416273584905658,-15.857634674502407,1.4413610895967484,False,0.25,15.151515151515149,2.9770297393113507,0.3487179487179487,0.12820512820512822,15,13,11,9,9,2.302585092994046,4.262518968133535,4.697247706422019,4.262518968133535
Sion|16.13,Sion,16.13,16.666666666666668,17.55071228439064,0.8840456177239737,False,0.4583333333333333,33.333333333333336,1.970460513567422,0.2692307692307693,0.3131868131868132,13,14,8,12,8,2.1972245773362196,3.585365853658537,3.585365853658537,5.0
Sivir|16.2,Sivir,16.2,-38.38709677419355,-38.257177541295015,0.12991923289853702,False,0.3548387096774194,33.33333333333333,0.8468382719634413,0.2,0.2375,20,16,12,9,9,2.302585092994046,7.118518518518519,7.118518518518519,8.333333333333332
Smolder|16.1,Smolder,16.1,-0.12626262626261875,0.3934708829615885,0.5197335092242072,False,0.36666666666666664,2.7777777777777732,2.050278509828423,0.24853801169590645,0.2982456140350877,19,18,12,11,11,2.4849066497880004,3.608574091332712,3.608574091332712,6.818181818181819
Smolder|16.11,Smolder,16.11,-23.237737871884217,-22.974362424591348,0.2633754472928693,False,0.21052631578947367,1.0101010101010082,1.7941203048668781,0.23333333333333334,0.21965811965811965,45,26,34,19,19,2.995732273553991,11.921985815602838,20.148418491484183,11.921985815602838
Smolder|16.2,Smolder,16.2,-4.444444444444451,-2.733468496667535,1.710975947776916,False,0.35714285714285715,6.944444444444442,1.3777113112341277,0.20634920634920634,0.24603174603174605,18,14,11,9,9,2.302585092994046,3.715596330275229,6.818181818181819,3.715596330275229
Swain|16.4,Swain,16.4,14.54545454545454,15.308558780426889,0.7631042349723494,False,0.2631578947368421,3.57142857142857,1.3482614801419597,0.15476190476190477,0.2261904761904762,14,12,8,8,8,2.1972245773362196,5.48780487804878,5.48780487804878,7.117647058823529
Sylas|16.12,Sylas,16.12,3.658536585365857,4.366809132389382,0.7082725470235252,False,0.5714285714285714,7.326007326007322,1.5988857953508742,0.2523809523809524,0.21904761904761905,15,28,13,21,13,2.6390573296152584,5.7857142857142865,5.7857142857142865,6.014311270125224
Sylas|16.15,Sylas,16.15,4.160346695557965,4.8370797637629135,0.6767330682049488,False,0.3148148148148148,6.3852813852813854,0.771967410481567,0.0633445945945946,0.20270270270270271,37,32,33,29,29,3.4011973816621555,16.312741312741313,16.859531772575252,16.312741312741313
Syndra|16.4,Syndra,16.4,-1.468788249694003,-1.0573122067741747,0.4114760429198283,False,0.3888888888888889,3.57142857142857,2.299510793382775,0.36363636363636365,0.18181818181818182,11,11,8,7,7,2.0794415416798357,1.9903121636167922,1.9903121636167922,3.881720430107527
Teemo|16.11,Teemo,16.11,-5.748663101604279,-5.693797041864313,0.05486605973996639,False,0.3225806451612903,4.395604395604391,1.7513977760974502,0.15538847117794485,0.24561403508771928,21,19,14,14,14,2.70805020110221,4.370510396975425,4.370510396975425,4.5375
Thresh|16.17,Thresh,16.17,1.949317738791423,1.9357184625191426,0.013599276272280303,False,0.3548387096774194,9.926470588235292,1.1726360107159608,0.2944444444444444,0.19444444444444445,20,18,17,16,16,2.833213344056216,11.281250000000002,11.281250000000002,12.355932203389832
Tristana|16.1,Tristana,16.1,-20.394736842105267,-15.727386091062995,4.667350751042273,True,0.3333333333333333,36.36363636363637,,0.17777777777777776,0.17777777777777776,18,10,12,4,4,1.6094379124341003,2.2857142857142856,6.811320754716982,2.2857142857142856
Twitch|16.4,Twitch,16.4,20.370370370370377,16.94524135648812,3.425129013882259,True,0.47368421052631576,5.454545454545457,0.7693566401109339,0.2692307692307693,0.19230769230769232,10,13,5,11,5,1.791759469228055,2.0739687055476526,4.5,2.0739687055476526
Varus|16.3,Varus,16.3,9.18604651162791,6.948695034469932,2.237351477157979,True,0.2857142857142857,47.252747252747255,0.790100705199242,0.2714285714285714,0.35714285714285715,20,14,14,7,7,2.0794415416798357,4.444444444444445,7.030418250950569,4.444444444444445
Vayne|16.17,Vayne,16.17,0.6269592476489061,-0.5183417051214945,1.1453009527704006,False,0.2608695652173913,4.4444444444444455,1.4326900438420167,0.12352941176470585,0.34705882352941175,17,10,15,9,9,2.302585092994046,3.9116279069767437,10.371428571428572,3.9116279069767437
Veigar|16.7,Veigar,16.7,-2.2571819425444617,-1.663320031557547,0.5938619109869148,False,0.3333333333333333,4.999999999999999,1.65554201057211,0.12878787878787878,0.22727272727272724,12,11,10,8,8,2.1972245773362196,2.0866425992779782,2.5294117647058827,2.0866425992779782
Viego|16.1,Viego,16.1,-16.666666666666668,-15.944270781548248,0.72239588511842,False,0.42857142857142855,0.0,1.7983290146050792,0.28205128205128205,0.2948717948717949,12,13,5,6,5,1.791759469228055,2.6915887850467293,2.6915887850467293,3.3488372093023258
Viego|16.2,Viego,16.2,6.3333333333333295,7.0229067812374035,0.689573447904074,False,0.4583333333333333,20.0,2.230418991971885,0.19838056680161942,0.09716599190283398,13,19,6,11,6,1.9459101490553132,2.2485249676212407,3.3488372093023258,2.2485249676212407
Xayah|16.1,Xayah,16.1,-17.14285714285714,-12.901312703577434,4.241544439279705,True,0.4,11.428571428571432,0.9830877585747856,0.14393939393939395,0.30303030303030304,12,11,5,8,5,1.791759469228055,3.7692307692307696,3.7692307692307696,6.25
Xerath|16.17,Xerath,16.17,-5.420054200542001,-6.084581414662299,0.664527214120298,False,0.39285714285714285,8.169934640522875,1.499721953857774,0.24836601307189543,0.1895424836601307,17,18,17,18,17,2.8903717578961645,8.132530120481928,8.132530120481928,9.946745562130177
Yasuo|16.1,Yasuo,16.1,12.373737373737375,12.80785967683168,0.4341223030943038,False,0.4,17.777777777777782,1.4302883300355487,0.17222222222222222,0.31666666666666665,18,20,10,9,9,2.302585092994046,2.293318233295583,2.87240356083086,2.293318233295583
Yasuo|16.17,Yasuo,16.17,6.932471264367818,7.000127572629117,0.06765630826129865,False,0.39473684210526316,15.818181818181817,1.0312849726925153,0.08074534161490683,0.060559006211180134,23,28,22,26,22,3.1354942159291497,4.830188679245282,4.830188679245282,6.572366364488902
Yone|16.1,Yone,16.1,-2.631578947368418,-1.3990774398832118,1.2325015074852064,False,0.25,12.857142857142856,1.8180995981425117,0.13333333333333333,0.27619047619047615,21,15,10,7,7,2.0794415416798357,2.8000000000000003,4.272189349112427,2.8000000000000003
Yone|16.17,Yone,16.17,1.7783857729138153,1.9344370682578105,0.1560512953439952,False,0.4444444444444444,9.91902834008097,1.1687721607645563,0.15000000000000002,0.1571428571428571,20,28,19,26,19,2.995732273553991,8.877133105802047,8.877133105802047,10.103825136612022
Yone|16.3,Yone,16.3,-11.309523809523808,-13.02479113557538,1.7152673260515723,False,0.5,13.846153846153841,0.9556590428534795,0.2714285714285714,0.10714285714285716,14,20,5,15,5,1.791759469228055,1.8846153846153846,1.8846153846153846,9.0
Yunara|16.1,Yunara,16.1,-85.71428571428572,-83.94755973733338,1.766725976952344,False,0.47368421052631576,25.0,,0.18333333333333332,0.25,10,12,3,4,3,1.3862943611198906,2.6666666666666665,2.6666666666666665,3.266666666666667
Yunara|16.14,Yunara,16.14,-5.208333333333331,-6.116481302745807,0.9081479694124761,False,0.3181818181818182,37.5,0.6504928096082871,0.2523809523809524,0.1285714285714286,15,14,12,9,9,2.302585092994046,5.023255813953488,7.314285714285714,5.023255813953488
Zaahen|16.3,Zaahen,16.3,-4.848484848484846,-4.970463477153498,0.12197862866865172,False,0.375,3.1746031746031744,1.5765162884274186,0.2833333333333333,0.1791666666666667,15,16,9,10,9,2.302585092994046,3.805031446540881,6.5820895522388065,3.805031446540881
Zaahen|16.6,Zaahen,16.6,10.776942355889718,11.384238402025426,0.6072960461357084,False,0.25,2.5641025641025603,1.934499239468044,0.18333333333333332,0.5,15,12,13,9,9,2.302585092994046,5.084507042253522,7.289256198347108,5.084507042253522
Zed|16.10,Zed,16.10,0.9661835748792202,1.2182527330606208,0.2520691581814005,False,0.3684210526315789,23.333333333333332,2.396151978558122,0.14285714285714285,0.33333333333333337,12,14,10,12,10,2.3978952727983707,5.024813895781638,5.024813895781638,5.135922330097088
Zed|16.2,Zed,16.2,-11.111111111111116,-9.354325397105928,1.7567857140051881,False,0.3103448275862069,11.904761904761903,2.68707245156798,0.2388888888888889,0.21111111111111114,20,18,12,7,7,2.0794415416798357,2.9224944320712694,2.9224944320712694,5.4
Zed|16.3,Zed,16.3,-44.44444444444444,-44.444120848660944,0.0003235957834988312,False,0.25,8.57142857142857,2.7093316852573155,0.19444444444444445,0.2222222222222222,18,12,7,6,6,1.9459101490553132,5.4,5.4,5.444444444444445
