event_id,champion,patch,pre_patch,change_direction,n_pre_users,n_post_users,n_pre_only,n_both,n_post_only,pre_only_among_union,both_among_union,post_only_among_union,pre_only_among_pre,post_only_among_post,continuation_rate,pre_observed_new_share,post_observed_new_share,delta_observed_new_pp,pre_established_share,post_established_share,delta_established_pp,rank_tvd,role_tvd,experience_eligible_pre,experience_eligible_post,higher_support_view
Akshan|16.1,Akshan,16.1,15.24,,8,4,6,2,2,0.6,0.2,0.2,0.75,0.5,0.25,0.75,0.0,-75.0,0.25,1.0,75.0,0.375,0.5,4,2,False
Aphelios|16.1,Aphelios,16.1,15.24,,12,19,4,8,11,0.17391304347826086,0.34782608695652173,0.4782608695652174,0.3333333333333333,0.5789473684210527,0.6666666666666666,0.3333333333333333,0.5555555555555556,22.222222222222225,0.3333333333333333,0.3333333333333333,0.0,0.2236842105263158,0.15350877192982457,3,9,True
Ashe|16.1,Ashe,16.1,15.24,,24,7,21,3,4,0.75,0.10714285714285714,0.14285714285714285,0.875,0.5714285714285714,0.125,0.4166666666666667,0.2,-21.666666666666668,0.16666666666666666,0.2,3.3333333333333353,0.10714285714285712,0.24999999999999994,12,5,False
Caitlyn|16.1,Caitlyn,16.1,15.24,,22,31,11,11,20,0.2619047619047619,0.2619047619047619,0.47619047619047616,0.5,0.6451612903225806,0.5,0.13333333333333333,0.3333333333333333,20.0,0.4,0.26666666666666666,-13.333333333333336,0.11143695014662758,0.11290322580645161,15,15,True
Cassiopeia|16.1,Cassiopeia,16.1,15.24,,9,3,8,1,2,0.7272727272727273,0.09090909090909091,0.18181818181818182,0.8888888888888888,0.6666666666666666,0.1111111111111111,0.8,0.5,-30.000000000000004,0.2,0.5,30.0,0.33333333333333337,0.6666666666666666,5,2,False
Corki|16.1,Corki,16.1,15.24,,6,5,4,2,3,0.4444444444444444,0.2222222222222222,0.3333333333333333,0.6666666666666666,0.6,0.3333333333333333,1.0,,,0.0,,,0.6666666666666666,0.43333333333333335,3,0,False
Draven|16.1,Draven,16.1,15.24,,7,5,4,3,2,0.4444444444444444,0.3333333333333333,0.2222222222222222,0.5714285714285714,0.4,0.42857142857142855,0.25,0.0,-25.0,0.75,1.0,25.0,0.5714285714285714,0.14285714285714288,4,4,False
Elise|16.1,Elise,16.1,15.24,,5,4,5,0,4,0.5555555555555556,0.0,0.4444444444444444,1.0,1.0,0.0,0.0,0.5,50.0,0.5,0.0,-50.0,0.4,0.4,2,2,False
Gangplank|16.1,Gangplank,16.1,15.24,,2,5,2,0,5,0.2857142857142857,0.0,0.7142857142857143,1.0,1.0,0.0,0.0,0.6,60.0,0.0,0.2,20.0,0.8,0.3,1,5,False
Garen|16.1,Garen,16.1,15.24,,18,15,13,5,10,0.4642857142857143,0.17857142857142858,0.35714285714285715,0.7222222222222222,0.6666666666666666,0.2777777777777778,0.2,0.6,40.0,0.3,0.2,-9.999999999999998,0.14444444444444446,0.2,10,10,True
Graves|16.1,Graves,16.1,15.24,,9,7,7,2,5,0.5,0.14285714285714285,0.35714285714285715,0.7777777777777778,0.7142857142857143,0.2222222222222222,0.5,0.6666666666666666,16.666666666666664,0.3333333333333333,0.0,-33.33333333333333,0.4126984126984127,0.3492063492063492,6,3,False
Jax|16.1,Jax,16.1,15.24,,19,19,12,7,12,0.3870967741935484,0.22580645161290322,0.3870967741935484,0.631578947368421,0.631578947368421,0.3684210526315789,0.3076923076923077,0.25,-5.769230769230771,0.46153846153846156,0.5,3.8461538461538436,0.2631578947368421,0.3157894736842105,13,12,True
Jhin|16.1,Jhin,16.1,15.24,,30,17,21,9,8,0.5526315789473685,0.23684210526315788,0.21052631578947367,0.7,0.47058823529411764,0.3,0.25,0.25,0.0,0.3333333333333333,0.25,-8.333333333333332,0.21568627450980393,0.3156862745098039,12,12,True
Jinx|16.1,Jinx,16.1,15.24,,16,21,6,10,11,0.2222222222222222,0.37037037037037035,0.4074074074074074,0.375,0.5238095238095238,0.625,0.1111111111111111,0.0,-11.11111111111111,0.4444444444444444,0.5555555555555556,11.111111111111116,0.20833333333333334,0.0892857142857143,9,9,True
Kindred|16.1,Kindred,16.1,15.24,,9,7,6,3,4,0.46153846153846156,0.23076923076923078,0.3076923076923077,0.6666666666666666,0.5714285714285714,0.3333333333333333,0.5,0.0,-50.0,0.5,0.5,0.0,0.5238095238095237,0.2857142857142857,4,2,False
Lucian|16.1,Lucian,16.1,15.24,,17,21,11,6,15,0.34375,0.1875,0.46875,0.6470588235294118,0.7142857142857143,0.35294117647058826,0.4444444444444444,0.42857142857142855,-1.5873015873015872,0.1111111111111111,0.14285714285714285,3.1746031746031744,0.10084033613445376,0.16246498599439776,9,7,True
Miss Fortune|16.1,Miss Fortune,16.1,15.24,,0,0,0,0,0,,,,,,,,,,,,,,,0,0,False
Nilah|16.1,Nilah,16.1,15.24,,3,4,1,2,2,0.2,0.4,0.4,0.3333333333333333,0.5,0.6666666666666666,,0.3333333333333333,,,0.0,,0.16666666666666666,0.41666666666666663,0,3,False
Quinn|16.1,Quinn,16.1,15.24,,6,5,5,1,4,0.5,0.1,0.4,0.8333333333333334,0.8,0.16666666666666666,0.0,0.3333333333333333,33.33333333333333,0.6666666666666666,0.0,-66.66666666666666,0.5,0.6,3,3,False
Rengar|16.1,Rengar,16.1,15.24,,8,5,8,0,5,0.6153846153846154,0.0,0.38461538461538464,1.0,1.0,0.0,0.5,1.0,50.0,0.5,0.0,-50.0,0.5,0.375,4,2,False
Samira|16.1,Samira,16.1,15.24,,9,4,8,1,3,0.6666666666666666,0.08333333333333333,0.25,0.8888888888888888,0.75,0.1111111111111111,0.42857142857142855,0.6666666666666666,23.809523809523807,0.0,0.0,0.0,0.3055555555555556,0.5277777777777778,7,3,False
Senna|16.1,Senna,16.1,15.24,,13,10,12,1,9,0.5454545454545454,0.045454545454545456,0.4090909090909091,0.9230769230769231,0.9,0.07692307692307693,0.6,0.6,0.0,0.0,0.0,0.0,0.23846153846153845,0.2153846153846154,5,5,True
Shaco|16.1,Shaco,16.1,15.24,,9,9,4,5,4,0.3076923076923077,0.38461538461538464,0.3076923076923077,0.4444444444444444,0.4444444444444444,0.5555555555555556,0.42857142857142855,0.2,-22.857142857142854,0.2857142857142857,0.4,11.428571428571432,0.1111111111111111,0.1111111111111111,7,5,False
Sivir|16.1,Sivir,16.1,15.24,,8,20,4,4,16,0.16666666666666666,0.16666666666666666,0.6666666666666666,0.5,0.8,0.5,0.2,0.6666666666666666,46.666666666666664,0.2,0.08333333333333333,-11.666666666666668,0.2,0.475,5,12,False
Smolder|16.1,Smolder,16.1,15.24,,19,18,12,7,11,0.4,0.23333333333333334,0.36666666666666664,0.631578947368421,0.6111111111111112,0.3684210526315789,0.4166666666666667,0.4444444444444444,2.7777777777777732,0.25,0.3333333333333333,8.333333333333332,0.24853801169590645,0.2982456140350877,12,9,True
Tristana|16.1,Tristana,16.1,15.24,,18,10,17,1,9,0.6296296296296297,0.037037037037037035,0.3333333333333333,0.9444444444444444,0.9,0.05555555555555555,0.6363636363636364,1.0,36.36363636363637,0.0,0.0,0.0,0.17777777777777776,0.17777777777777776,11,4,True
Tryndamere|16.1,Tryndamere,16.1,15.24,,1,8,1,0,8,0.1111111111111111,0.0,0.8888888888888888,1.0,1.0,0.0,,0.75,,,0.0,,0.75,0.875,0,4,False
Twitch|16.1,Twitch,16.1,15.24,,9,16,4,5,11,0.2,0.25,0.55,0.4444444444444444,0.6875,0.5555555555555556,0.75,0.5555555555555556,-19.444444444444443,0.0,0.1111111111111111,11.11111111111111,0.13888888888888887,0.45138888888888884,4,9,False
Viego|16.1,Viego,16.1,15.24,,12,13,8,4,9,0.38095238095238093,0.19047619047619047,0.42857142857142855,0.6666666666666666,0.6923076923076923,0.3333333333333333,0.2,0.2,0.0,0.4,0.6,19.999999999999996,0.28205128205128205,0.2948717948717949,5,5,True
Xayah|16.1,Xayah,16.1,15.24,,12,11,9,3,8,0.45,0.15,0.4,0.75,0.7272727272727273,0.25,0.6,0.7142857142857143,11.428571428571432,0.0,0.0,0.0,0.14393939393939395,0.30303030303030304,5,7,True
Yasuo|16.1,Yasuo,16.1,15.24,,18,20,10,8,12,0.3333333333333333,0.26666666666666666,0.4,0.5555555555555556,0.6,0.4444444444444444,0.4,0.2222222222222222,-17.777777777777782,0.3,0.2222222222222222,-7.777777777777778,0.17222222222222222,0.31666666666666665,10,9,True
Yone|16.1,Yone,16.1,15.24,,21,15,13,8,7,0.4642857142857143,0.2857142857142857,0.25,0.6190476190476191,0.4666666666666667,0.38095238095238093,0.3,0.42857142857142855,12.857142857142856,0.2,0.2857142857142857,8.57142857142857,0.13333333333333333,0.27619047619047615,10,7,True
Yunara|16.1,Yunara,16.1,15.24,,10,12,7,3,9,0.3684210526315789,0.15789473684210525,0.47368421052631576,0.7,0.75,0.3,0.0,0.25,25.0,0.0,0.5,50.0,0.18333333333333332,0.25,3,4,True
Zeri|16.1,Zeri,16.1,15.24,,7,4,7,0,4,0.6363636363636364,0.0,0.36363636363636365,1.0,1.0,0.0,0.75,0.3333333333333333,-41.66666666666667,0.25,0.3333333333333333,8.333333333333332,0.75,0.4285714285714286,4,3,False
Aatrox|16.2,Aatrox,16.2,16.1,,5,9,3,2,7,0.25,0.16666666666666666,0.5833333333333334,0.6,0.7777777777777778,0.4,0.5,0.4,-9.999999999999998,0.5,0.2,-30.0,0.3555555555555555,0.5555555555555556,2,5,False
Ashe|16.2,Ashe,16.2,16.1,,7,21,5,2,19,0.19230769230769232,0.07692307692307693,0.7307692307692307,0.7142857142857143,0.9047619047619048,0.2857142857142857,0.2,0.375,17.5,0.2,0.25,4.999999999999999,0.19047619047619047,0.3333333333333333,5,8,False
Gwen|16.2,Gwen,16.2,16.1,,18,11,13,5,6,0.5416666666666666,0.20833333333333334,0.25,0.7222222222222222,0.5454545454545454,0.2777777777777778,0.75,0.2,-55.00000000000001,0.16666666666666666,0.6,43.333333333333336,0.26262626262626265,0.13636363636363638,12,5,True
Jayce|16.2,Jayce,16.2,16.1,,12,8,11,1,7,0.5789473684210527,0.05263157894736842,0.3684210526315789,0.9166666666666666,0.875,0.08333333333333333,0.6,0.5,-9.999999999999998,0.2,0.25,4.999999999999999,0.125,0.375,5,4,False
Lillia|16.2,Lillia,16.2,16.1,,5,4,4,1,3,0.5,0.125,0.375,0.8,0.75,0.2,0.5,1.0,50.0,0.0,0.0,0.0,0.6,0.5,2,1,False
Malphite|16.2,Malphite,16.2,16.1,,23,18,17,6,12,0.4857142857142857,0.17142857142857143,0.34285714285714286,0.7391304347826086,0.6666666666666666,0.2608695652173913,0.6666666666666666,0.5384615384615384,-12.82051282051282,0.2222222222222222,0.3076923076923077,8.54700854700855,0.041062801932367166,0.2367149758454106,9,13,True
Master Yi|16.2,Master Yi,16.2,16.1,,0,0,0,0,0,,,,,,,,,,,,,,,0,0,False
Nunu & Willump|16.2,Nunu & Willump,16.2,16.1,,0,0,0,0,0,,,,,,,,,,,,,,,0,0,False
Sivir|16.2,Sivir,16.2,16.1,,20,16,15,5,11,0.4838709677419355,0.16129032258064516,0.3548387096774194,0.75,0.6875,0.25,0.6666666666666666,0.3333333333333333,-33.33333333333333,0.08333333333333333,0.2222222222222222,13.88888888888889,0.2,0.2375,12,9,True
Smolder|16.2,Smolder,16.2,16.1,,18,14,14,4,10,0.5,0.14285714285714285,0.35714285714285715,0.7777777777777778,0.7142857142857143,0.2222222222222222,0.4444444444444444,0.375,-6.944444444444442,0.3333333333333333,0.5,16.666666666666668,0.20634920634920634,0.24603174603174605,9,8,True
Taliyah|16.2,Taliyah,16.2,16.1,,4,4,4,0,4,0.5,0.0,0.5,1.0,1.0,0.0,1.0,0.5,-50.0,0.0,0.0,0.0,1.0,0.25,3,4,False
Varus|16.2,Varus,16.2,16.1,,5,20,3,2,18,0.13043478260869565,0.08695652173913043,0.782608695652174,0.6,0.9,0.4,0.5,0.6153846153846154,11.538461538461542,0.0,0.0,0.0,0.35000000000000003,0.30000000000000004,2,13,False
Viego|16.2,Viego,16.2,16.1,,13,19,5,8,11,0.20833333333333334,0.3333333333333333,0.4583333333333333,0.38461538461538464,0.5789473684210527,0.6153846153846154,0.2,0.4,20.0,0.6,0.4,-19.999999999999996,0.19838056680161942,0.09716599190283398,5,10,True
Zed|16.2,Zed,16.2,16.1,,20,18,11,9,9,0.3793103448275862,0.3103448275862069,0.3103448275862069,0.55,0.5,0.45,0.16666666666666666,0.2857142857142857,11.904761904761903,0.25,0.5714285714285714,32.14285714285714,0.2388888888888889,0.21111111111111114,12,7,True
Ahri|16.3,Ahri,16.3,16.2,,24,23,14,10,13,0.3783783783783784,0.2702702702702703,0.35135135135135137,0.5833333333333334,0.5652173913043478,0.4166666666666667,0.45454545454545453,0.18181818181818182,-27.27272727272727,0.18181818181818182,0.36363636363636365,18.181818181818183,0.19384057971014496,0.16304347826086957,11,11,True
Bel'Veth|16.3,Bel'Veth,16.3,16.2,,0,0,0,0,0,,,,,,,,,,,,,,,0,0,False
Braum|16.3,Braum,16.3,16.2,,15,19,10,5,14,0.3448275862068966,0.1724137931034483,0.4827586206896552,0.6666666666666666,0.7368421052631579,0.3333333333333333,0.5,0.36363636363636365,-13.636363636363635,0.25,0.18181818181818182,-6.8181818181818175,0.23508771929824565,0.22807017543859648,8,11,True
Briar|16.3,Briar,16.3,16.2,,5,8,1,4,4,0.1111111111111111,0.4444444444444444,0.4444444444444444,0.2,0.5,0.8,0.6,0.42857142857142855,-17.142857142857142,0.4,0.14285714285714285,-25.71428571428572,0.25,0.17500000000000002,5,7,False
Diana|16.3,Diana,16.3,16.2,,27,11,20,7,4,0.6451612903225806,0.22580645161290322,0.12903225806451613,0.7407407407407407,0.36363636363636365,0.25925925925925924,0.15,0.0,-15.0,0.3,0.5714285714285714,27.142857142857142,0.16835016835016836,0.39057239057239057,20,7,True
Draven|16.3,Draven,16.3,16.2,,5,8,3,2,6,0.2727272727272727,0.18181818181818182,0.5454545454545454,0.6,0.75,0.4,0.2,0.0,-20.0,0.6,0.8,20.000000000000007,0.30000000000000004,0.475,5,5,False
Ekko|16.3,Ekko,16.3,16.2,,19,14,16,3,11,0.5333333333333333,0.1,0.36666666666666664,0.8421052631578947,0.7857142857142857,0.15789473684210525,0.5454545454545454,0.14285714285714285,-40.259740259740255,0.2727272727272727,0.2857142857142857,1.2987012987012991,0.08646616541353383,0.21804511278195488,11,7,True
Ezreal|16.3,Ezreal,16.3,16.2,,12,20,6,6,14,0.23076923076923078,0.23076923076923078,0.5384615384615384,0.5,0.7,0.5,0.8,0.3333333333333333,-46.66666666666667,0.0,0.3333333333333333,33.33333333333333,0.3166666666666667,0.16666666666666666,5,9,True
Hecarim|16.3,Hecarim,16.3,16.2,,4,7,2,2,5,0.2222222222222222,0.2222222222222222,0.5555555555555556,0.5,0.7142857142857143,0.5,0.5,0.3333333333333333,-16.666666666666668,0.5,0.5,0.0,0.3571428571428571,0.24999999999999997,4,6,False
Heimerdinger|16.3,Heimerdinger,16.3,16.2,,9,7,5,4,3,0.4166666666666667,0.3333333333333333,0.25,0.5555555555555556,0.42857142857142855,0.4444444444444444,0.75,0.25,-50.0,0.25,0.5,25.0,0.15873015873015872,0.19047619047619047,8,4,False
Jayce|16.3,Jayce,16.3,16.2,,8,4,7,1,3,0.6363636363636364,0.09090909090909091,0.2727272727272727,0.875,0.75,0.125,0.5,0.0,-50.0,0.25,0.0,-25.0,0.5,0.25,4,1,False
Kayn|16.3,Kayn,16.3,16.2,,8,9,4,4,5,0.3076923076923077,0.3076923076923077,0.38461538461538464,0.5,0.5555555555555556,0.5,0.42857142857142855,0.4,-2.8571428571428523,0.14285714285714285,0.2,5.714285714285716,0.20833333333333334,0.20833333333333334,7,5,False
Maokai|16.3,Maokai,16.3,16.2,,1,4,0,1,3,0.0,0.25,0.75,0.0,0.75,1.0,,0.5,,,0.5,,0.5,0.5,0,2,False
Mel|16.3,Mel,16.3,16.2,,12,7,10,2,5,0.5882352941176471,0.11764705882352941,0.29411764705882354,0.8333333333333334,0.7142857142857143,0.16666666666666666,0.16666666666666666,0.3333333333333333,16.666666666666664,0.3333333333333333,0.0,-33.33333333333333,0.3333333333333333,0.2738095238095238,6,3,False
Naafiri|16.3,Naafiri,16.3,16.2,,8,7,8,0,7,0.5333333333333333,0.0,0.4666666666666667,1.0,1.0,0.0,0.5714285714285714,0.8,22.857142857142865,0.14285714285714285,0.2,5.714285714285716,0.3392857142857143,0.4821428571428571,7,5,False
Nilah|16.3,Nilah,16.3,16.2,,2,2,2,0,2,0.5,0.0,0.5,1.0,1.0,0.0,0.0,1.0,100.0,0.0,0.0,0.0,0.5,0.5,1,2,False
Riven|16.3,Riven,16.3,16.2,,9,7,7,2,5,0.5,0.14285714285714285,0.35714285714285715,0.7777777777777778,0.7142857142857143,0.2222222222222222,0.6,0.0,-60.0,0.0,0.3333333333333333,33.33333333333333,0.42857142857142855,0.20634920634920637,5,3,False
Ryze|16.3,Ryze,16.3,16.2,,16,11,11,5,6,0.5,0.22727272727272727,0.2727272727272727,0.6875,0.5454545454545454,0.3125,0.4,0.3,-10.000000000000004,0.2,0.5,30.0,0.2556818181818182,0.19318181818181818,10,10,True
Trundle|16.3,Trundle,16.3,16.2,,5,6,3,2,4,0.3333333333333333,0.2222222222222222,0.4444444444444444,0.6,0.6666666666666666,0.4,0.6666666666666666,0.6666666666666666,0.0,0.0,0.3333333333333333,33.33333333333333,0.13333333333333336,0.23333333333333334,3,3,False
Tryndamere|16.3,Tryndamere,16.3,16.2,,6,5,4,2,3,0.4444444444444444,0.2222222222222222,0.3333333333333333,0.6666666666666666,0.6,0.3333333333333333,0.5,0.5,0.0,0.0,0.0,0.0,0.1333333333333333,0.30000000000000004,2,2,False
Varus|16.3,Varus,16.3,16.2,,20,14,14,6,8,0.5,0.21428571428571427,0.2857142857142857,0.7,0.5714285714285714,0.3,0.6153846153846154,0.14285714285714285,-47.252747252747255,0.0,0.14285714285714285,14.285714285714285,0.2714285714285714,0.35714285714285715,13,7,True
Vi|16.3,Vi,16.3,16.2,,6,5,6,0,5,0.5454545454545454,0.0,0.45454545454545453,1.0,1.0,0.0,0.8,0.6666666666666666,-13.333333333333341,0.2,0.0,-20.0,0.43333333333333335,0.5,5,3,False
Volibear|16.3,Volibear,16.3,16.2,,18,9,14,4,5,0.6086956521739131,0.17391304347826086,0.21739130434782608,0.7777777777777778,0.5555555555555556,0.2222222222222222,0.3333333333333333,0.16666666666666666,-16.666666666666664,0.1111111111111111,0.6666666666666666,55.55555555555556,0.2222222222222222,0.11111111111111112,9,6,False
Xin Zhao|16.3,Xin Zhao,16.3,16.2,,0,0,0,0,0,,,,,,,,,,,,,,,0,0,False
Yone|16.3,Yone,16.3,16.2,,14,20,8,6,14,0.2857142857142857,0.21428571428571427,0.5,0.5714285714285714,0.7,0.42857142857142855,0.4,0.5384615384615384,13.846153846153841,0.4,0.0,-40.0,0.2714285714285714,0.10714285714285716,5,13,True
Zaahen|16.3,Zaahen,16.3,16.2,,15,16,8,7,9,0.3333333333333333,0.2916666666666667,0.375,0.5333333333333333,0.5625,0.4666666666666667,0.1111111111111111,0.14285714285714285,3.1746031746031744,0.3333333333333333,0.2857142857142857,-4.761904761904762,0.2833333333333333,0.1791666666666667,9,7,True
Zed|16.3,Zed,16.3,16.2,,18,12,12,6,6,0.5,0.25,0.25,0.6666666666666666,0.5,0.3333333333333333,0.2857142857142857,0.2,-8.57142857142857,0.5714285714285714,0.6,2.857142857142858,0.19444444444444445,0.2222222222222222,7,5,True
Ambessa|16.4,Ambessa,16.4,16.3,,13,8,9,4,4,0.5294117647058824,0.23529411764705882,0.23529411764705882,0.6923076923076923,0.5,0.3076923076923077,0.5,0.3333333333333333,-16.666666666666668,0.125,0.3333333333333333,20.833333333333332,0.28846153846153844,0.16346153846153846,8,6,False
Annie|16.4,Annie,16.4,16.3,,5,4,4,1,3,0.5,0.125,0.375,0.8,0.75,0.2,1.0,0.3333333333333333,-66.66666666666667,0.0,0.0,0.0,0.35,0.30000000000000004,1,3,False
Aphelios|16.4,Aphelios,16.4,16.3,,11,5,9,2,3,0.6428571428571429,0.14285714285714285,0.21428571428571427,0.8181818181818182,0.6,0.18181818181818182,0.2,0.0,-20.0,0.6,0.3333333333333333,-26.666666666666668,0.34545454545454546,0.30909090909090914,5,3,False
Brand|16.4,Brand,16.4,16.3,,11,10,8,3,7,0.4444444444444444,0.16666666666666666,0.3888888888888889,0.7272727272727273,0.7,0.2727272727272727,0.16666666666666666,0.3333333333333333,16.666666666666664,0.16666666666666666,0.16666666666666666,0.0,0.33636363636363636,0.13636363636363635,6,6,True
Braum|16.4,Braum,16.4,16.3,,19,14,10,9,5,0.4166666666666667,0.375,0.20833333333333334,0.5263157894736842,0.35714285714285715,0.47368421052631576,0.36363636363636365,0.0,-36.36363636363637,0.18181818181818182,0.5,31.818181818181817,0.2932330827067669,0.3157894736842105,11,4,True
Camille|16.4,Camille,16.4,16.3,,4,4,2,2,2,0.3333333333333333,0.3333333333333333,0.3333333333333333,0.5,0.5,0.5,0.0,0.6666666666666666,66.66666666666666,0.0,0.3333333333333333,33.33333333333333,0.25,0.5,1,3,False
Darius|16.4,Darius,16.4,16.3,,12,12,6,6,6,0.3333333333333333,0.3333333333333333,0.3333333333333333,0.5,0.5,0.5,0.4,0.5,9.999999999999998,0.4,0.3333333333333333,-6.6666666666666705,0.33333333333333337,0.16666666666666669,5,6,True
Fizz|16.4,Fizz,16.4,16.3,,6,10,3,3,7,0.23076923076923078,0.23076923076923078,0.5384615384615384,0.5,0.7,0.5,0.3333333333333333,0.2857142857142857,-4.761904761904762,0.3333333333333333,0.0,-33.33333333333333,0.3,0.23333333333333334,3,7,False
Graves|16.4,Graves,16.4,16.3,,8,10,6,2,8,0.375,0.125,0.5,0.75,0.8,0.25,0.5,0.875,37.5,0.5,0.125,-37.5,0.35000000000000003,0.45,2,8,False
Gwen|16.4,Gwen,16.4,16.3,,13,9,10,3,6,0.5263157894736842,0.15789473684210525,0.3157894736842105,0.7692307692307693,0.6666666666666666,0.23076923076923078,0.625,0.2857142857142857,-33.92857142857143,0.25,0.14285714285714285,-10.714285714285715,0.28205128205128205,0.3504273504273504,8,7,False
Hwei|16.4,Hwei,16.4,16.3,,3,6,3,0,6,0.3333333333333333,0.0,0.6666666666666666,1.0,1.0,0.0,0.0,0.4,40.0,1.0,0.2,-80.0,0.16666666666666666,0.5,1,5,False
Illaoi|16.4,Illaoi,16.4,16.3,,3,5,3,0,5,0.375,0.0,0.625,1.0,1.0,0.0,,0.6666666666666666,,,0.0,,0.26666666666666666,0.33333333333333337,0,3,False
Jinx|16.4,Jinx,16.4,16.3,,21,16,14,7,9,0.4666666666666667,0.23333333333333334,0.3,0.6666666666666666,0.5625,0.3333333333333333,0.18181818181818182,0.2,1.8181818181818188,0.45454545454545453,0.5,4.545454545454547,0.21428571428571427,0.1369047619047619,11,10,True
Kassadin|16.4,Kassadin,16.4,16.3,,7,2,6,1,1,0.75,0.125,0.125,0.8571428571428571,0.5,0.14285714285714285,1.0,1.0,0.0,0.0,0.0,0.0,0.5714285714285714,0.8571428571428572,2,1,False
Kayle|16.4,Kayle,16.4,16.3,,11,6,11,0,6,0.6470588235294118,0.0,0.35294117647058826,1.0,1.0,0.0,0.25,1.0,75.0,0.125,0.0,-12.5,0.6515151515151515,0.3787878787878788,8,5,False
Kennen|16.4,Kennen,16.4,16.3,,5,2,4,1,1,0.6666666666666666,0.16666666666666666,0.16666666666666666,0.8,0.5,0.2,0.3333333333333333,1.0,66.66666666666667,0.0,0.0,0.0,0.6,0.8,3,1,False
Lee Sin|16.4,Lee Sin,16.4,16.3,,0,0,0,0,0,,,,,,,,,,,,,,,0,0,False
Lux|16.4,Lux,16.4,16.3,,19,20,13,6,14,0.3939393939393939,0.18181818181818182,0.42424242424242425,0.6842105263157895,0.7,0.3157894736842105,0.38461538461538464,0.4375,5.2884615384615365,0.3076923076923077,0.3125,0.48076923076922906,0.28421052631578947,0.17894736842105263,13,16,True
Maokai|16.4,Maokai,16.4,16.3,,4,7,2,2,5,0.2222222222222222,0.2222222222222222,0.5555555555555556,0.5,0.7142857142857143,0.5,0.5,1.0,50.0,0.5,0.0,-50.0,0.3214285714285714,0.5,2,3,False
Naafiri|16.4,Naafiri,16.4,16.3,,7,7,4,3,4,0.36363636363636365,0.2727272727272727,0.36363636363636365,0.5714285714285714,0.5714285714285714,0.42857142857142855,0.8,0.3333333333333333,-46.66666666666667,0.2,0.16666666666666666,-3.3333333333333353,0.42857142857142855,0.42857142857142855,5,6,False
Qiyana|16.4,Qiyana,16.4,16.3,,8,5,5,3,2,0.5,0.3,0.2,0.625,0.4,0.375,0.5714285714285714,0.2,-37.14285714285714,0.2857142857142857,0.6,31.428571428571427,0.475,0.3,7,5,False
Rengar|16.4,Rengar,16.4,16.3,,5,4,4,1,3,0.5,0.125,0.375,0.8,0.75,0.2,0.5,0.3333333333333333,-16.666666666666668,0.0,0.3333333333333333,33.33333333333333,0.35,0.35,2,3,False
Rumble|16.4,Rumble,16.4,16.3,,3,2,1,2,0,0.3333333333333333,0.6666666666666666,0.0,0.3333333333333333,0.0,0.6666666666666666,0.0,0.0,0.0,0.5,1.0,50.0,0.16666666666666666,0.33333333333333337,2,1,False
Ryze|16.4,Ryze,16.4,16.3,,11,4,9,2,2,0.6923076923076923,0.15384615384615385,0.15384615384615385,0.8181818181818182,0.5,0.18181818181818182,0.3,0.5,20.0,0.5,0.5,0.0,0.3181818181818182,0.3181818181818182,10,4,False
Samira|16.4,Samira,16.4,16.3,,5,4,5,0,4,0.5555555555555556,0.0,0.4444444444444444,1.0,1.0,0.0,0.75,0.75,0.0,0.0,0.0,0.0,0.75,0.8,4,4,False
Senna|16.4,Senna,16.4,16.3,,12,15,6,6,9,0.2857142857142857,0.2857142857142857,0.42857142857142855,0.5,0.6,0.5,0.7142857142857143,0.36363636363636365,-35.064935064935064,0.14285714285714285,0.09090909090909091,-5.194805194805194,0.15,0.08333333333333334,7,11,True
Swain|16.4,Swain,16.4,16.3,,14,12,7,7,5,0.3684210526315789,0.3684210526315789,0.2631578947368421,0.5,0.4166666666666667,0.5,0.2857142857142857,0.25,-3.57142857142857,0.42857142857142855,0.375,-5.357142857142855,0.15476190476190477,0.2261904761904762,7,8,True
Syndra|16.4,Syndra,16.4,16.3,,11,11,7,4,7,0.3888888888888889,0.2222222222222222,0.3888888888888889,0.6363636363636364,0.6363636363636364,0.36363636363636365,0.25,0.2857142857142857,3.57142857142857,0.5,0.5714285714285714,7.14285714285714,0.36363636363636365,0.18181818181818182,8,7,True
Teemo|16.4,Teemo,16.4,16.3,,8,8,4,4,4,0.3333333333333333,0.3333333333333333,0.3333333333333333,0.5,0.5,0.5,0.6,0.4,-19.999999999999996,0.2,0.2,0.0,0.125,0.25,5,5,False
Twitch|16.4,Twitch,16.4,16.3,,10,13,6,4,9,0.3157894736842105,0.21052631578947367,0.47368421052631576,0.6,0.6923076923076923,0.4,0.6,0.5454545454545454,-5.454545454545457,0.0,0.18181818181818182,18.181818181818183,0.2692307692307693,0.19230769230769232,5,11,True
Udyr|16.4,Udyr,16.4,16.3,,4,2,4,0,2,0.6666666666666666,0.0,0.3333333333333333,1.0,1.0,0.0,1.0,1.0,0.0,0.0,0.0,0.0,0.75,0.75,1,2,False
Xayah|16.4,Xayah,16.4,16.3,,7,10,3,4,6,0.23076923076923078,0.3076923076923077,0.46153846153846156,0.42857142857142855,0.6,0.5714285714285714,1.0,0.25,-75.0,0.0,0.125,12.5,0.12857142857142856,0.08571428571428572,3,8,False
Zac|16.4,Zac,16.4,16.3,,5,6,3,2,4,0.3333333333333333,0.2222222222222222,0.4444444444444444,0.6,0.6666666666666666,0.4,0.6666666666666666,0.0,-66.66666666666666,0.3333333333333333,1.0,66.66666666666667,0.23333333333333334,0.33333333333333337,3,3,False
Akali|16.5,Akali,16.5,16.4,,16,13,11,5,8,0.4583333333333333,0.20833333333333334,0.3333333333333333,0.6875,0.6153846153846154,0.3125,0.3076923076923077,0.25,-5.769230769230771,0.15384615384615385,0.16666666666666666,1.2820512820512802,0.35096153846153844,0.22115384615384617,13,12,True
Azir|16.5,Azir,16.5,16.4,,2,2,2,0,2,0.5,0.0,0.5,1.0,1.0,0.0,1.0,,,0.0,,,1.0,1.0,1,0,False
Garen|16.5,Garen,16.5,16.4,,10,20,4,6,14,0.16666666666666666,0.25,0.5833333333333334,0.4,0.7,0.6,0.0,0.5625,56.25,0.4,0.25,-15.000000000000002,0.09999999999999999,0.3,5,16,True
Lee Sin|16.5,Lee Sin,16.5,16.4,,0,0,0,0,0,,,,,,,,,,,,,,,0,0,False
Lillia|16.5,Lillia,16.5,16.4,,4,7,3,1,6,0.3,0.1,0.6,0.75,0.8571428571428571,0.25,0.75,0.25,-50.0,0.25,0.5,25.0,0.10714285714285712,0.5,4,4,False
Mel|16.5,Mel,16.5,16.4,,5,11,2,3,8,0.15384615384615385,0.23076923076923078,0.6153846153846154,0.4,0.7272727272727273,0.6,0.2,0.4444444444444444,24.44444444444444,0.4,0.1111111111111111,-28.888888888888893,0.2727272727272727,0.34545454545454546,5,9,False
Neeko|16.5,Neeko,16.5,16.4,,10,5,8,2,3,0.6153846153846154,0.15384615384615385,0.23076923076923078,0.8,0.6,0.2,0.2,0.4,20.0,0.2,0.6,40.0,0.4,0.39999999999999997,5,5,False
Nocturne|16.5,Nocturne,16.5,16.4,,4,10,2,2,8,0.16666666666666666,0.16666666666666666,0.6666666666666666,0.5,0.8,0.5,0.5,0.5,0.0,0.5,0.375,-12.5,0.5,0.55,4,8,False
Orianna|16.5,Orianna,16.5,16.4,,11,15,6,5,10,0.2857142857142857,0.23809523809523808,0.47619047619047616,0.5454545454545454,0.6666666666666666,0.45454545454545453,0.6,0.3,-30.0,0.2,0.3,9.999999999999998,0.20606060606060606,0.21212121212121213,5,10,True
Samira|16.5,Samira,16.5,16.4,,4,6,3,1,5,0.3333333333333333,0.1111111111111111,0.5555555555555556,0.75,0.8333333333333334,0.25,0.75,0.8,5.000000000000004,0.0,0.0,0.0,0.5,0.5,4,5,False
Taliyah|16.5,Taliyah,16.5,16.4,,2,2,2,0,2,0.5,0.0,0.5,1.0,1.0,0.0,0.0,1.0,100.0,0.5,0.0,-50.0,1.0,0.5,2,1,False
Varus|16.5,Varus,16.5,16.4,,10,9,6,4,5,0.4,0.26666666666666666,0.3333333333333333,0.6,0.5555555555555556,0.4,0.375,0.25,-12.5,0.375,0.625,25.0,0.37777777777777777,0.39999999999999997,8,8,False
Volibear|16.5,Volibear,16.5,16.4,,7,6,6,1,5,0.5,0.08333333333333333,0.4166666666666667,0.8571428571428571,0.8333333333333334,0.14285714285714285,0.0,0.0,0.0,0.5,0.3333333333333333,-16.666666666666668,0.3571428571428571,0.23809523809523808,4,3,False
Ahri|16.6,Ahri,16.6,16.5,,20,17,13,7,10,0.43333333333333335,0.23333333333333334,0.3333333333333333,0.65,0.5882352941176471,0.35,0.45454545454545453,0.21428571428571427,-24.025974025974026,0.2727272727272727,0.21428571428571427,-5.844155844155844,0.07058823529411765,0.17941176470588238,11,14,True
Azir|16.6,Azir,16.6,16.5,,2,2,1,1,1,0.3333333333333333,0.3333333333333333,0.3333333333333333,0.5,0.5,0.5,,1.0,,,0.0,,0.0,0.5,0,1,False
Cassiopeia|16.6,Cassiopeia,16.6,16.5,,2,2,2,0,2,0.5,0.0,0.5,1.0,1.0,0.0,1.0,1.0,0.0,0.0,0.0,0.0,1.0,1.0,2,1,False
Lissandra|16.6,Lissandra,16.6,16.5,,4,7,2,2,5,0.2222222222222222,0.2222222222222222,0.5555555555555556,0.5,0.7142857142857143,0.5,0.25,0.4,15.000000000000002,0.5,0.2,-30.0,0.3214285714285714,0.5714285714285714,4,5,False
Olaf|16.6,Olaf,16.6,16.5,,1,5,0,1,4,0.0,0.2,0.8,0.0,0.8,1.0,,0.5,,,0.5,,0.8,0.19999999999999998,0,2,False
Pyke|16.6,Pyke,16.6,16.5,,3,9,2,1,8,0.18181818181818182,0.09090909090909091,0.7272727272727273,0.6666666666666666,0.8888888888888888,0.3333333333333333,0.0,0.3333333333333333,33.33333333333333,0.5,0.16666666666666666,-33.333333333333336,0.4444444444444444,0.4444444444444444,2,6,False
Shen|16.6,Shen,16.6,16.5,,15,13,7,8,5,0.35,0.4,0.25,0.4666666666666667,0.38461538461538464,0.5333333333333333,0.18181818181818182,0.3333333333333333,15.151515151515149,0.45454545454545453,0.6666666666666666,21.21212121212121,0.3487179487179487,0.12820512820512822,11,9,True
Skarner|16.6,Skarner,16.6,16.5,,0,2,0,0,2,0.0,0.0,1.0,,1.0,,,1.0,,,0.0,,,,0,2,False
Tryndamere|16.6,Tryndamere,16.6,16.5,,0,7,0,0,7,0.0,0.0,1.0,,1.0,,,0.5,,,0.16666666666666666,,,,0,6,False
Zaahen|16.6,Zaahen,16.6,16.5,,15,12,8,7,5,0.4,0.35,0.25,0.5333333333333333,0.4166666666666667,0.4666666666666667,0.3076923076923077,0.3333333333333333,2.5641025641025603,0.46153846153846156,0.4444444444444444,-1.7094017094017144,0.18333333333333332,0.5,13,9,True
Cassiopeia|16.7,Cassiopeia,16.7,16.6,,2,2,2,0,2,0.5,0.0,0.5,1.0,1.0,0.0,1.0,0.0,-100.0,0.0,1.0,100.0,0.5,1.0,1,1,False
Graves|16.7,Graves,16.7,16.6,,12,11,7,5,6,0.3888888888888889,0.2777777777777778,0.3333333333333333,0.5833333333333334,0.5454545454545454,0.4166666666666667,0.2727272727272727,0.25,-2.2727272727272707,0.45454545454545453,0.5,4.545454545454547,0.15151515151515152,0.29545454545454547,11,8,True
Kalista|16.7,Kalista,16.7,16.6,,1,0,1,0,0,1.0,0.0,0.0,1.0,,0.0,1.0,,,0.0,,,,,1,0,False
Karma|16.7,Karma,16.7,16.6,,22,19,12,10,9,0.3870967741935484,0.3225806451612903,0.2903225806451613,0.5454545454545454,0.47368421052631576,0.45454545454545453,0.2777777777777778,0.2,-7.777777777777778,0.3888888888888889,0.3333333333333333,-5.555555555555558,0.18421052631578944,0.17224880382775118,18,15,True
Nami|16.7,Nami,16.7,16.6,,22,20,11,11,9,0.3548387096774194,0.3548387096774194,0.2903225806451613,0.5,0.45,0.5,0.09090909090909091,0.4,30.909090909090907,0.45454545454545453,0.5,4.545454545454547,0.06818181818181818,0.0681818181818182,11,10,True
Ornn|16.7,Ornn,16.7,16.6,,11,11,6,5,6,0.35294117647058826,0.29411764705882354,0.35294117647058826,0.5454545454545454,0.5454545454545454,0.45454545454545453,0.5714285714285714,0.5,-7.14285714285714,0.14285714285714285,0.16666666666666666,2.380952380952381,0.18181818181818177,0.45454545454545453,7,6,True
Rell|16.7,Rell,16.7,16.6,,4,6,2,2,4,0.25,0.25,0.5,0.5,0.6666666666666666,0.5,0.0,0.0,0.0,0.3333333333333333,0.6666666666666666,33.33333333333333,0.08333333333333334,0.16666666666666663,3,3,False
Shyvana|16.7,Shyvana,16.7,16.6,,15,4,12,3,1,0.75,0.1875,0.0625,0.8,0.25,0.2,0.7272727272727273,0.3333333333333333,-39.3939393939394,0.0,0.6666666666666666,66.66666666666666,0.3,0.21666666666666667,11,3,False
Singed|16.7,Singed,16.7,16.6,,9,4,6,3,1,0.6,0.3,0.1,0.6666666666666666,0.25,0.3333333333333333,0.5714285714285714,0.0,-57.14285714285714,0.2857142857142857,1.0,71.42857142857143,0.38888888888888884,0.08333333333333334,7,3,False
Veigar|16.7,Veigar,16.7,16.6,,12,11,7,5,6,0.3888888888888889,0.2777777777777778,0.3333333333333333,0.5833333333333334,0.5454545454545454,0.4166666666666667,0.3,0.25,-4.999999999999999,0.3,0.5,20.0,0.12878787878787878,0.22727272727272724,10,8,True
Dr. Mundo|16.8,Dr. Mundo,16.8,16.7,,0,0,0,0,0,,,,,,,,,,,,,,,0,0,False
Hwei|16.8,Hwei,16.8,16.7,,9,7,4,5,2,0.36363636363636365,0.45454545454545453,0.18181818181818182,0.4444444444444444,0.2857142857142857,0.5555555555555556,0.2857142857142857,0.0,-28.57142857142857,0.2857142857142857,0.16666666666666666,-11.904761904761903,0.12698412698412698,0.2222222222222222,7,6,False
Karma|16.8,Karma,16.8,16.7,,19,12,13,6,6,0.52,0.24,0.24,0.6842105263157895,0.5,0.3157894736842105,0.2,0.0,-20.0,0.3333333333333333,0.625,29.166666666666668,0.2763157894736842,0.39035087719298245,15,8,True
Lillia|16.8,Lillia,16.8,16.7,,5,7,3,2,5,0.3,0.2,0.5,0.6,0.7142857142857143,0.4,0.0,0.75,75.0,0.3333333333333333,0.0,-33.33333333333333,0.5142857142857142,0.2285714285714286,3,4,False
Lucian|16.8,Lucian,16.8,16.7,,8,12,5,3,9,0.29411764705882354,0.17647058823529413,0.5294117647058824,0.625,0.75,0.375,0.5,0.36363636363636365,-13.636363636363635,0.25,0.2727272727272727,2.2727272727272707,0.25,0.2916666666666667,4,11,False
Mel|16.8,Mel,16.8,16.7,,13,11,8,5,6,0.42105263157894735,0.2631578947368421,0.3157894736842105,0.6153846153846154,0.5454545454545454,0.38461538461538464,0.36363636363636365,0.125,-23.863636363636363,0.18181818181818182,0.375,19.318181818181817,0.11188811188811189,0.26573426573426573,11,8,True
Tahm Kench|16.8,Tahm Kench,16.8,16.7,,0,0,0,0,0,,,,,,,,,,,,,,,0,0,False
Yuumi|16.8,Yuumi,16.8,16.7,,4,3,2,2,1,0.4,0.4,0.2,0.5,0.3333333333333333,0.5,0.0,0.5,50.0,0.5,0.5,0.0,0.5,0.33333333333333337,2,2,False
Zilean|16.8,Zilean,16.8,16.7,,6,6,3,3,3,0.3333333333333333,0.3333333333333333,0.3333333333333333,0.5,0.5,0.5,0.6666666666666666,0.3333333333333333,-33.33333333333333,0.0,0.3333333333333333,33.33333333333333,0.16666666666666666,0.16666666666666666,3,3,False
Zyra|16.8,Zyra,16.8,16.7,,6,4,4,2,2,0.5,0.25,0.25,0.6666666666666666,0.5,0.3333333333333333,0.3333333333333333,0.6666666666666666,33.33333333333333,0.6666666666666666,0.0,-66.66666666666666,0.4166666666666667,0.25,3,3,False
Ambessa|16.9,Ambessa,16.9,16.8,,13,10,8,5,5,0.4444444444444444,0.2777777777777778,0.2777777777777778,0.6153846153846154,0.5,0.38461538461538464,0.3333333333333333,0.16666666666666666,-16.666666666666664,0.3333333333333333,0.5,16.666666666666668,0.22307692307692312,0.5692307692307692,9,6,True
Briar|16.9,Briar,16.9,16.8,,2,4,1,1,3,0.2,0.2,0.6,0.5,0.75,0.5,0.0,0.5,50.0,0.0,0.0,0.0,0.5,0.5,1,2,False
Ezreal|16.9,Ezreal,16.9,16.8,,21,26,9,12,14,0.2571428571428571,0.34285714285714286,0.4,0.42857142857142855,0.5384615384615384,0.5714285714285714,0.125,0.3333333333333333,20.833333333333332,0.6875,0.4444444444444444,-24.305555555555557,0.1575091575091575,0.16483516483516486,16,18,True
Gragas|16.9,Gragas,16.9,16.8,,4,5,1,3,2,0.16666666666666666,0.5,0.3333333333333333,0.25,0.4,0.75,0.5,0.2,-30.0,0.25,0.4,15.000000000000002,0.4,0.35,4,5,False
Kennen|16.9,Kennen,16.9,16.8,,5,4,4,1,3,0.5,0.125,0.375,0.8,0.75,0.2,0.6666666666666666,0.6666666666666666,0.0,0.0,0.0,0.0,0.35,0.30000000000000004,3,3,False
Shyvana|16.9,Shyvana,16.9,16.8,,7,6,5,2,4,0.45454545454545453,0.18181818181818182,0.36363636363636365,0.7142857142857143,0.6666666666666666,0.2857142857142857,0.3333333333333333,0.5,16.666666666666668,0.5,0.5,0.0,0.49999999999999994,0.35714285714285715,6,2,False
Tahm Kench|16.9,Tahm Kench,16.9,16.8,,0,0,0,0,0,,,,,,,,,,,,,,,0,0,False
Taliyah|16.9,Taliyah,16.9,16.8,,4,5,2,2,3,0.2857142857142857,0.2857142857142857,0.42857142857142855,0.5,0.6,0.5,0.0,0.0,0.0,0.0,0.3333333333333333,33.33333333333333,0.5,0.05000000000000002,2,3,False
Teemo|16.9,Teemo,16.9,16.8,,5,24,2,3,21,0.07692307692307693,0.11538461538461539,0.8076923076923077,0.4,0.875,0.6,0.2,0.4117647058823529,21.17647058823529,0.4,0.11764705882352941,-28.235294117647058,0.26666666666666666,0.1416666666666667,5,17,False
Udyr|16.9,Udyr,16.9,16.8,,4,4,3,1,3,0.42857142857142855,0.14285714285714285,0.42857142857142855,0.75,0.75,0.25,0.0,0.0,0.0,0.6666666666666666,1.0,33.333333333333336,0.25,0.25,3,1,False
Warwick|16.9,Warwick,16.9,16.8,,5,11,2,3,8,0.15384615384615385,0.23076923076923078,0.6153846153846154,0.4,0.7272727272727273,0.6,0.25,0.5,25.0,0.5,0.3333333333333333,-16.666666666666668,0.6363636363636364,0.32727272727272727,4,6,False
Xin Zhao|16.9,Xin Zhao,16.9,16.8,,0,0,0,0,0,,,,,,,,,,,,,,,0,0,False
Zeri|16.9,Zeri,16.9,16.8,,5,5,4,1,4,0.4444444444444444,0.1111111111111111,0.4444444444444444,0.8,0.8,0.2,0.6666666666666666,0.6,-6.666666666666665,0.3333333333333333,0.0,-33.33333333333333,0.6000000000000001,0.4,3,5,False
Zoe|16.9,Zoe,16.9,16.8,,3,1,3,0,1,0.75,0.0,0.25,1.0,1.0,0.0,0.5,,,0.5,,,1.0,1.0,2,0,False
Ambessa|16.10,Ambessa,16.10,16.9,,10,10,6,4,6,0.375,0.25,0.375,0.6,0.6,0.4,0.16666666666666666,0.25,8.333333333333334,0.5,0.25,-25.0,0.3,0.5,6,8,True
Anivia|16.10,Anivia,16.10,16.9,,10,11,4,6,5,0.26666666666666666,0.4,0.3333333333333333,0.4,0.45454545454545453,0.6,0.5,0.4444444444444444,-5.555555555555558,0.16666666666666666,0.2222222222222222,5.555555555555555,0.2272727272727273,0.33636363636363636,6,9,True
Ashe|16.10,Ashe,16.10,16.9,,23,31,12,11,20,0.27906976744186046,0.2558139534883721,0.46511627906976744,0.5217391304347826,0.6451612903225806,0.4782608695652174,0.3157894736842105,0.34782608695652173,3.203661327231122,0.2631578947368421,0.30434782608695654,4.118993135011445,0.19915848527349228,0.14866760168302942,19,23,True
Galio|16.10,Galio,16.10,16.9,,15,20,7,8,12,0.25925925925925924,0.2962962962962963,0.4444444444444444,0.4666666666666667,0.6,0.5333333333333333,0.3333333333333333,0.5294117647058824,19.607843137254903,0.08333333333333333,0.11764705882352941,3.431372549019608,0.13333333333333336,0.2,12,17,True
Lee Sin|16.10,Lee Sin,16.10,16.9,,0,0,0,0,0,,,,,,,,,,,,,,,0,0,False
Naafiri|16.10,Naafiri,16.10,16.9,,12,8,9,3,5,0.5294117647058824,0.17647058823529413,0.29411764705882354,0.75,0.625,0.25,0.5714285714285714,0.6666666666666666,9.523809523809524,0.0,0.16666666666666666,16.666666666666664,0.16666666666666669,0.4583333333333333,7,6,False
Quinn|16.10,Quinn,16.10,16.9,,3,4,2,1,3,0.3333333333333333,0.16666666666666666,0.5,0.6666666666666666,0.75,0.3333333333333333,0.6666666666666666,0.3333333333333333,-33.33333333333333,0.0,0.0,0.0,0.41666666666666663,0.5,3,3,False
Shyvana|16.10,Shyvana,16.10,16.9,,6,10,3,3,7,0.23076923076923078,0.23076923076923078,0.5384615384615384,0.5,0.7,0.5,0.5,0.6666666666666666,16.666666666666664,0.5,0.16666666666666666,-33.333333333333336,0.5333333333333333,0.43333333333333335,2,6,False
Wukong|16.10,Wukong,16.10,16.9,,0,0,0,0,0,,,,,,,,,,,,,,,0,0,False
Zed|16.10,Zed,16.10,16.9,,12,14,5,7,7,0.2631578947368421,0.3684210526315789,0.3684210526315789,0.4166666666666667,0.5,0.5833333333333334,0.1,0.3333333333333333,23.333333333333332,0.6,0.4166666666666667,-18.33333333333333,0.14285714285714285,0.33333333333333337,10,12,True
Zeri|16.10,Zeri,16.10,16.9,,5,5,4,1,4,0.4444444444444444,0.1111111111111111,0.4444444444444444,0.8,0.8,0.2,0.6,0.5,-9.999999999999998,0.0,0.5,50.0,0.6,0.19999999999999998,5,2,False
Brand|16.11,Brand,16.11,16.10,,23,16,16,7,9,0.5,0.21875,0.28125,0.6956521739130435,0.5625,0.30434782608695654,0.3333333333333333,0.4,6.6666666666666705,0.13333333333333333,0.3,16.666666666666664,0.20380434782608697,0.1956521739130435,15,10,True
Diana|16.11,Diana,16.11,16.10,,13,19,8,5,14,0.2962962962962963,0.18518518518518517,0.5185185185185185,0.6153846153846154,0.7368421052631579,0.38461538461538464,0.6,0.5625,-3.749999999999998,0.2,0.3125,11.249999999999998,0.1376518218623482,0.1255060728744939,10,16,True
Ekko|16.11,Ekko,16.11,16.10,,9,16,3,6,10,0.15789473684210525,0.3157894736842105,0.5263157894736842,0.3333333333333333,0.625,0.6666666666666666,0.2857142857142857,0.21428571428571427,-7.142857142857142,0.14285714285714285,0.42857142857142855,28.57142857142857,0.22916666666666666,0.29166666666666663,7,14,False
Heimerdinger|16.11,Heimerdinger,16.11,16.10,,6,7,3,3,4,0.3,0.3,0.4,0.5,0.5714285714285714,0.5,0.3333333333333333,0.6666666666666666,33.33333333333333,0.3333333333333333,0.3333333333333333,0.0,0.38095238095238093,0.21428571428571427,3,3,False
Kassadin|16.11,Kassadin,16.11,16.10,,4,4,4,0,4,0.5,0.0,0.5,1.0,1.0,0.0,0.3333333333333333,0.6666666666666666,33.33333333333333,0.0,0.0,0.0,0.75,0.5,3,3,False
Quinn|16.11,Quinn,16.11,16.10,,4,2,3,1,1,0.6,0.2,0.2,0.75,0.5,0.25,0.3333333333333333,0.5,16.666666666666668,0.0,0.0,0.0,0.25,0.5,3,2,False
Smolder|16.11,Smolder,16.11,16.10,,45,26,31,14,12,0.543859649122807,0.24561403508771928,0.21052631578947367,0.6888888888888889,0.46153846153846156,0.3111111111111111,0.21212121212121213,0.2222222222222222,1.0101010101010082,0.2727272727272727,0.5555555555555556,28.282828282828287,0.23333333333333334,0.21965811965811965,33,18,True
Teemo|16.11,Teemo,16.11,16.10,,21,19,12,9,10,0.3870967741935484,0.2903225806451613,0.3225806451612903,0.5714285714285714,0.5263157894736842,0.42857142857142855,0.42857142857142855,0.38461538461538464,-4.395604395604391,0.21428571428571427,0.23076923076923078,1.648351648351651,0.15538847117794485,0.24561403508771928,14,13,True
Xin Zhao|16.11,Xin Zhao,16.11,16.10,,0,0,0,0,0,,,,,,,,,,,,,,,0,0,False
Aatrox|16.12,Aatrox,16.12,16.11,,14,13,8,6,7,0.38095238095238093,0.2857142857142857,0.3333333333333333,0.5714285714285714,0.5384615384615384,0.42857142857142855,0.23076923076923078,0.45454545454545453,22.377622377622373,0.23076923076923078,0.18181818181818182,-4.895104895104896,0.17582417582417584,0.1758241758241758,13,11,True
Gwen|16.12,Gwen,16.12,16.11,,8,5,5,3,2,0.5,0.3,0.2,0.625,0.4,0.375,0.42857142857142855,0.2,-22.857142857142854,0.2857142857142857,0.4,11.428571428571432,0.225,0.225,7,5,False
Hwei|16.12,Hwei,16.12,16.11,,9,12,3,6,6,0.2,0.4,0.4,0.3333333333333333,0.5,0.6666666666666666,0.375,0.18181818181818182,-19.318181818181817,0.5,0.45454545454545453,-4.545454545454547,0.1111111111111111,0.19444444444444445,8,11,False
Jax|16.12,Jax,16.12,16.11,,15,12,9,6,6,0.42857142857142855,0.2857142857142857,0.2857142857142857,0.6,0.5,0.4,0.38461538461538464,0.2222222222222222,-16.239316239316242,0.3076923076923077,0.2222222222222222,-8.54700854700855,0.39999999999999997,0.15,13,9,True
Lee Sin|16.12,Lee Sin,16.12,16.11,,0,0,0,0,0,,,,,,,,,,,,,,,0,0,False
Nocturne|16.12,Nocturne,16.12,16.11,,13,12,8,5,7,0.4,0.25,0.35,0.6153846153846154,0.5833333333333334,0.38461538461538464,0.3333333333333333,0.5,16.666666666666668,0.5833333333333334,0.5,-8.333333333333337,0.2115384615384615,0.3076923076923077,12,8,True
Orianna|16.12,Orianna,16.12,16.11,,12,12,7,5,7,0.3684210526315789,0.2631578947368421,0.3684210526315789,0.5833333333333334,0.5833333333333334,0.4166666666666667,0.5833333333333334,0.18181818181818182,-40.151515151515156,0.25,0.2727272727272727,2.2727272727272707,0.16666666666666669,0.25,12,11,True
Ryze|16.12,Ryze,16.12,16.11,,2,9,1,1,8,0.1,0.1,0.8,0.5,0.8888888888888888,0.5,0.0,0.5,50.0,0.5,0.25,-25.0,0.6666666666666666,0.4444444444444444,2,8,False
Sylas|16.12,Sylas,16.12,16.11,,15,28,7,8,20,0.2,0.22857142857142856,0.5714285714285714,0.4666666666666667,0.7142857142857143,0.5333333333333333,0.3076923076923077,0.38095238095238093,7.326007326007322,0.38461538461538464,0.2857142857142857,-9.890109890109894,0.2523809523809524,0.21904761904761905,13,21,True
Syndra|16.12,Syndra,16.12,16.11,,9,14,7,2,12,0.3333333333333333,0.09523809523809523,0.5714285714285714,0.7777777777777778,0.8571428571428571,0.2222222222222222,0.3333333333333333,0.4,6.6666666666666705,0.2222222222222222,0.3,7.777777777777778,0.373015873015873,0.11904761904761907,9,10,False
Tristana|16.12,Tristana,16.12,16.11,,6,12,4,2,10,0.25,0.125,0.625,0.6666666666666666,0.8333333333333334,0.3333333333333333,0.6,0.7142857142857143,11.428571428571432,0.2,0.14285714285714285,-5.714285714285716,0.41666666666666663,0.4166666666666667,5,7,False
Varus|16.12,Varus,16.12,16.11,,8,7,3,5,2,0.3,0.5,0.2,0.375,0.2857142857142857,0.625,0.4,0.0,-40.0,0.4,0.5,9.999999999999998,0.23214285714285712,0.10714285714285712,5,6,False
Xin Zhao|16.12,Xin Zhao,16.12,16.11,,0,0,0,0,0,,,,,,,,,,,,,,,0,0,False
Yuumi|16.12,Yuumi,16.12,16.11,,5,8,4,1,7,0.3333333333333333,0.08333333333333333,0.5833333333333334,0.8,0.875,0.2,0.75,0.5,-25.0,0.25,0.16666666666666666,-8.333333333333334,0.475,0.275,4,6,False
Aphelios|16.13,Aphelios,16.13,16.12,,8,10,4,4,6,0.2857142857142857,0.2857142857142857,0.42857142857142855,0.5,0.6,0.5,0.0,0.25,25.0,0.5,0.5,0.0,0.375,0.15000000000000002,6,8,False
Bard|16.13,Bard,16.13,16.12,,10,14,5,5,9,0.2631578947368421,0.2631578947368421,0.47368421052631576,0.5,0.6428571428571429,0.5,0.3333333333333333,0.4,6.6666666666666705,0.5,0.3,-20.0,0.2142857142857143,0.19999999999999996,6,10,True
Brand|16.13,Brand,16.13,16.12,,23,25,14,9,16,0.358974358974359,0.23076923076923078,0.41025641025641024,0.6086956521739131,0.64,0.391304347826087,0.5,0.5714285714285714,7.14285714285714,0.35714285714285715,0.14285714285714285,-21.42857142857143,0.2956521739130435,0.1617391304347826,14,21,True
Cassiopeia|16.13,Cassiopeia,16.13,16.12,,5,2,3,2,0,0.6,0.4,0.0,0.6,0.0,0.4,0.2,0.0,-20.0,0.6,1.0,40.0,0.6,0.19999999999999998,5,2,False
Draven|16.13,Draven,16.13,16.12,,8,17,1,7,10,0.05555555555555555,0.3888888888888889,0.5555555555555556,0.125,0.5882352941176471,0.875,0.2857142857142857,0.2,-8.57142857142857,0.5714285714285714,0.6,2.857142857142858,0.11764705882352938,0.4117647058823529,7,15,False
K'Sante|16.13,K'Sante,16.13,16.12,,0,0,0,0,0,,,,,,,,,,,,,,,0,0,False
Kai'Sa|16.13,Kai'Sa,16.13,16.12,,0,0,0,0,0,,,,,,,,,,,,,,,0,0,False
LeBlanc|16.13,LeBlanc,16.13,16.12,,0,0,0,0,0,,,,,,,,,,,,,,,0,0,False
Olaf|16.13,Olaf,16.13,16.12,,7,9,6,1,8,0.4,0.06666666666666667,0.5333333333333333,0.8571428571428571,0.8888888888888888,0.14285714285714285,0.4,0.8571428571428571,45.71428571428571,0.0,0.0,0.0,0.38095238095238093,0.4126984126984127,5,7,False
Poppy|16.13,Poppy,16.13,16.12,,5,20,3,2,18,0.13043478260869565,0.08695652173913043,0.782608695652174,0.6,0.9,0.4,0.4,0.5789473684210527,17.894736842105264,0.2,0.21052631578947367,1.0526315789473661,0.25,0.45,5,19,False
Qiyana|16.13,Qiyana,16.13,16.12,,6,5,3,3,2,0.375,0.375,0.25,0.5,0.4,0.5,0.0,0.2,20.0,1.0,0.8,-19.999999999999996,0.3,0.4666666666666667,5,5,False
Rek'Sai|16.13,Rek'Sai,16.13,16.12,,0,0,0,0,0,,,,,,,,,,,,,,,0,0,False
Rumble|16.13,Rumble,16.13,16.12,,6,8,4,2,6,0.3333333333333333,0.16666666666666666,0.5,0.6666666666666666,0.75,0.3333333333333333,0.5,0.5,0.0,0.16666666666666666,0.25,8.333333333333334,0.25,0.16666666666666669,6,4,False
Senna|16.13,Senna,16.13,16.12,,34,43,17,17,26,0.2833333333333333,0.2833333333333333,0.43333333333333335,0.5,0.6046511627906976,0.5,0.48148148148148145,0.3888888888888889,-9.259259259259256,0.2222222222222222,0.2777777777777778,5.555555555555558,0.16963064295485636,0.2079343365253078,27,36,True
Sion|16.13,Sion,16.13,16.12,,13,14,10,3,11,0.4166666666666667,0.125,0.4583333333333333,0.7692307692307693,0.7857142857142857,0.23076923076923078,0.25,0.5833333333333334,33.333333333333336,0.625,0.16666666666666666,-45.833333333333336,0.2692307692307693,0.3131868131868132,8,12,True
Vex|16.13,Vex,16.13,16.12,,5,7,2,3,4,0.2222222222222222,0.3333333333333333,0.4444444444444444,0.4,0.5714285714285714,0.6,0.25,0.5,25.0,0.25,0.16666666666666666,-8.333333333333334,0.11428571428571427,0.11428571428571432,4,6,False
Zaahen|16.13,Zaahen,16.13,16.12,,8,7,5,3,4,0.4166666666666667,0.25,0.3333333333333333,0.625,0.5714285714285714,0.375,0.2,0.25,4.999999999999999,0.6,0.5,-9.999999999999998,0.3214285714285714,0.5,5,4,False
Azir|16.14,Azir,16.14,16.13,,6,7,1,5,2,0.125,0.625,0.25,0.16666666666666666,0.2857142857142857,0.8333333333333334,0.2,0.2,0.0,0.6,0.6,0.0,0.21428571428571425,0.2857142857142857,5,5,False
Corki|16.14,Corki,16.14,16.13,,5,7,3,2,5,0.3,0.2,0.5,0.6,0.7142857142857143,0.4,0.6,0.8,20.000000000000007,0.2,0.2,0.0,0.5142857142857142,0.4,5,5,False
Garen|16.14,Garen,16.14,16.13,,31,15,21,10,5,0.5833333333333334,0.2777777777777778,0.1388888888888889,0.6774193548387096,0.3333333333333333,0.3225806451612903,0.56,0.46153846153846156,-9.846153846153848,0.24,0.23076923076923078,-0.9230769230769209,0.21720430107526878,0.12258064516129033,25,13,True
Jayce|16.14,Jayce,16.14,16.13,,11,15,6,5,10,0.2857142857142857,0.23809523809523808,0.47619047619047616,0.5454545454545454,0.6666666666666666,0.45454545454545453,0.4444444444444444,0.4,-4.444444444444439,0.1111111111111111,0.26666666666666666,15.555555555555555,0.23636363636363633,0.1939393939393939,9,15,True
Locke|16.14,Locke,16.14,16.13,,31,20,19,12,8,0.48717948717948717,0.3076923076923077,0.20512820512820512,0.6129032258064516,0.4,0.3870967741935484,1.0,0.4117647058823529,-58.82352941176471,0.0,0.4117647058823529,41.17647058823529,0.10483870967741936,0.18387096774193545,24,17,True
Mordekaiser|16.14,Mordekaiser,16.14,16.13,,16,29,7,9,20,0.19444444444444445,0.25,0.5555555555555556,0.4375,0.6896551724137931,0.5625,0.3076923076923077,0.4782608695652174,17.05685618729097,0.15384615384615385,0.17391304347826086,2.006688963210701,0.35775862068965514,0.1918103448275862,13,23,True
Nami|16.14,Nami,16.14,16.13,,17,13,10,7,6,0.43478260869565216,0.30434782608695654,0.2608695652173913,0.5882352941176471,0.46153846153846156,0.4117647058823529,0.07142857142857142,0.1,2.857142857142858,0.5714285714285714,0.7,12.857142857142856,0.29411764705882354,0.17647058823529416,14,10,True
Senna|16.14,Senna,16.14,16.13,,43,27,33,10,17,0.55,0.16666666666666666,0.2833333333333333,0.7674418604651163,0.6296296296296297,0.23255813953488372,0.3888888888888889,0.4,1.1111111111111127,0.2777777777777778,0.32,4.222222222222221,0.11714039621016362,0.18690783807062875,36,25,True
Seraphine|16.14,Seraphine,16.14,16.13,,48,29,27,21,8,0.48214285714285715,0.375,0.14285714285714285,0.5625,0.27586206896551724,0.4375,0.37142857142857144,0.2,-17.142857142857142,0.45714285714285713,0.44,-1.7142857142857126,0.09410919540229887,0.07112068965517243,35,25,True
Yunara|16.14,Yunara,16.14,16.13,,15,14,8,7,7,0.36363636363636365,0.3181818181818182,0.3181818181818182,0.5333333333333333,0.5,0.4666666666666667,0.5,0.125,-37.5,0.4166666666666667,0.25,-16.666666666666668,0.2523809523809524,0.1285714285714286,12,8,True
Alistar|16.15,Alistar,16.15,16.14,,10,12,5,5,7,0.29411764705882354,0.29411764705882354,0.4117647058823529,0.5,0.5833333333333334,0.5,0.75,0.3333333333333333,-41.66666666666667,0.0,0.16666666666666666,16.666666666666664,0.25,0.31666666666666665,8,12,True
Bel'Veth|16.15,Bel'Veth,16.15,16.14,,0,0,0,0,0,,,,,,,,,,,,,,,0,0,False
Kai'Sa|16.15,Kai'Sa,16.15,16.14,,0,0,0,0,0,,,,,,,,,,,,,,,0,0,False
Locke|16.15,Locke,16.15,16.14,,20,17,11,9,8,0.39285714285714285,0.32142857142857145,0.2857142857142857,0.55,0.47058823529411764,0.45,0.4117647058823529,0.16666666666666666,-24.509803921568626,0.4117647058823529,0.4166666666666667,0.49019607843137636,0.22058823529411764,0.1941176470588235,17,12,True
Maokai|16.15,Maokai,16.15,16.14,,4,8,3,1,7,0.2727272727272727,0.09090909090909091,0.6363636363636364,0.75,0.875,0.25,0.25,0.8571428571428571,60.71428571428571,0.5,0.14285714285714285,-35.714285714285715,0.625,0.375,4,7,False
Mordekaiser|16.15,Mordekaiser,16.15,16.14,,29,18,21,8,10,0.5384615384615384,0.20512820512820512,0.2564102564102564,0.7241379310344828,0.5555555555555556,0.27586206896551724,0.4782608695652174,0.5882352941176471,10.997442455242968,0.17391304347826086,0.17647058823529413,0.25575447570332643,0.23180076628352486,0.09195402298850577,23,17,True
Naafiri|16.15,Naafiri,16.15,16.14,,11,8,8,3,5,0.5,0.1875,0.3125,0.7272727272727273,0.625,0.2727272727272727,0.45454545454545453,0.5714285714285714,11.688311688311687,0.2727272727272727,0.2857142857142857,1.2987012987012991,0.38636363636363635,0.32954545454545453,11,7,False
Riven|16.15,Riven,16.15,16.14,,9,7,6,3,4,0.46153846153846156,0.23076923076923078,0.3076923076923077,0.6666666666666666,0.5714285714285714,0.3333333333333333,0.3333333333333333,0.4,6.6666666666666705,0.4444444444444444,0.6,15.555555555555555,0.4444444444444444,0.09523809523809523,9,5,False
Sylas|16.15,Sylas,16.15,16.14,,37,32,22,15,17,0.4074074074074074,0.2777777777777778,0.3148148148148148,0.5945945945945946,0.53125,0.40540540540540543,0.24242424242424243,0.17857142857142858,-6.3852813852813854,0.36363636363636365,0.2857142857142857,-7.792207792207795,0.0633445945945946,0.20270270270270271,33,28,True
Volibear|16.15,Volibear,16.15,16.14,,9,10,4,5,5,0.2857142857142857,0.35714285714285715,0.35714285714285715,0.4444444444444444,0.5,0.5555555555555556,0.25,0.2222222222222222,-2.777777777777779,0.375,0.3333333333333333,-4.166666666666669,0.2444444444444444,0.2666666666666666,8,9,False
Zac|16.15,Zac,16.15,16.14,,7,7,2,5,2,0.2222222222222222,0.5555555555555556,0.2222222222222222,0.2857142857142857,0.2857142857142857,0.7142857142857143,0.2857142857142857,0.16666666666666666,-11.904761904761903,0.5714285714285714,0.8333333333333334,26.190476190476197,0.2857142857142857,0.14285714285714285,7,6,False
Azir|16.16,Azir,16.16,16.15,,6,9,3,3,6,0.25,0.25,0.5,0.5,0.6666666666666666,0.5,0.16666666666666666,0.5,33.333333333333336,0.6666666666666666,0.375,-29.166666666666664,0.38888888888888884,0.16666666666666669,6,8,False
Bel'Veth|16.16,Bel'Veth,16.16,16.15,,0,0,0,0,0,,,,,,,,,,,,,,,0,0,False
Camille|16.16,Camille,16.16,16.15,,16,14,10,6,8,0.4166666666666667,0.25,0.3333333333333333,0.625,0.5714285714285714,0.375,0.35714285714285715,0.21428571428571427,-14.285714285714288,0.35714285714285715,0.35714285714285715,0.0,0.10714285714285715,0.2410714285714286,14,14,True
Gwen|16.16,Gwen,16.16,16.15,,2,9,1,1,8,0.1,0.1,0.8,0.5,0.8888888888888888,0.5,0.0,0.5,50.0,0.0,0.25,25.0,0.5555555555555556,0.8888888888888888,2,8,False
Kennen|16.16,Kennen,16.16,16.15,,2,5,2,0,5,0.2857142857142857,0.0,0.7142857142857143,1.0,1.0,0.0,1.0,1.0,0.0,0.0,0.0,0.0,0.3,0.8,2,3,False
Nasus|16.16,Nasus,16.16,16.15,,20,38,9,11,27,0.19148936170212766,0.23404255319148937,0.574468085106383,0.45,0.7105263157894737,0.55,0.5263157894736842,0.5454545454545454,1.9138755980861233,0.15789473684210525,0.09090909090909091,-6.698564593301434,0.1894736842105263,0.11052631578947368,19,33,True
Poppy|16.16,Poppy,16.16,16.15,,10,15,5,5,10,0.25,0.25,0.5,0.5,0.6666666666666666,0.5,0.4,0.5333333333333333,13.33333333333333,0.1,0.13333333333333333,3.3333333333333326,0.16666666666666666,0.3666666666666667,10,15,True
Aurelion Sol|16.17,Aurelion Sol,16.17,16.16,,0,0,0,0,0,,,,,,,,,,,,,,,0,0,False
Cho'Gath|16.17,Cho'Gath,16.17,16.16,,0,0,0,0,0,,,,,,,,,,,,,,,0,0,False
Graves|16.17,Graves,16.17,16.16,,24,20,12,12,8,0.375,0.375,0.25,0.5,0.4,0.5,0.5,0.3333333333333333,-16.666666666666668,0.1111111111111111,0.3333333333333333,22.22222222222222,0.15,0.21666666666666665,18,15,True
Irelia|16.17,Irelia,16.17,16.16,,10,14,5,5,9,0.2631578947368421,0.2631578947368421,0.47368421052631576,0.5,0.6428571428571429,0.5,0.5555555555555556,0.6923076923076923,13.675213675213671,0.3333333333333333,0.23076923076923078,-10.256410256410254,0.15714285714285714,0.17142857142857143,9,13,True
LeBlanc|16.17,LeBlanc,16.17,16.16,,0,0,0,0,0,,,,,,,,,,,,,,,0,0,False
Nasus|16.17,Nasus,16.17,16.16,,38,31,23,15,16,0.42592592592592593,0.2777777777777778,0.2962962962962963,0.6052631578947368,0.5161290322580645,0.39473684210526316,0.5454545454545454,0.3793103448275862,-16.614420062695924,0.09090909090909091,0.1724137931034483,8.150470219435737,0.09168081494057723,0.13412563667232597,33,29,True
Nocturne|16.17,Nocturne,16.17,16.16,,20,15,14,6,9,0.4827586206896552,0.20689655172413793,0.3103448275862069,0.7,0.6,0.3,0.375,0.3076923076923077,-6.730769230769229,0.375,0.5384615384615384,16.346153846153843,0.15000000000000002,0.1166666666666667,16,13,True
Qiyana|16.17,Qiyana,16.17,16.16,,9,13,4,5,8,0.23529411764705882,0.29411764705882354,0.47058823529411764,0.4444444444444444,0.6153846153846154,0.5555555555555556,0.3333333333333333,0.3333333333333333,0.0,0.6666666666666666,0.5,-16.666666666666664,0.35042735042735046,0.09401709401709404,6,12,False
Thresh|16.17,Thresh,16.17,16.16,,20,18,13,7,11,0.41935483870967744,0.22580645161290322,0.3548387096774194,0.65,0.6111111111111112,0.35,0.4117647058823529,0.3125,-9.926470588235292,0.47058823529411764,0.25,-22.058823529411764,0.2944444444444444,0.19444444444444445,17,16,True
Trundle|16.17,Trundle,16.17,16.16,,5,4,3,2,2,0.42857142857142855,0.2857142857142857,0.2857142857142857,0.6,0.5,0.4,0.25,0.5,25.0,0.5,0.0,-50.0,0.35,0.30000000000000004,4,4,False
Vayne|16.17,Vayne,16.17,16.16,,17,10,13,4,6,0.5652173913043478,0.17391304347826086,0.2608695652173913,0.7647058823529411,0.6,0.23529411764705882,0.26666666666666666,0.2222222222222222,-4.4444444444444455,0.3333333333333333,0.2222222222222222,-11.11111111111111,0.12352941176470585,0.34705882352941175,15,9,True
Xerath|16.17,Xerath,16.17,16.16,,17,18,10,7,11,0.35714285714285715,0.25,0.39285714285714285,0.5882352941176471,0.6111111111111112,0.4117647058823529,0.47058823529411764,0.3888888888888889,-8.169934640522875,0.23529411764705882,0.3333333333333333,9.80392156862745,0.24836601307189543,0.1895424836601307,17,18,True
Yasuo|16.17,Yasuo,16.17,16.16,,23,28,10,13,15,0.2631578947368421,0.34210526315789475,0.39473684210526316,0.43478260869565216,0.5357142857142857,0.5652173913043478,0.3181818181818182,0.16,-15.818181818181817,0.36363636363636365,0.32,-4.363636363636364,0.08074534161490683,0.060559006211180134,22,25,True
Yone|16.17,Yone,16.17,16.16,,20,28,8,12,16,0.2222222222222222,0.3333333333333333,0.4444444444444444,0.4,0.5714285714285714,0.6,0.3684210526315789,0.2692307692307692,-9.91902834008097,0.2631578947368421,0.19230769230769232,-7.085020242914977,0.15000000000000002,0.1571428571428571,19,26,True
