event_id,champion,patch,pre_patch,pre_patch_observed,change_direction,pre_experience_eligible,pre_mean_prior_champion_count,pre_median_prior_champion_count,pre_p25_prior_champion_count,pre_p75_prior_champion_count,pre_observed_new_share,pre_limited_1_4_share,pre_established_5plus_share,post_experience_eligible,post_mean_prior_champion_count,post_median_prior_champion_count,post_p25_prior_champion_count,post_p75_prior_champion_count,post_observed_new_share,post_limited_1_4_share,post_established_5plus_share,delta_mean_prior_champion_count,delta_median_prior_champion_count,delta_p25_prior_champion_count,delta_p75_prior_champion_count,delta_observed_new_share_pp,delta_limited_1_4_share_pp,delta_established_5plus_share_pp
Akshan|16.1,Akshan,16.1,15.24,True,,4,7.5,0.0,0.0,7.5,0.75,0.0,0.25,2,21.0,21.0,16.5,25.5,0.0,0.0,1.0,13.5,21.0,16.5,18.0,-75.0,0.0,75.0
Aphelios|16.1,Aphelios,16.1,15.24,True,,3,7.0,3,1.5,10.5,0.3333333333333333,0.3333333333333333,0.3333333333333333,9,9.444444444444445,0,0.0,5.0,0.5555555555555556,0.1111111111111111,0.3333333333333333,2.4444444444444446,-3,-1.5,-5.5,22.222222222222225,-22.22222222222222,0.0
Ashe|16.1,Ashe,16.1,15.24,True,,12,3.0,1.0,0.0,1.0,0.4166666666666667,0.4166666666666667,0.16666666666666666,5,4.4,1,1.0,2.0,0.2,0.6,0.2,1.4000000000000004,0.0,1.0,1.0,-21.666666666666668,18.33333333333333,3.3333333333333353
Caitlyn|16.1,Caitlyn,16.1,15.24,True,,15,7.4,2,1.0,13.5,0.13333333333333333,0.4666666666666667,0.4,15,4.0,1,0.0,5.0,0.3333333333333333,0.4,0.26666666666666666,-3.4000000000000004,-1,-1.0,-8.5,20.0,-6.666666666666665,-13.333333333333336
Cassiopeia|16.1,Cassiopeia,16.1,15.24,True,,5,4.6,0,0.0,0.0,0.8,0.0,0.2,2,14.5,14.5,7.25,21.75,0.5,0.0,0.5,9.9,14.5,7.25,21.75,-30.000000000000004,0.0,30.0
Corki|16.1,Corki,16.1,15.24,True,,3,0.0,0,0.0,0.0,1.0,0.0,0.0,0,,,,,,,,,,,,,,
Draven|16.1,Draven,16.1,15.24,True,,4,14.25,7.0,4.5,16.75,0.25,0.0,0.75,4,16.0,12.0,8.0,20.0,0.0,0.0,1.0,1.75,5.0,3.5,3.25,-25.0,0.0,25.0
Elise|16.1,Elise,16.1,15.24,True,,2,4.5,4.5,2.75,6.25,0.0,0.5,0.5,2,0.5,0.5,0.25,0.75,0.5,0.5,0.0,-4.0,-4.0,-2.5,-5.5,50.0,0.0,-50.0
Gangplank|16.1,Gangplank,16.1,15.24,True,,1,1.0,1,1.0,1.0,0.0,1.0,0.0,5,19.8,0,0.0,1.0,0.6,0.2,0.2,18.8,-1,-1.0,0.0,60.0,-80.0,20.0
Garen|16.1,Garen,16.1,15.24,True,,10,8.0,2.0,1.0,4.75,0.2,0.5,0.3,10,2.6,0.0,0.0,2.5,0.6,0.2,0.2,-5.4,-2.0,-1.0,-2.25,40.0,-30.0,-9.999999999999998
Graves|16.1,Graves,16.1,15.24,True,,6,5.0,2.0,0.0,9.25,0.5,0.16666666666666666,0.3333333333333333,3,1.0,0,0.0,1.5,0.6666666666666666,0.3333333333333333,0.0,-4.0,-2.0,0.0,-7.75,16.666666666666664,16.666666666666664,-33.33333333333333
Jax|16.1,Jax,16.1,15.24,True,,13,14.615384615384615,2,0.0,13.0,0.3076923076923077,0.23076923076923078,0.46153846153846156,12,20.583333333333332,4.5,1.5,39.0,0.25,0.25,0.5,5.967948717948717,2.5,1.5,26.0,-5.769230769230771,1.9230769230769218,3.8461538461538436
Jhin|16.1,Jhin,16.1,15.24,True,,12,5.333333333333333,2.5,0.75,9.0,0.25,0.4166666666666667,0.3333333333333333,12,3.8333333333333335,2.0,0.75,4.25,0.25,0.5,0.25,-1.4999999999999996,-0.5,0.0,-4.75,0.0,8.333333333333332,-8.333333333333332
Jinx|16.1,Jinx,16.1,15.24,True,,9,9.11111111111111,4,1.0,13.0,0.1111111111111111,0.4444444444444444,0.4444444444444444,9,9.555555555555555,6,3.0,15.0,0.0,0.4444444444444444,0.5555555555555556,0.44444444444444464,2,2.0,2.0,-11.11111111111111,0.0,11.111111111111116
Kindred|16.1,Kindred,16.1,15.24,True,,4,5.25,3.5,0.0,8.75,0.5,0.0,0.5,2,38.5,38.5,19.75,57.25,0.0,0.5,0.5,33.25,35.0,19.75,48.5,-50.0,50.0,0.0
Lucian|16.1,Lucian,16.1,15.24,True,,9,1.4444444444444444,1,0.0,1.0,0.4444444444444444,0.4444444444444444,0.1111111111111111,7,3.5714285714285716,1,0.0,2.0,0.42857142857142855,0.42857142857142855,0.14285714285714285,2.1269841269841274,0,0.0,1.0,-1.5873015873015872,-1.5873015873015872,3.1746031746031744
Miss Fortune|16.1,Miss Fortune,16.1,15.24,True,,0,,,,,,,,0,,,,,,,,,,,,,,
Nilah|16.1,Nilah,16.1,15.24,True,,0,,,,,,,,3,1.0,1,0.5,1.5,0.3333333333333333,0.6666666666666666,0.0,,,,,,,
Quinn|16.1,Quinn,16.1,15.24,True,,3,4.0,5,3.0,5.5,0.0,0.3333333333333333,0.6666666666666666,3,1.6666666666666667,1,0.5,2.5,0.3333333333333333,0.6666666666666666,0.0,-2.333333333333333,-4,-2.5,-3.0,33.33333333333333,33.33333333333333,-66.66666666666666
Rengar|16.1,Rengar,16.1,15.24,True,,4,9.25,9.0,0.0,18.25,0.5,0.0,0.5,2,0.0,0.0,0.0,0.0,1.0,0.0,0.0,-9.25,-9.0,0.0,-18.25,50.0,0.0,-50.0
Samira|16.1,Samira,16.1,15.24,True,,7,0.8571428571428571,1,0.0,1.0,0.42857142857142855,0.5714285714285714,0.0,3,0.3333333333333333,0,0.0,0.5,0.6666666666666666,0.3333333333333333,0.0,-0.5238095238095237,-1,0.0,-0.5,23.809523809523807,-23.809523809523807,0.0
Senna|16.1,Senna,16.1,15.24,True,,5,0.4,0,0.0,1.0,0.6,0.4,0.0,5,0.4,0,0.0,1.0,0.6,0.4,0.0,0.0,0,0.0,0.0,0.0,0.0,0.0
Shaco|16.1,Shaco,16.1,15.24,True,,7,14.714285714285714,2,0.0,5.0,0.42857142857142855,0.2857142857142857,0.2857142857142857,5,20.6,3,1.0,7.0,0.2,0.4,0.4,5.885714285714288,1,1.0,2.0,-22.857142857142854,11.428571428571432,11.428571428571432
Sivir|16.1,Sivir,16.1,15.24,True,,5,4.8,2,1.0,3.0,0.2,0.6,0.2,12,2.4166666666666665,0.0,0.0,2.25,0.6666666666666666,0.25,0.08333333333333333,-2.3833333333333333,-2.0,-1.0,-0.75,46.666666666666664,-35.0,-11.666666666666668
Smolder|16.1,Smolder,16.1,15.24,True,,12,2.6666666666666665,1.0,0.0,2.75,0.4166666666666667,0.3333333333333333,0.25,9,6.333333333333333,2,0.0,6.0,0.4444444444444444,0.2222222222222222,0.3333333333333333,3.6666666666666665,1.0,0.0,3.25,2.7777777777777732,-11.11111111111111,8.333333333333332
Tristana|16.1,Tristana,16.1,15.24,True,,11,0.5454545454545454,0,0.0,1.0,0.6363636363636364,0.36363636363636365,0.0,4,0.0,0.0,0.0,0.0,1.0,0.0,0.0,-0.5454545454545454,0.0,0.0,-1.0,36.36363636363637,-36.36363636363637,0.0
Tryndamere|16.1,Tryndamere,16.1,15.24,True,,0,,,,,,,,4,0.25,0.0,0.0,0.25,0.75,0.25,0.0,,,,,,,
Twitch|16.1,Twitch,16.1,15.24,True,,4,0.25,0.0,0.0,0.25,0.75,0.25,0.0,9,1.4444444444444444,0,0.0,1.0,0.5555555555555556,0.3333333333333333,0.1111111111111111,1.1944444444444444,0.0,0.0,0.75,-19.444444444444443,8.333333333333332,11.11111111111111
Viego|16.1,Viego,16.1,15.24,True,,5,18.2,4,1.0,9.0,0.2,0.4,0.4,5,20.6,6,2.0,16.0,0.2,0.2,0.6,2.400000000000002,2,1.0,7.0,0.0,-20.0,19.999999999999996
Xayah|16.1,Xayah,16.1,15.24,True,,5,1.6,0,0.0,4.0,0.6,0.4,0.0,7,0.42857142857142855,0,0.0,0.5,0.7142857142857143,0.2857142857142857,0.0,-1.1714285714285715,0,0.0,-3.5,11.428571428571432,-11.428571428571432,0.0
Yasuo|16.1,Yasuo,16.1,15.24,True,,10,9.5,1.5,0.0,13.0,0.4,0.3,0.3,9,5.888888888888889,2,2.0,4.0,0.2222222222222222,0.5555555555555556,0.2222222222222222,-3.6111111111111107,0.5,2.0,-9.0,-17.777777777777782,25.55555555555556,-7.777777777777778
Yone|16.1,Yone,16.1,15.24,True,,10,3.5,1.5,0.25,2.75,0.3,0.5,0.2,7,4.285714285714286,1,0.0,6.0,0.42857142857142855,0.2857142857142857,0.2857142857142857,0.7857142857142856,-0.5,-0.25,3.25,12.857142857142856,-21.42857142857143,8.57142857142857
Yunara|16.1,Yunara,16.1,15.24,True,,3,2.6666666666666665,3,2.0,3.5,0.0,1.0,0.0,4,4.0,4.0,0.75,7.25,0.25,0.25,0.5,1.3333333333333335,1.0,-1.25,3.75,25.0,-75.0,50.0
Zeri|16.1,Zeri,16.1,15.24,True,,4,11.25,0.0,0.0,11.25,0.75,0.0,0.25,3,8.0,1,0.5,12.0,0.3333333333333333,0.3333333333333333,0.3333333333333333,-3.25,1.0,0.5,0.75,-41.66666666666667,33.33333333333333,8.333333333333332
Aatrox|16.2,Aatrox,16.2,16.1,True,,2,2.5,2.5,1.25,3.75,0.5,0.0,0.5,5,2.8,1,0.0,1.0,0.4,0.4,0.2,0.2999999999999998,-1.5,-1.25,-2.75,-9.999999999999998,40.0,-30.0
Ashe|16.2,Ashe,16.2,16.1,True,,5,4.4,1,1.0,2.0,0.2,0.6,0.2,8,7.375,1.5,0.0,7.5,0.375,0.375,0.25,2.9749999999999996,0.5,-1.0,5.5,17.5,-22.499999999999996,4.999999999999999
Gwen|16.2,Gwen,16.2,16.1,True,,12,1.8333333333333333,0.0,0.0,0.5,0.75,0.08333333333333333,0.16666666666666666,5,9.4,8,1.0,12.0,0.2,0.2,0.6,7.566666666666667,8.0,1.0,11.5,-55.00000000000001,11.666666666666668,43.333333333333336
Jayce|16.2,Jayce,16.2,16.1,True,,5,6.4,0,0.0,4.0,0.6,0.2,0.2,4,2.25,1.0,0.0,3.25,0.5,0.25,0.25,-4.15,1.0,0.0,-0.75,-9.999999999999998,4.999999999999999,4.999999999999999
Lillia|16.2,Lillia,16.2,16.1,True,,2,1.0,1.0,0.5,1.5,0.5,0.5,0.0,1,0.0,0,0.0,0.0,1.0,0.0,0.0,-1.0,-1.0,-0.5,-1.5,50.0,-50.0,0.0
Malphite|16.2,Malphite,16.2,16.1,True,,9,2.888888888888889,0,0.0,2.0,0.6666666666666666,0.1111111111111111,0.2222222222222222,13,3.4615384615384617,0,0.0,5.0,0.5384615384615384,0.15384615384615385,0.3076923076923077,0.5726495726495728,0,0.0,3.0,-12.82051282051282,4.273504273504275,8.54700854700855
Master Yi|16.2,Master Yi,16.2,16.1,True,,0,,,,,,,,0,,,,,,,,,,,,,,
Nunu & Willump|16.2,Nunu & Willump,16.2,16.1,True,,0,,,,,,,,0,,,,,,,,,,,,,,
Sivir|16.2,Sivir,16.2,16.1,True,,12,2.4166666666666665,0.0,0.0,2.25,0.6666666666666666,0.25,0.08333333333333333,9,2.4444444444444446,1,0.0,2.0,0.3333333333333333,0.4444444444444444,0.2222222222222222,0.027777777777778123,1.0,0.0,-0.25,-33.33333333333333,19.444444444444443,13.88888888888889
Smolder|16.2,Smolder,16.2,16.1,True,,9,6.333333333333333,2,0.0,6.0,0.4444444444444444,0.2222222222222222,0.3333333333333333,8,6.625,5.5,0.0,12.25,0.375,0.125,0.5,0.29166666666666696,3.5,0.0,6.25,-6.944444444444442,-9.722222222222221,16.666666666666668
Taliyah|16.2,Taliyah,16.2,16.1,True,,3,0.0,0,0.0,0.0,1.0,0.0,0.0,4,0.75,0.5,0.0,1.25,0.5,0.5,0.0,0.75,0.5,0.0,1.25,-50.0,50.0,0.0
Varus|16.2,Varus,16.2,16.1,True,,2,0.5,0.5,0.25,0.75,0.5,0.5,0.0,13,0.6923076923076923,0,0.0,1.0,0.6153846153846154,0.38461538461538464,0.0,0.1923076923076923,-0.5,-0.25,0.25,11.538461538461542,-11.538461538461537,0.0
Viego|16.2,Viego,16.2,16.1,True,,5,20.6,6,2.0,16.0,0.2,0.2,0.6,10,14.8,2.0,0.0,13.5,0.4,0.2,0.4,-5.800000000000001,-4.0,-2.0,-2.5,20.0,0.0,-19.999999999999996
Zed|16.2,Zed,16.2,16.1,True,,12,11.166666666666666,2.5,1.0,4.25,0.16666666666666666,0.5833333333333334,0.25,7,18.428571428571427,5,1.5,22.5,0.2857142857142857,0.14285714285714285,0.5714285714285714,7.261904761904761,2.5,0.5,18.25,11.904761904761903,-44.04761904761905,32.14285714285714
Ahri|16.3,Ahri,16.3,16.2,True,,11,7.454545454545454,1,0.0,3.5,0.45454545454545453,0.36363636363636365,0.18181818181818182,11,8.818181818181818,3,1.5,5.5,0.18181818181818182,0.45454545454545453,0.36363636363636365,1.3636363636363642,2,1.5,2.0,-27.27272727272727,9.090909090909088,18.181818181818183
Bel'Veth|16.3,Bel'Veth,16.3,16.2,True,,0,,,,,,,,0,,,,,,,,,,,,,,
Braum|16.3,Braum,16.3,16.2,True,,8,3.625,0.5,0.0,3.75,0.5,0.25,0.25,11,2.272727272727273,1,0.0,2.0,0.36363636363636365,0.45454545454545453,0.18181818181818182,-1.352272727272727,0.5,0.0,-1.75,-13.636363636363635,20.454545454545453,-6.8181818181818175
Briar|16.3,Briar,16.3,16.2,True,,5,15.4,0,0.0,6.0,0.6,0.0,0.4,7,8.285714285714286,1,0.0,1.5,0.42857142857142855,0.42857142857142855,0.14285714285714285,-7.114285714285714,1,0.0,-4.5,-17.142857142857142,42.857142857142854,-25.71428571428572
Diana|16.3,Diana,16.3,16.2,True,,20,8.6,3.0,1.0,9.5,0.15,0.55,0.3,7,15.571428571428571,14,3.0,19.5,0.0,0.42857142857142855,0.5714285714285714,6.9714285714285715,11.0,2.0,10.0,-15.0,-12.14285714285715,27.142857142857142
Draven|16.3,Draven,16.3,16.2,True,,5,12.0,9,1.0,16.0,0.2,0.2,0.6,5,22.4,5,5.0,47.0,0.0,0.2,0.8,10.399999999999999,-4,4.0,31.0,-20.0,0.0,20.000000000000007
Ekko|16.3,Ekko,16.3,16.2,True,,11,6.181818181818182,0,0.0,4.5,0.5454545454545454,0.18181818181818182,0.2727272727272727,7,4.571428571428571,2,1.5,4.5,0.14285714285714285,0.5714285714285714,0.2857142857142857,-1.6103896103896105,2,1.5,0.0,-40.259740259740255,38.96103896103896,1.2987012987012991
Ezreal|16.3,Ezreal,16.3,16.2,True,,5,0.4,0,0.0,0.0,0.8,0.2,0.0,9,5.333333333333333,3,0.0,7.0,0.3333333333333333,0.3333333333333333,0.3333333333333333,4.933333333333333,3,0.0,7.0,-46.66666666666667,13.33333333333333,33.33333333333333
Hecarim|16.3,Hecarim,16.3,16.2,True,,4,6.0,2.5,0.0,8.5,0.5,0.0,0.5,6,7.333333333333333,4.0,0.25,13.75,0.3333333333333333,0.16666666666666666,0.5,1.333333333333333,1.5,0.25,5.25,-16.666666666666668,16.666666666666664,0.0
Heimerdinger|16.3,Heimerdinger,16.3,16.2,True,,8,10.5,0.0,0.0,6.0,0.75,0.0,0.25,4,22.25,9.0,1.5,29.75,0.25,0.25,0.5,11.75,9.0,1.5,23.75,-50.0,25.0,25.0
Jayce|16.3,Jayce,16.3,16.2,True,,4,2.25,1.0,0.0,3.25,0.5,0.25,0.25,1,1.0,1,1.0,1.0,0.0,1.0,0.0,-1.25,0.0,1.0,-2.25,-50.0,75.0,-25.0
Kayn|16.3,Kayn,16.3,16.2,True,,7,12.714285714285714,1,0.0,1.5,0.42857142857142855,0.42857142857142855,0.14285714285714285,5,18.0,2,0.0,2.0,0.4,0.4,0.2,5.2857142857142865,1,0.0,0.5,-2.8571428571428523,-2.8571428571428523,5.714285714285716
Maokai|16.3,Maokai,16.3,16.2,True,,0,,,,,,,,2,2.5,2.5,1.25,3.75,0.5,0.0,0.5,,,,,,,
Mel|16.3,Mel,16.3,16.2,True,,6,3.0,2.5,1.25,4.5,0.16666666666666666,0.5,0.3333333333333333,3,0.6666666666666666,1,0.5,1.0,0.3333333333333333,0.6666666666666666,0.0,-2.3333333333333335,-1.5,-0.75,-3.5,16.666666666666664,16.666666666666664,-33.33333333333333
Naafiri|16.3,Naafiri,16.3,16.2,True,,7,1.1428571428571428,0,0.0,1.5,0.5714285714285714,0.2857142857142857,0.14285714285714285,5,2.0,0,0.0,0.0,0.8,0.0,0.2,0.8571428571428572,0,0.0,-1.5,22.857142857142865,-28.57142857142857,5.714285714285716
Nilah|16.3,Nilah,16.3,16.2,True,,1,2.0,2,2.0,2.0,0.0,1.0,0.0,2,0.0,0.0,0.0,0.0,1.0,0.0,0.0,-2.0,-2.0,-2.0,-2.0,100.0,-100.0,0.0
Riven|16.3,Riven,16.3,16.2,True,,5,0.8,0,0.0,1.0,0.6,0.4,0.0,3,3.0,1,1.0,4.0,0.0,0.6666666666666666,0.3333333333333333,2.2,1,1.0,3.0,-60.0,26.66666666666666,33.33333333333333
Ryze|16.3,Ryze,16.3,16.2,True,,10,2.9,1.5,0.0,4.0,0.4,0.4,0.2,10,4.7,4.5,0.25,9.0,0.3,0.2,0.5,1.8000000000000003,3.0,0.25,5.0,-10.000000000000004,-20.0,30.0
Trundle|16.3,Trundle,16.3,16.2,True,,3,1.0,0,0.0,1.5,0.6666666666666666,0.3333333333333333,0.0,3,8.666666666666666,0,0.0,13.0,0.6666666666666666,0.0,0.3333333333333333,7.666666666666666,0,0.0,11.5,0.0,-33.33333333333333,33.33333333333333
Tryndamere|16.3,Tryndamere,16.3,16.2,True,,2,1.0,1.0,0.5,1.5,0.5,0.5,0.0,2,0.5,0.5,0.25,0.75,0.5,0.5,0.0,-0.5,-0.5,-0.25,-0.75,0.0,0.0,0.0
Varus|16.3,Varus,16.3,16.2,True,,13,0.6923076923076923,0,0.0,1.0,0.6153846153846154,0.38461538461538464,0.0,7,2.7142857142857144,2,1.5,3.0,0.14285714285714285,0.7142857142857143,0.14285714285714285,2.021978021978022,2,1.5,2.0,-47.252747252747255,32.967032967032964,14.285714285714285
Vi|16.3,Vi,16.3,16.2,True,,5,1.0,0,0.0,0.0,0.8,0.0,0.2,3,1.0,0,0.0,1.5,0.6666666666666666,0.3333333333333333,0.0,0.0,0,0.0,1.5,-13.333333333333341,33.33333333333333,-20.0
Volibear|16.3,Volibear,16.3,16.2,True,,9,3.3333333333333335,1,0.0,3.0,0.3333333333333333,0.5555555555555556,0.1111111111111111,6,13.333333333333334,8.0,2.75,23.0,0.16666666666666666,0.16666666666666666,0.6666666666666666,10.0,7.0,2.75,20.0,-16.666666666666664,-38.88888888888889,55.55555555555556
Xin Zhao|16.3,Xin Zhao,16.3,16.2,True,,0,,,,,,,,0,,,,,,,,,,,,,,
Yone|16.3,Yone,16.3,16.2,True,,5,4.0,2,0.0,9.0,0.4,0.2,0.4,13,1.1538461538461537,0,0.0,2.0,0.5384615384615384,0.46153846153846156,0.0,-2.8461538461538463,-2,0.0,-7.0,13.846153846153841,26.153846153846157,-40.0
Zaahen|16.3,Zaahen,16.3,16.2,True,,9,5.222222222222222,2,1.0,6.0,0.1111111111111111,0.5555555555555556,0.3333333333333333,7,6.285714285714286,2,1.0,10.0,0.14285714285714285,0.5714285714285714,0.2857142857142857,1.0634920634920633,0,0.0,4.0,3.1746031746031744,1.5873015873015817,-4.761904761904762
Zed|16.3,Zed,16.3,16.2,True,,7,18.428571428571427,5,1.5,22.5,0.2857142857142857,0.14285714285714285,0.5714285714285714,5,24.0,10,3.0,31.0,0.2,0.2,0.6,5.571428571428573,5,1.5,8.5,-8.57142857142857,5.714285714285716,2.857142857142858
Ambessa|16.4,Ambessa,16.4,16.3,True,,8,1.25,0.5,0.0,2.0,0.5,0.375,0.125,6,4.333333333333333,2.5,0.5,6.0,0.3333333333333333,0.3333333333333333,0.3333333333333333,3.083333333333333,2.0,0.5,4.0,-16.666666666666668,-4.166666666666669,20.833333333333332
Annie|16.4,Annie,16.4,16.3,True,,1,0.0,0,0.0,0.0,1.0,0.0,0.0,3,0.6666666666666666,1,0.5,1.0,0.3333333333333333,0.6666666666666666,0.0,0.6666666666666666,1,0.5,1.0,-66.66666666666667,66.66666666666666,0.0
Aphelios|16.4,Aphelios,16.4,16.3,True,,5,26.4,12,3.0,33.0,0.2,0.2,0.6,3,30.333333333333332,3,3.0,44.0,0.0,0.6666666666666666,0.3333333333333333,3.9333333333333336,-9,0.0,11.0,-20.0,46.666666666666664,-26.666666666666668
Brand|16.4,Brand,16.4,16.3,True,,6,5.5,2.0,2.0,2.75,0.16666666666666666,0.6666666666666666,0.16666666666666666,6,4.666666666666667,1.0,0.25,3.25,0.3333333333333333,0.5,0.16666666666666666,-0.833333333333333,-1.0,-1.75,0.5,16.666666666666664,-16.666666666666664,0.0
Braum|16.4,Braum,16.4,16.3,True,,11,2.272727272727273,1,0.0,2.0,0.36363636363636365,0.45454545454545453,0.18181818181818182,4,3.75,4.0,1.75,6.0,0.0,0.5,0.5,1.477272727272727,3.0,1.75,4.0,-36.36363636363637,4.545454545454547,31.818181818181817
Camille|16.4,Camille,16.4,16.3,True,,1,4.0,4,4.0,4.0,0.0,1.0,0.0,3,1.6666666666666667,0,0.0,2.5,0.6666666666666666,0.0,0.3333333333333333,-2.333333333333333,-4,-4.0,-1.5,66.66666666666666,-100.0,33.33333333333333
Darius|16.4,Darius,16.4,16.3,True,,5,11.4,2,0.0,6.0,0.4,0.2,0.4,6,9.166666666666666,0.5,0.0,4.0,0.5,0.16666666666666666,0.3333333333333333,-2.2333333333333343,-1.5,0.0,-2.0,9.999999999999998,-3.3333333333333353,-6.6666666666666705
Fizz|16.4,Fizz,16.4,16.3,True,,3,3.0,1,0.5,4.5,0.3333333333333333,0.3333333333333333,0.3333333333333333,7,2.0,2,1.0,3.0,0.2857142857142857,0.7142857142857143,0.0,-1.0,1,0.5,-1.5,-4.761904761904762,38.0952380952381,-33.33333333333333
Graves|16.4,Graves,16.4,16.3,True,,2,10.5,10.5,5.25,15.75,0.5,0.0,0.5,8,2.25,0.0,0.0,0.0,0.875,0.0,0.125,-8.25,-10.5,-5.25,-15.75,37.5,0.0,-37.5
Gwen|16.4,Gwen,16.4,16.3,True,,8,5.625,0.0,0.0,3.75,0.625,0.125,0.25,7,6.0,1,0.5,2.5,0.2857142857142857,0.5714285714285714,0.14285714285714285,0.375,1.0,0.5,-1.25,-33.92857142857143,44.64285714285714,-10.714285714285715
Hwei|16.4,Hwei,16.4,16.3,True,,1,11.0,11,11.0,11.0,0.0,0.0,1.0,5,7.4,1,0.0,2.0,0.4,0.4,0.2,-3.5999999999999996,-10,-11.0,-9.0,40.0,40.0,-80.0
Illaoi|16.4,Illaoi,16.4,16.3,True,,0,,,,,,,,3,1.0,0,0.0,1.5,0.6666666666666666,0.3333333333333333,0.0,,,,,,,
Jinx|16.4,Jinx,16.4,16.3,True,,11,6.0,4,1.0,8.5,0.18181818181818182,0.36363636363636365,0.45454545454545453,10,6.3,3.5,1.0,9.5,0.2,0.3,0.5,0.2999999999999998,-0.5,0.0,1.0,1.8181818181818188,-6.363636363636366,4.545454545454547
Kassadin|16.4,Kassadin,16.4,16.3,True,,2,0.0,0.0,0.0,0.0,1.0,0.0,0.0,1,0.0,0,0.0,0.0,1.0,0.0,0.0,0.0,0.0,0.0,0.0,0.0,0.0,0.0
Kayle|16.4,Kayle,16.4,16.3,True,,8,4.25,1.0,0.75,1.0,0.25,0.625,0.125,5,0.0,0,0.0,0.0,1.0,0.0,0.0,-4.25,-1.0,-0.75,-1.0,75.0,-62.5,-12.5
Kennen|16.4,Kennen,16.4,16.3,True,,3,0.6666666666666666,1,0.5,1.0,0.3333333333333333,0.6666666666666666,0.0,1,0.0,0,0.0,0.0,1.0,0.0,0.0,-0.6666666666666666,-1,-0.5,-1.0,66.66666666666667,-66.66666666666666,0.0
Lee Sin|16.4,Lee Sin,16.4,16.3,True,,0,,,,,,,,0,,,,,,,,,,,,,,
Lux|16.4,Lux,16.4,16.3,True,,13,10.923076923076923,1,0.0,5.0,0.38461538461538464,0.3076923076923077,0.3076923076923077,16,11.4375,1.0,0.0,12.75,0.4375,0.25,0.3125,0.5144230769230766,0.0,0.0,7.75,5.2884615384615365,-5.769230769230771,0.48076923076922906
Maokai|16.4,Maokai,16.4,16.3,True,,2,2.5,2.5,1.25,3.75,0.5,0.0,0.5,3,0.0,0,0.0,0.0,1.0,0.0,0.0,-2.5,-2.5,-1.25,-3.75,50.0,0.0,-50.0
Naafiri|16.4,Naafiri,16.4,16.3,True,,5,2.0,0,0.0,0.0,0.8,0.0,0.2,6,1.5,1.0,0.25,1.75,0.3333333333333333,0.5,0.16666666666666666,-0.5,1.0,0.25,1.75,-46.66666666666667,50.0,-3.3333333333333353
Qiyana|16.4,Qiyana,16.4,16.3,True,,7,3.4285714285714284,0,0.0,5.5,0.5714285714285714,0.14285714285714285,0.2857142857142857,5,7.6,11,2.0,11.0,0.2,0.2,0.6,4.171428571428571,11,2.0,5.5,-37.14285714285714,5.714285714285716,31.428571428571427
Rengar|16.4,Rengar,16.4,16.3,True,,2,1.5,1.5,0.75,2.25,0.5,0.5,0.0,3,9.0,1,0.5,13.5,0.3333333333333333,0.3333333333333333,0.3333333333333333,7.5,-0.5,-0.25,11.25,-16.666666666666668,-16.666666666666668,33.33333333333333
Rumble|16.4,Rumble,16.4,16.3,True,,2,29.0,29.0,16.0,42.0,0.0,0.5,0.5,1,51.0,51,51.0,51.0,0.0,0.0,1.0,22.0,22.0,35.0,9.0,0.0,-50.0,50.0
Ryze|16.4,Ryze,16.4,16.3,True,,10,4.7,4.5,0.25,9.0,0.3,0.2,0.5,4,4.0,3.0,0.0,7.0,0.5,0.0,0.5,-0.7000000000000002,-1.5,-0.25,-2.0,20.0,-20.0,0.0
Samira|16.4,Samira,16.4,16.3,True,,4,0.5,0.0,0.0,0.5,0.75,0.25,0.0,4,0.25,0.0,0.0,0.25,0.75,0.25,0.0,-0.25,0.0,0.0,-0.25,0.0,0.0,0.0
Senna|16.4,Senna,16.4,16.3,True,,7,4.571428571428571,0,0.0,0.5,0.7142857142857143,0.14285714285714285,0.14285714285714285,11,3.272727272727273,1,0.0,2.0,0.36363636363636365,0.5454545454545454,0.09090909090909091,-1.2987012987012982,1,0.0,1.5,-35.064935064935064,40.259740259740255,-5.194805194805194
Swain|16.4,Swain,16.4,16.3,True,,7,5.142857142857143,3,0.5,9.5,0.2857142857142857,0.2857142857142857,0.42857142857142855,8,2.875,2.0,0.75,5.25,0.25,0.375,0.375,-2.2678571428571432,-1.0,0.25,-4.25,-3.57142857142857,8.92857142857143,-5.357142857142855
Syndra|16.4,Syndra,16.4,16.3,True,,8,19.125,4.5,0.75,23.5,0.25,0.25,0.5,7,15.428571428571429,6,1.5,10.0,0.2857142857142857,0.14285714285714285,0.5714285714285714,-3.696428571428571,1.5,0.75,-13.5,3.57142857142857,-10.714285714285715,7.14285714285714
Teemo|16.4,Teemo,16.4,16.3,True,,5,20.0,0,0.0,1.0,0.6,0.2,0.2,5,20.8,1,0.0,4.0,0.4,0.4,0.2,0.8000000000000007,1,0.0,3.0,-19.999999999999996,20.0,0.0
Twitch|16.4,Twitch,16.4,16.3,True,,5,1.4,0,0.0,3.0,0.6,0.4,0.0,11,1.5454545454545454,0,0.0,3.0,0.5454545454545454,0.2727272727272727,0.18181818181818182,0.1454545454545455,0,0.0,0.0,-5.454545454545457,-12.727272727272732,18.181818181818183
Udyr|16.4,Udyr,16.4,16.3,True,,1,0.0,0,0.0,0.0,1.0,0.0,0.0,2,0.0,0.0,0.0,0.0,1.0,0.0,0.0,0.0,0.0,0.0,0.0,0.0,0.0,0.0
Xayah|16.4,Xayah,16.4,16.3,True,,3,0.0,0,0.0,0.0,1.0,0.0,0.0,8,1.625,1.0,0.75,2.25,0.25,0.625,0.125,1.625,1.0,0.75,2.25,-75.0,62.5,12.5
Zac|16.4,Zac,16.4,16.3,True,,3,9.333333333333334,0,0.0,14.0,0.6666666666666666,0.0,0.3333333333333333,3,33.666666666666664,29,18.0,47.0,0.0,0.0,1.0,24.33333333333333,29,18.0,33.0,-66.66666666666666,0.0,66.66666666666667
Akali|16.5,Akali,16.5,16.4,True,,13,5.230769230769231,1,0.0,3.0,0.3076923076923077,0.5384615384615384,0.15384615384615385,12,7.75,2.5,0.75,4.0,0.25,0.5833333333333334,0.16666666666666666,2.519230769230769,1.5,0.75,1.0,-5.769230769230771,4.487179487179493,1.2820512820512802
Azir|16.5,Azir,16.5,16.4,True,,1,0.0,0,0.0,0.0,1.0,0.0,0.0,0,,,,,,,,,,,,,,
Garen|16.5,Garen,16.5,16.4,True,,5,5.2,4,3.0,5.0,0.0,0.6,0.4,16,2.1875,0.0,0.0,4.25,0.5625,0.1875,0.25,-3.0125,-4.0,-3.0,-0.75,56.25,-41.25,-15.000000000000002
Lee Sin|16.5,Lee Sin,16.5,16.4,True,,0,,,,,,,,0,,,,,,,,,,,,,,
Lillia|16.5,Lillia,16.5,16.4,True,,4,3.75,0.0,0.0,3.75,0.75,0.0,0.25,4,10.5,8.5,0.75,18.25,0.25,0.25,0.5,6.75,8.5,0.75,14.5,-50.0,25.0,25.0
Mel|16.5,Mel,16.5,16.4,True,,5,6.2,2,2.0,12.0,0.2,0.4,0.4,9,2.4444444444444446,2,0.0,3.0,0.4444444444444444,0.4444444444444444,0.1111111111111111,-3.7555555555555555,0,-2.0,-9.0,24.44444444444444,4.444444444444439,-28.888888888888893
Neeko|16.5,Neeko,16.5,16.4,True,,5,4.8,3,1.0,3.0,0.2,0.6,0.2,5,5.4,5,0.0,5.0,0.4,0.0,0.6,0.6000000000000005,2,-1.0,2.0,20.0,-60.0,40.0
Nocturne|16.5,Nocturne,16.5,16.4,True,,4,7.25,5.0,0.0,12.25,0.5,0.0,0.5,8,4.5,0.5,0.0,7.5,0.5,0.125,0.375,-2.75,-4.5,0.0,-4.75,0.0,12.5,-12.5
Orianna|16.5,Orianna,16.5,16.4,True,,5,5.4,0,0.0,1.0,0.6,0.2,0.2,10,5.1,1.5,0.25,7.5,0.3,0.4,0.3,-0.3000000000000007,1.5,0.25,6.5,-30.0,20.0,9.999999999999998
Samira|16.5,Samira,16.5,16.4,True,,4,0.25,0.0,0.0,0.25,0.75,0.25,0.0,5,0.4,0,0.0,0.0,0.8,0.2,0.0,0.15000000000000002,0.0,0.0,-0.25,5.000000000000004,-4.999999999999999,0.0
Taliyah|16.5,Taliyah,16.5,16.4,True,,2,3.0,3.0,2.0,4.0,0.0,0.5,0.5,1,0.0,0,0.0,0.0,1.0,0.0,0.0,-3.0,-3.0,-2.0,-4.0,100.0,-50.0,-50.0
Varus|16.5,Varus,16.5,16.4,True,,8,3.875,2.5,0.0,7.5,0.375,0.25,0.375,8,6.75,7.5,0.75,11.5,0.25,0.125,0.625,2.875,5.0,0.75,4.0,-12.5,-12.5,25.0
Volibear|16.5,Volibear,16.5,16.4,True,,4,15.25,14.0,2.5,26.75,0.0,0.5,0.5,3,10.0,3,3.0,13.5,0.0,0.6666666666666666,0.3333333333333333,-5.25,-11.0,0.5,-13.25,0.0,16.666666666666664,-16.666666666666668
Ahri|16.6,Ahri,16.6,16.5,True,,11,9.545454545454545,1,0.0,9.5,0.45454545454545453,0.2727272727272727,0.2727272727272727,14,5.214285714285714,2.5,1.0,3.75,0.21428571428571427,0.5714285714285714,0.21428571428571427,-4.331168831168831,1.5,1.0,-5.75,-24.025974025974026,29.87012987012987,-5.844155844155844
Azir|16.6,Azir,16.6,16.5,True,,0,,,,,,,,1,0.0,0,0.0,0.0,1.0,0.0,0.0,,,,,,,
Cassiopeia|16.6,Cassiopeia,16.6,16.5,True,,2,0.0,0.0,0.0,0.0,1.0,0.0,0.0,1,0.0,0,0.0,0.0,1.0,0.0,0.0,0.0,0.0,0.0,0.0,0.0,0.0,0.0
Lissandra|16.6,Lissandra,16.6,16.5,True,,4,12.0,4.0,1.5,14.5,0.25,0.25,0.5,5,9.2,2,0.0,4.0,0.4,0.4,0.2,-2.8000000000000007,-2.0,-1.5,-10.5,15.000000000000002,15.000000000000002,-30.0
Olaf|16.6,Olaf,16.6,16.5,True,,0,,,,,,,,2,9.5,9.5,4.75,14.25,0.5,0.0,0.5,,,,,,,
Pyke|16.6,Pyke,16.6,16.5,True,,2,3.5,3.5,2.25,4.75,0.0,0.5,0.5,6,1.8333333333333333,1.5,0.25,2.75,0.3333333333333333,0.5,0.16666666666666666,-1.6666666666666667,-2.0,-2.0,-2.0,33.33333333333333,0.0,-33.333333333333336
Shen|16.6,Shen,16.6,16.5,True,,11,15.363636363636363,2,1.0,33.0,0.18181818181818182,0.36363636363636365,0.45454545454545453,9,17.444444444444443,7,0.0,22.0,0.3333333333333333,0.0,0.6666666666666666,2.0808080808080796,5,-1.0,-11.0,15.151515151515149,-36.36363636363637,21.21212121212121
Skarner|16.6,Skarner,16.6,16.5,True,,0,,,,,,,,2,0.0,0.0,0.0,0.0,1.0,0.0,0.0,,,,,,,
Tryndamere|16.6,Tryndamere,16.6,16.5,True,,0,,,,,,,,6,4.666666666666667,1.5,0.0,3.75,0.5,0.3333333333333333,0.16666666666666666,,,,,,,
Zaahen|16.6,Zaahen,16.6,16.5,True,,13,8.461538461538462,4,0.0,14.0,0.3076923076923077,0.23076923076923078,0.46153846153846156,9,7.444444444444445,4,0.0,11.0,0.3333333333333333,0.2222222222222222,0.4444444444444444,-1.017094017094017,0,0.0,-3.0,2.5641025641025603,-0.8547008547008572,-1.7094017094017144
Cassiopeia|16.7,Cassiopeia,16.7,16.6,True,,1,0.0,0,0.0,0.0,1.0,0.0,0.0,1,32.0,32,32.0,32.0,0.0,0.0,1.0,32.0,32,32.0,32.0,-100.0,0.0,100.0
Graves|16.7,Graves,16.7,16.6,True,,11,5.636363636363637,2,0.5,9.5,0.2727272727272727,0.2727272727272727,0.45454545454545453,8,10.25,4.5,2.25,13.0,0.25,0.25,0.5,4.613636363636363,2.5,1.75,3.5,-2.2727272727272707,-2.2727272727272707,4.545454545454547
Kalista|16.7,Kalista,16.7,16.6,True,,1,0.0,0,0.0,0.0,1.0,0.0,0.0,0,,,,,,,,,,,,,,
Karma|16.7,Karma,16.7,16.6,True,,18,8.166666666666666,3.0,0.25,10.5,0.2777777777777778,0.3333333333333333,0.3888888888888889,15,7.666666666666667,2,1.0,12.5,0.2,0.4666666666666667,0.3333333333333333,-0.4999999999999991,-1.0,0.75,2.0,-7.777777777777778,13.333333333333336,-5.555555555555558
Nami|16.7,Nami,16.7,16.6,True,,11,14.090909090909092,4,2.0,9.0,0.09090909090909091,0.45454545454545453,0.45454545454545453,10,21.5,6.0,0.0,37.5,0.4,0.1,0.5,7.409090909090908,2.0,-2.0,28.5,30.909090909090907,-35.45454545454545,4.545454545454547
Ornn|16.7,Ornn,16.7,16.6,True,,7,1.1428571428571428,0,0.0,1.5,0.5714285714285714,0.2857142857142857,0.14285714285714285,6,2.5,0.5,0.0,1.75,0.5,0.3333333333333333,0.16666666666666666,1.3571428571428572,0.5,0.0,0.25,-7.14285714285714,4.761904761904762,2.380952380952381
Rell|16.7,Rell,16.7,16.6,True,,3,7.666666666666667,4,3.0,10.5,0.0,0.6666666666666666,0.3333333333333333,3,9.0,6,4.5,12.0,0.0,0.3333333333333333,0.6666666666666666,1.333333333333333,2,1.5,1.5,0.0,-33.33333333333333,33.33333333333333
Shyvana|16.7,Shyvana,16.7,16.6,True,,11,0.5454545454545454,0,0.0,0.5,0.7272727272727273,0.2727272727272727,0.0,3,5.0,5,2.5,7.5,0.3333333333333333,0.0,0.6666666666666666,4.454545454545455,5,2.5,7.0,-39.3939393939394,-27.27272727272727,66.66666666666666
Singed|16.7,Singed,16.7,16.6,True,,7,3.0,0,0.0,3.5,0.5714285714285714,0.14285714285714285,0.2857142857142857,3,14.333333333333334,14,10.5,18.0,0.0,0.0,1.0,11.333333333333334,14,10.5,14.5,-57.14285714285714,-14.285714285714285,71.42857142857143
Veigar|16.7,Veigar,16.7,16.6,True,,10,15.6,2.5,0.25,19.75,0.3,0.4,0.3,8,15.0,5.0,0.75,8.5,0.25,0.25,0.5,-0.5999999999999996,2.5,0.5,-11.25,-4.999999999999999,-15.000000000000002,20.0
Dr. Mundo|16.8,Dr. Mundo,16.8,16.7,True,,0,,,,,,,,0,,,,,,,,,,,,,,
Hwei|16.8,Hwei,16.8,16.7,True,,7,4.285714285714286,2,1.0,5.0,0.2857142857142857,0.42857142857142855,0.2857142857142857,6,6.0,3.5,2.25,4.0,0.0,0.8333333333333334,0.16666666666666666,1.7142857142857144,1.5,1.25,-1.0,-28.57142857142857,40.47619047619048,-11.904761904761903
Karma|16.8,Karma,16.8,16.7,True,,15,7.666666666666667,2,1.0,12.5,0.2,0.4666666666666667,0.3333333333333333,8,15.0,11.5,2.75,25.5,0.0,0.375,0.625,7.333333333333333,9.5,1.75,13.0,-20.0,-9.166666666666668,29.166666666666668
Lillia|16.8,Lillia,16.8,16.7,True,,3,5.333333333333333,2,1.5,7.5,0.0,0.6666666666666666,0.3333333333333333,4,0.5,0.0,0.0,0.5,0.75,0.25,0.0,-4.833333333333333,-2.0,-1.5,-7.0,75.0,-41.666666666666664,-33.33333333333333
Lucian|16.8,Lucian,16.8,16.7,True,,4,3.75,2.0,0.0,5.75,0.5,0.25,0.25,11,2.4545454545454546,1,0.0,5.0,0.36363636363636365,0.36363636363636365,0.2727272727272727,-1.2954545454545454,-1.0,0.0,-0.75,-13.636363636363635,11.363636363636365,2.2727272727272707
Mel|16.8,Mel,16.8,16.7,True,,11,4.090909090909091,1,0.0,3.0,0.36363636363636365,0.45454545454545453,0.18181818181818182,8,5.75,3.0,2.0,6.5,0.125,0.5,0.375,1.6590909090909092,2.0,2.0,3.5,-23.863636363636363,4.545454545454547,19.318181818181817
Tahm Kench|16.8,Tahm Kench,16.8,16.7,True,,0,,,,,,,,0,,,,,,,,,,,,,,
Yuumi|16.8,Yuumi,16.8,16.7,True,,2,23.5,23.5,13.25,33.75,0.0,0.5,0.5,2,22.0,22.0,11.0,33.0,0.5,0.0,0.5,-1.5,-1.5,-2.25,-0.75,50.0,-50.0,0.0
Zilean|16.8,Zilean,16.8,16.7,True,,3,1.3333333333333333,0,0.0,2.0,0.6666666666666666,0.3333333333333333,0.0,3,2.3333333333333335,1,0.5,3.5,0.3333333333333333,0.3333333333333333,0.3333333333333333,1.0000000000000002,1,0.5,1.5,-33.33333333333333,0.0,33.33333333333333
Zyra|16.8,Zyra,16.8,16.7,True,,3,16.333333333333332,21,10.5,24.5,0.3333333333333333,0.0,0.6666666666666666,3,0.3333333333333333,0,0.0,0.5,0.6666666666666666,0.3333333333333333,0.0,-15.999999999999998,-21,-10.5,-24.0,33.33333333333333,33.33333333333333,-66.66666666666666
Ambessa|16.9,Ambessa,16.9,16.8,True,,9,6.666666666666667,1,0.0,16.0,0.3333333333333333,0.3333333333333333,0.3333333333333333,6,8.833333333333334,3.0,1.0,17.0,0.16666666666666666,0.3333333333333333,0.5,2.166666666666667,2.0,1.0,1.0,-16.666666666666664,0.0,16.666666666666668
Briar|16.9,Briar,16.9,16.8,True,,1,2.0,2,2.0,2.0,0.0,1.0,0.0,2,2.0,2.0,1.0,3.0,0.5,0.5,0.0,0.0,0.0,-1.0,1.0,50.0,-50.0,0.0
Ezreal|16.9,Ezreal,16.9,16.8,True,,16,12.5625,8.0,2.75,20.5,0.125,0.1875,0.6875,18,9.333333333333334,3.0,0.0,11.75,0.3333333333333333,0.2222222222222222,0.4444444444444444,-3.229166666666666,-5.0,-2.75,-8.75,20.833333333333332,3.472222222222221,-24.305555555555557
Gragas|16.9,Gragas,16.9,16.8,True,,4,2.25,2.0,0.0,4.25,0.5,0.25,0.25,5,3.4,3,1.0,5.0,0.2,0.4,0.4,1.15,1.0,1.0,0.75,-30.0,15.000000000000002,15.000000000000002
Kennen|16.9,Kennen,16.9,16.8,True,,3,0.3333333333333333,0,0.0,0.5,0.6666666666666666,0.3333333333333333,0.0,3,0.6666666666666666,0,0.0,1.0,0.6666666666666666,0.3333333333333333,0.0,0.3333333333333333,0,0.0,0.5,0.0,0.0,0.0
Shyvana|16.9,Shyvana,16.9,16.8,True,,6,4.5,4.0,0.5,7.5,0.3333333333333333,0.16666666666666666,0.5,2,6.0,6.0,3.0,9.0,0.5,0.0,0.5,1.5,2.0,2.5,1.5,16.666666666666668,-16.666666666666664,0.0
Tahm Kench|16.9,Tahm Kench,16.9,16.8,True,,0,,,,,,,,0,,,,,,,,,,,,,,
Taliyah|16.9,Taliyah,16.9,16.8,True,,2,2.0,2.0,1.5,2.5,0.0,1.0,0.0,3,3.0,2,2.0,3.5,0.0,0.6666666666666666,0.3333333333333333,1.0,0.0,0.5,1.0,0.0,-33.333333333333336,33.33333333333333
Teemo|16.9,Teemo,16.9,16.8,True,,5,28.8,1,1.0,50.0,0.2,0.4,0.4,17,9.529411764705882,1,0.0,2.0,0.4117647058823529,0.47058823529411764,0.11764705882352941,-19.27058823529412,0,-1.0,-48.0,21.17647058823529,7.058823529411762,-28.235294117647058
Udyr|16.9,Udyr,16.9,16.8,True,,3,5.666666666666667,6,5.0,6.5,0.0,0.3333333333333333,0.6666666666666666,1,5.0,5,5.0,5.0,0.0,0.0,1.0,-0.666666666666667,-1,0.0,-1.5,0.0,-33.33333333333333,33.333333333333336
Warwick|16.9,Warwick,16.9,16.8,True,,4,17.0,5.0,2.25,19.75,0.25,0.25,0.5,6,10.666666666666666,0.5,0.0,6.25,0.5,0.16666666666666666,0.3333333333333333,-6.333333333333334,-4.5,-2.25,-13.5,25.0,-8.333333333333334,-16.666666666666668
Xin Zhao|16.9,Xin Zhao,16.9,16.8,True,,0,,,,,,,,0,,,,,,,,,,,,,,
Zeri|16.9,Zeri,16.9,16.8,True,,3,21.0,0,0.0,31.5,0.6666666666666666,0.0,0.3333333333333333,5,0.4,0,0.0,1.0,0.6,0.4,0.0,-20.6,0,0.0,-30.5,-6.666666666666665,40.0,-33.33333333333333
Zoe|16.9,Zoe,16.9,16.8,True,,2,2.5,2.5,1.25,3.75,0.5,0.0,0.5,0,,,,,,,,,,,,,,
Ambessa|16.10,Ambessa,16.10,16.9,True,,6,8.833333333333334,3.0,1.0,17.0,0.16666666666666666,0.3333333333333333,0.5,8,5.25,3.5,0.75,6.0,0.25,0.5,0.25,-3.583333333333334,0.5,-0.25,-11.0,8.333333333333334,16.666666666666668,-25.0
Anivia|16.10,Anivia,16.10,16.9,True,,6,7.333333333333333,1.0,0.0,2.75,0.5,0.3333333333333333,0.16666666666666666,9,6.888888888888889,1,0.0,2.0,0.4444444444444444,0.3333333333333333,0.2222222222222222,-0.44444444444444375,0.0,0.0,-0.75,-5.555555555555558,0.0,5.555555555555555
Ashe|16.10,Ashe,16.10,16.9,True,,19,4.368421052631579,2,0.0,4.5,0.3157894736842105,0.42105263157894735,0.2631578947368421,23,5.043478260869565,1,0.0,6.0,0.34782608695652173,0.34782608695652173,0.30434782608695654,0.6750572082379867,-1,0.0,1.5,3.203661327231122,-7.322654462242562,4.118993135011445
Galio|16.10,Galio,16.10,16.9,True,,12,1.5,1.0,0.0,2.0,0.3333333333333333,0.5833333333333334,0.08333333333333333,17,2.235294117647059,0,0.0,2.0,0.5294117647058824,0.35294117647058826,0.11764705882352941,0.7352941176470589,-1.0,0.0,0.0,19.607843137254903,-23.03921568627451,3.431372549019608
Lee Sin|16.10,Lee Sin,16.10,16.9,True,,0,,,,,,,,0,,,,,,,,,,,,,,
Naafiri|16.10,Naafiri,16.10,16.9,True,,7,0.7142857142857143,0,0.0,1.5,0.5714285714285714,0.42857142857142855,0.0,6,1.5,0.0,0.0,2.25,0.6666666666666666,0.16666666666666666,0.16666666666666666,0.7857142857142857,0.0,0.0,0.75,9.523809523809524,-26.190476190476186,16.666666666666664
Quinn|16.10,Quinn,16.10,16.9,True,,3,1.3333333333333333,0,0.0,2.0,0.6666666666666666,0.3333333333333333,0.0,3,1.6666666666666667,1,0.5,2.5,0.3333333333333333,0.6666666666666666,0.0,0.3333333333333335,1,0.5,0.5,-33.33333333333333,33.33333333333333,0.0
Shyvana|16.10,Shyvana,16.10,16.9,True,,2,6.0,6.0,3.0,9.0,0.5,0.0,0.5,6,5.5,0.0,0.0,0.75,0.6666666666666666,0.16666666666666666,0.16666666666666666,-0.5,-6.0,-3.0,-8.25,16.666666666666664,16.666666666666664,-33.333333333333336
Wukong|16.10,Wukong,16.10,16.9,True,,0,,,,,,,,0,,,,,,,,,,,,,,
Zed|16.10,Zed,16.10,16.9,True,,10,16.7,8.5,3.0,19.25,0.1,0.3,0.6,12,8.833333333333334,4.0,0.0,16.25,0.3333333333333333,0.25,0.4166666666666667,-7.866666666666665,-4.5,-3.0,-3.0,23.333333333333332,-4.999999999999999,-18.33333333333333
Zeri|16.10,Zeri,16.10,16.9,True,,5,0.4,0,0.0,1.0,0.6,0.4,0.0,2,3.0,3.0,1.5,4.5,0.5,0.0,0.5,2.6,3.0,1.5,3.5,-9.999999999999998,-40.0,50.0
Brand|16.11,Brand,16.11,16.10,True,,15,2.933333333333333,1,0.0,3.0,0.3333333333333333,0.5333333333333333,0.13333333333333333,10,2.2,1.0,0.0,4.75,0.4,0.3,0.3,-0.733333333333333,0.0,0.0,1.75,6.6666666666666705,-23.333333333333332,16.666666666666664
Diana|16.11,Diana,16.11,16.10,True,,10,8.7,0.0,0.0,2.0,0.6,0.2,0.2,16,5.5,0.0,0.0,5.0,0.5625,0.125,0.3125,-3.1999999999999993,0.0,0.0,3.0,-3.749999999999998,-7.500000000000001,11.249999999999998
Ekko|16.11,Ekko,16.11,16.10,True,,7,4.428571428571429,1,0.5,3.5,0.2857142857142857,0.5714285714285714,0.14285714285714285,14,13.071428571428571,3.0,1.0,17.25,0.21428571428571427,0.35714285714285715,0.42857142857142855,8.642857142857142,2.0,0.5,13.75,-7.142857142857142,-21.428571428571423,28.57142857142857
Heimerdinger|16.11,Heimerdinger,16.11,16.10,True,,3,6.0,1,0.5,9.0,0.3333333333333333,0.3333333333333333,0.3333333333333333,3,6.0,0,0.0,9.0,0.6666666666666666,0.0,0.3333333333333333,0.0,-1,-0.5,0.0,33.33333333333333,-33.33333333333333,0.0
Kassadin|16.11,Kassadin,16.11,16.10,True,,3,1.0,1,0.5,1.5,0.3333333333333333,0.6666666666666666,0.0,3,0.3333333333333333,0,0.0,0.5,0.6666666666666666,0.3333333333333333,0.0,-0.6666666666666667,-1,-0.5,-1.0,33.33333333333333,-33.33333333333333,0.0
Quinn|16.11,Quinn,16.11,16.10,True,,3,1.6666666666666667,1,0.5,2.5,0.3333333333333333,0.6666666666666666,0.0,2,1.0,1.0,0.5,1.5,0.5,0.5,0.0,-0.6666666666666667,0.0,0.0,-1.0,16.666666666666668,-16.666666666666664,0.0
Smolder|16.11,Smolder,16.11,16.10,True,,33,5.363636363636363,3,1.0,5.0,0.21212121212121213,0.5151515151515151,0.2727272727272727,18,8.222222222222221,6.0,2.25,12.25,0.2222222222222222,0.2222222222222222,0.5555555555555556,2.858585858585858,3.0,1.25,7.25,1.0101010101010082,-29.292929292929294,28.282828282828287
Teemo|16.11,Teemo,16.11,16.10,True,,14,11.214285714285714,1.0,0.0,3.75,0.42857142857142855,0.35714285714285715,0.21428571428571427,13,8.923076923076923,1,0.0,4.0,0.38461538461538464,0.38461538461538464,0.23076923076923078,-2.29120879120879,0.0,0.0,0.25,-4.395604395604391,2.7472527472527486,1.648351648351651
Xin Zhao|16.11,Xin Zhao,16.11,16.10,True,,0,,,,,,,,0,,,,,,,,,,,,,,
Aatrox|16.12,Aatrox,16.12,16.11,True,,13,7.461538461538462,1,1.0,4.0,0.23076923076923078,0.5384615384615384,0.23076923076923078,11,6.2727272727272725,1,0.0,3.5,0.45454545454545453,0.36363636363636365,0.18181818181818182,-1.1888111888111892,0,-1.0,-0.5,22.377622377622373,-17.48251748251748,-4.895104895104896
Gwen|16.12,Gwen,16.12,16.11,True,,7,5.857142857142857,2,0.0,9.0,0.42857142857142855,0.2857142857142857,0.2857142857142857,5,7.2,1,1.0,12.0,0.2,0.4,0.4,1.3428571428571434,-1,1.0,3.0,-22.857142857142854,11.428571428571432,11.428571428571432
Hwei|16.12,Hwei,16.12,16.11,True,,8,8.375,8.5,0.0,15.25,0.375,0.125,0.5,11,8.454545454545455,4,1.5,15.5,0.18181818181818182,0.36363636363636365,0.45454545454545453,0.07954545454545503,-4.5,1.5,0.25,-19.318181818181817,23.863636363636363,-4.545454545454547
Jax|16.12,Jax,16.12,16.11,True,,13,7.615384615384615,1,0.0,5.0,0.38461538461538464,0.3076923076923077,0.3076923076923077,9,8.88888888888889,1,1.0,3.0,0.2222222222222222,0.5555555555555556,0.2222222222222222,1.2735042735042743,0,1.0,-2.0,-16.239316239316242,24.786324786324787,-8.54700854700855
Lee Sin|16.12,Lee Sin,16.12,16.11,True,,0,,,,,,,,0,,,,,,,,,,,,,,
Nocturne|16.12,Nocturne,16.12,16.11,True,,12,7.666666666666667,6.5,0.0,13.5,0.3333333333333333,0.08333333333333333,0.5833333333333334,8,8.0,6.0,0.0,14.25,0.5,0.0,0.5,0.33333333333333304,-0.5,0.0,0.75,16.666666666666668,-8.333333333333332,-8.333333333333337
Orianna|16.12,Orianna,16.12,16.11,True,,12,4.833333333333333,0.0,0.0,4.5,0.5833333333333334,0.16666666666666666,0.25,11,6.090909090909091,1,1.0,6.5,0.18181818181818182,0.5454545454545454,0.2727272727272727,1.2575757575757578,1.0,1.0,2.0,-40.151515151515156,37.878787878787875,2.2727272727272707
Ryze|16.12,Ryze,16.12,16.11,True,,2,9.5,9.5,6.25,12.75,0.0,0.5,0.5,8,8.0,0.5,0.0,6.75,0.5,0.25,0.25,-1.5,-9.0,-6.25,-6.0,50.0,-25.0,-25.0
Sylas|16.12,Sylas,16.12,16.11,True,,13,5.076923076923077,3,0.0,7.0,0.3076923076923077,0.3076923076923077,0.38461538461538464,21,4.0,2,0.0,7.0,0.38095238095238093,0.3333333333333333,0.2857142857142857,-1.0769230769230766,-1,0.0,0.0,7.326007326007322,2.5641025641025603,-9.890109890109894
Syndra|16.12,Syndra,16.12,16.11,True,,9,7.333333333333333,1,0.0,2.0,0.3333333333333333,0.4444444444444444,0.2222222222222222,10,8.1,1.0,0.0,8.75,0.4,0.3,0.3,0.7666666666666666,0.0,0.0,6.75,6.6666666666666705,-14.444444444444443,7.777777777777778
Tristana|16.12,Tristana,16.12,16.11,True,,5,1.2,0,0.0,1.0,0.6,0.2,0.2,7,1.2857142857142858,0,0.0,1.5,0.7142857142857143,0.14285714285714285,0.14285714285714285,0.08571428571428585,0,0.0,0.5,11.428571428571432,-5.714285714285716,-5.714285714285716
Varus|16.12,Varus,16.12,16.11,True,,5,13.4,1,0.0,11.0,0.4,0.2,0.4,6,19.666666666666668,5.0,1.5,39.25,0.0,0.5,0.5,6.2666666666666675,4.0,1.5,28.25,-40.0,30.0,9.999999999999998
Xin Zhao|16.12,Xin Zhao,16.12,16.11,True,,0,,,,,,,,0,,,,,,,,,,,,,,
Yuumi|16.12,Yuumi,16.12,16.11,True,,4,11.25,0.0,0.0,11.25,0.75,0.0,0.25,6,1.3333333333333333,0.5,0.0,1.0,0.5,0.3333333333333333,0.16666666666666666,-9.916666666666666,0.5,0.0,-10.25,-25.0,33.33333333333333,-8.333333333333334
Aphelios|16.13,Aphelios,16.13,16.12,True,,6,8.166666666666666,7.0,1.75,11.5,0.0,0.5,0.5,8,8.875,7.0,0.75,14.5,0.25,0.25,0.5,0.7083333333333339,0.0,-1.0,3.0,25.0,-25.0,0.0
Bard|16.13,Bard,16.13,16.12,True,,6,6.333333333333333,3.0,0.25,9.5,0.3333333333333333,0.16666666666666666,0.5,10,4.0,2.0,0.0,5.25,0.4,0.3,0.3,-2.333333333333333,-1.0,-0.25,-4.25,6.6666666666666705,13.333333333333334,-20.0
Brand|16.13,Brand,16.13,16.12,True,,14,3.642857142857143,1.0,0.0,6.0,0.5,0.14285714285714285,0.35714285714285715,21,2.3333333333333335,0,0.0,1.0,0.5714285714285714,0.2857142857142857,0.14285714285714285,-1.3095238095238093,-1.0,0.0,-5.0,7.14285714285714,14.285714285714285,-21.42857142857143
Cassiopeia|16.13,Cassiopeia,16.13,16.12,True,,5,8.0,11,2.0,12.0,0.2,0.2,0.6,2,9.5,9.5,7.75,11.25,0.0,0.0,1.0,1.5,-1.5,5.75,-0.75,-20.0,-20.0,40.0
Draven|16.13,Draven,16.13,16.12,True,,7,26.857142857142858,5,2.0,50.5,0.2857142857142857,0.14285714285714285,0.5714285714285714,15,13.266666666666667,5,2.0,15.0,0.2,0.2,0.6,-13.59047619047619,0,0.0,-35.5,-8.57142857142857,5.714285714285716,2.857142857142858
K'Sante|16.13,K'Sante,16.13,16.12,True,,0,,,,,,,,0,,,,,,,,,,,,,,
Kai'Sa|16.13,Kai'Sa,16.13,16.12,True,,0,,,,,,,,0,,,,,,,,,,,,,,
LeBlanc|16.13,LeBlanc,16.13,16.12,True,,0,,,,,,,,0,,,,,,,,,,,,,,
Olaf|16.13,Olaf,16.13,16.12,True,,5,0.8,1,0.0,1.0,0.4,0.6,0.0,7,0.42857142857142855,0,0.0,0.0,0.8571428571428571,0.14285714285714285,0.0,-0.3714285714285715,-1,0.0,-1.0,45.71428571428571,-45.714285714285715,0.0
Poppy|16.13,Poppy,16.13,16.12,True,,5,5.2,1,0.0,4.0,0.4,0.4,0.2,19,2.6842105263157894,0,0.0,1.0,0.5789473684210527,0.21052631578947367,0.21052631578947367,-2.515789473684211,-1,0.0,-3.0,17.894736842105264,-18.947368421052634,1.0526315789473661
Qiyana|16.13,Qiyana,16.13,16.12,True,,5,16.4,8,6.0,30.0,0.0,0.0,1.0,5,18.0,20,7.0,29.0,0.2,0.0,0.8,1.6000000000000014,12,1.0,-1.0,20.0,0.0,-19.999999999999996
Rek'Sai|16.13,Rek'Sai,16.13,16.12,True,,0,,,,,,,,0,,,,,,,,,,,,,,
Rumble|16.13,Rumble,16.13,16.12,True,,6,1.1666666666666667,0.5,0.0,1.0,0.5,0.3333333333333333,0.16666666666666666,4,2.0,1.0,0.0,3.0,0.5,0.25,0.25,0.8333333333333333,0.5,0.0,2.0,0.0,-8.333333333333332,8.333333333333334
Senna|16.13,Senna,16.13,16.12,True,,27,3.4814814814814814,1,0.0,3.5,0.48148148148148145,0.2962962962962963,0.2222222222222222,36,3.9166666666666665,1.0,0.0,5.25,0.3888888888888889,0.3333333333333333,0.2777777777777778,0.4351851851851851,0.0,0.0,1.75,-9.259259259259256,3.7037037037037033,5.555555555555558
Sion|16.13,Sion,16.13,16.12,True,,8,8.5,5.5,1.5,9.75,0.25,0.125,0.625,12,3.6666666666666665,0.0,0.0,2.0,0.5833333333333334,0.25,0.16666666666666666,-4.833333333333334,-5.5,-1.5,-7.75,33.333333333333336,12.5,-45.833333333333336
Vex|16.13,Vex,16.13,16.12,True,,4,22.25,1.0,0.75,22.5,0.25,0.5,0.25,6,15.333333333333334,0.5,0.0,1.75,0.5,0.3333333333333333,0.16666666666666666,-6.916666666666666,-0.5,-0.75,-20.75,25.0,-16.666666666666668,-8.333333333333334
Zaahen|16.13,Zaahen,16.13,16.12,True,,5,8.0,9,3.0,10.0,0.2,0.2,0.6,4,7.75,7.5,1.5,13.75,0.25,0.25,0.5,-0.25,-1.5,-1.5,3.75,4.999999999999999,4.999999999999999,-9.999999999999998
Azir|16.14,Azir,16.14,16.13,True,,5,7.4,5,2.0,13.0,0.2,0.2,0.6,5,7.8,5,3.0,15.0,0.2,0.2,0.6,0.39999999999999947,0,1.0,2.0,0.0,0.0,0.0
Corki|16.14,Corki,16.14,16.13,True,,5,4.2,0,0.0,3.0,0.6,0.2,0.2,5,2.6,0,0.0,0.0,0.8,0.0,0.2,-1.6,0,0.0,-3.0,20.000000000000007,-20.0,0.0
Garen|16.14,Garen,16.14,16.13,True,,25,4.04,0,0.0,4.0,0.56,0.2,0.24,13,5.230769230769231,1,0.0,4.0,0.46153846153846156,0.3076923076923077,0.23076923076923078,1.1907692307692308,1,0.0,0.0,-9.846153846153848,10.76923076923077,-0.9230769230769209
Jayce|16.14,Jayce,16.14,16.13,True,,9,1.4444444444444444,1,0.0,2.0,0.4444444444444444,0.4444444444444444,0.1111111111111111,15,8.333333333333334,3,0.0,4.5,0.4,0.3333333333333333,0.26666666666666666,6.888888888888889,2,0.0,2.5,-4.444444444444439,-11.11111111111111,15.555555555555555
Locke|16.14,Locke,16.14,16.13,True,,24,0.0,0.0,0.0,0.0,1.0,0.0,0.0,17,3.6470588235294117,2,0.0,7.0,0.4117647058823529,0.17647058823529413,0.4117647058823529,3.6470588235294117,2.0,0.0,7.0,-58.82352941176471,17.647058823529413,41.17647058823529
Mordekaiser|16.14,Mordekaiser,16.14,16.13,True,,13,2.3846153846153846,1,0.0,3.0,0.3076923076923077,0.5384615384615384,0.15384615384615385,23,3.0,1,0.0,3.5,0.4782608695652174,0.34782608695652173,0.17391304347826086,0.6153846153846154,0,0.0,0.5,17.05685618729097,-19.06354515050167,2.006688963210701
Nami|16.14,Nami,16.14,16.13,True,,14,17.642857142857142,6.5,3.0,19.25,0.07142857142857142,0.35714285714285715,0.5714285714285714,10,19.6,7.0,3.5,14.25,0.1,0.2,0.7,1.957142857142859,0.5,0.5,-5.0,2.857142857142858,-15.714285714285714,12.857142857142856
Senna|16.14,Senna,16.14,16.13,True,,36,3.9166666666666665,1.0,0.0,5.25,0.3888888888888889,0.3333333333333333,0.2777777777777778,25,5.56,2,0.0,5.0,0.4,0.28,0.32,1.643333333333333,1.0,0.0,-0.25,1.1111111111111127,-5.333333333333329,4.222222222222221
Seraphine|16.14,Seraphine,16.14,16.13,True,,35,8.457142857142857,3,0.0,10.5,0.37142857142857144,0.17142857142857143,0.45714285714285713,25,9.96,4,1.0,14.0,0.2,0.36,0.44,1.5028571428571436,1,1.0,3.5,-17.142857142857142,18.857142857142854,-1.7142857142857126
Yunara|16.14,Yunara,16.14,16.13,True,,12,4.5,1.0,0.0,8.25,0.5,0.08333333333333333,0.4166666666666667,8,5.25,4.0,2.0,5.5,0.125,0.625,0.25,0.75,3.0,2.0,-2.75,-37.5,54.166666666666664,-16.666666666666668
Alistar|16.15,Alistar,16.15,16.14,True,,8,0.375,0.0,0.0,0.25,0.75,0.25,0.0,12,1.8333333333333333,1.0,0.0,2.0,0.3333333333333333,0.5,0.16666666666666666,1.4583333333333333,1.0,0.0,1.75,-41.66666666666667,25.0,16.666666666666664
Bel'Veth|16.15,Bel'Veth,16.15,16.14,True,,0,,,,,,,,0,,,,,,,,,,,,,,
Kai'Sa|16.15,Kai'Sa,16.15,16.14,True,,0,,,,,,,,0,,,,,,,,,,,,,,
Locke|16.15,Locke,16.15,16.14,True,,17,3.6470588235294117,2,0.0,7.0,0.4117647058823529,0.17647058823529413,0.4117647058823529,12,5.416666666666667,3.5,1.75,10.0,0.16666666666666666,0.4166666666666667,0.4166666666666667,1.7696078431372553,1.5,1.75,3.0,-24.509803921568626,24.019607843137255,0.49019607843137636
Maokai|16.15,Maokai,16.15,16.14,True,,4,8.5,5.0,0.75,12.75,0.25,0.25,0.5,7,0.8571428571428571,0,0.0,0.0,0.8571428571428571,0.0,0.14285714285714285,-7.642857142857143,-5.0,-0.75,-12.75,60.71428571428571,-25.0,-35.714285714285715
Mordekaiser|16.15,Mordekaiser,16.15,16.14,True,,23,3.0,1,0.0,3.5,0.4782608695652174,0.34782608695652173,0.17391304347826086,17,2.176470588235294,0,0.0,1.0,0.5882352941176471,0.23529411764705882,0.17647058823529413,-0.8235294117647061,-1,0.0,-2.5,10.997442455242968,-11.253196930946292,0.25575447570332643
Naafiri|16.15,Naafiri,16.15,16.14,True,,11,2.909090909090909,1,0.0,3.5,0.45454545454545453,0.2727272727272727,0.2727272727272727,7,2.4285714285714284,0,0.0,4.0,0.5714285714285714,0.14285714285714285,0.2857142857142857,-0.4805194805194808,-1,0.0,0.5,11.688311688311687,-12.987012987012985,1.2987012987012991
Riven|16.15,Riven,16.15,16.14,True,,9,25.666666666666668,2,0.0,25.0,0.3333333333333333,0.2222222222222222,0.4444444444444444,5,25.2,8,0.0,27.0,0.4,0.0,0.6,-0.46666666666666856,6,0.0,2.0,6.6666666666666705,-22.22222222222222,15.555555555555555
Sylas|16.15,Sylas,16.15,16.14,True,,33,4.757575757575758,3,1.0,6.0,0.24242424242424243,0.3939393939393939,0.36363636363636365,28,4.214285714285714,2.0,1.0,5.25,0.17857142857142858,0.5357142857142857,0.2857142857142857,-0.5432900432900434,-1.0,0.0,-0.75,-6.3852813852813854,14.177489177489178,-7.792207792207795
Volibear|16.15,Volibear,16.15,16.14,True,,8,3.875,1.5,0.75,6.5,0.25,0.375,0.375,9,5.0,3,1.0,6.0,0.2222222222222222,0.4444444444444444,0.3333333333333333,1.125,1.5,0.25,-0.5,-2.777777777777779,6.944444444444442,-4.166666666666669
Zac|16.15,Zac,16.15,16.14,True,,7,30.857142857142858,10,1.0,53.0,0.2857142857142857,0.14285714285714285,0.5714285714285714,6,35.666666666666664,9.0,5.0,73.0,0.16666666666666666,0.0,0.8333333333333334,4.809523809523807,-1.0,4.0,20.0,-11.904761904761903,-14.285714285714285,26.190476190476197
Azir|16.16,Azir,16.16,16.15,True,,6,26.5,22.5,5.75,27.25,0.16666666666666666,0.16666666666666666,0.6666666666666666,8,16.625,1.0,0.0,21.5,0.5,0.125,0.375,-9.875,-21.5,-5.75,-5.75,33.333333333333336,-4.166666666666666,-29.166666666666664
Bel'Veth|16.16,Bel'Veth,16.16,16.15,True,,0,,,,,,,,0,,,,,,,,,,,,,,
Camille|16.16,Camille,16.16,16.15,True,,14,11.428571428571429,2.0,0.0,13.0,0.35714285714285715,0.2857142857142857,0.35714285714285715,14,5.214285714285714,2.5,1.0,8.5,0.21428571428571427,0.42857142857142855,0.35714285714285715,-6.214285714285714,0.5,1.0,-4.5,-14.285714285714288,14.285714285714285,0.0
Gwen|16.16,Gwen,16.16,16.15,True,,2,2.0,2.0,2.0,2.0,0.0,1.0,0.0,8,3.5,0.5,0.0,4.5,0.5,0.25,0.25,1.5,-1.5,-2.0,2.5,50.0,-75.0,25.0
Kennen|16.16,Kennen,16.16,16.15,True,,2,0.0,0.0,0.0,0.0,1.0,0.0,0.0,3,0.0,0,0.0,0.0,1.0,0.0,0.0,0.0,0.0,0.0,0.0,0.0,0.0,0.0
Nasus|16.16,Nasus,16.16,16.15,True,,19,3.1578947368421053,0,0.0,2.0,0.5263157894736842,0.3157894736842105,0.15789473684210525,33,1.9090909090909092,0,0.0,2.0,0.5454545454545454,0.36363636363636365,0.09090909090909091,-1.2488038277511961,0,0.0,0.0,1.9138755980861233,4.784688995215314,-6.698564593301434
Poppy|16.16,Poppy,16.16,16.15,True,,10,4.3,1.0,0.0,1.75,0.4,0.5,0.1,15,3.3333333333333335,0,0.0,2.5,0.5333333333333333,0.3333333333333333,0.13333333333333333,-0.9666666666666663,-1.0,0.0,0.75,13.33333333333333,-16.666666666666668,3.3333333333333326
Aurelion Sol|16.17,Aurelion Sol,16.17,16.16,True,,0,,,,,,,,0,,,,,,,,,,,,,,
Cho'Gath|16.17,Cho'Gath,16.17,16.16,True,,0,,,,,,,,0,,,,,,,,,,,,,,
Graves|16.17,Graves,16.17,16.16,True,,18,1.6111111111111112,0.5,0.0,2.0,0.5,0.3888888888888889,0.1111111111111111,15,3.066666666666667,2,0.0,5.0,0.3333333333333333,0.3333333333333333,0.3333333333333333,1.4555555555555557,1.5,0.0,3.0,-16.666666666666668,-5.555555555555558,22.22222222222222
Irelia|16.17,Irelia,16.17,16.16,True,,9,10.444444444444445,0,0.0,9.0,0.5555555555555556,0.1111111111111111,0.3333333333333333,13,7.461538461538462,0,0.0,2.0,0.6923076923076923,0.07692307692307693,0.23076923076923078,-2.982905982905983,0,0.0,-7.0,13.675213675213671,-3.4188034188034178,-10.256410256410254
LeBlanc|16.17,LeBlanc,16.17,16.16,True,,0,,,,,,,,0,,,,,,,,,,,,,,
Nasus|16.17,Nasus,16.17,16.16,True,,33,1.9090909090909092,0,0.0,2.0,0.5454545454545454,0.36363636363636365,0.09090909090909091,29,2.413793103448276,1,0.0,4.0,0.3793103448275862,0.4482758620689655,0.1724137931034483,0.5047021943573666,1,0.0,2.0,-16.614420062695924,8.463949843260188,8.150470219435737
Nocturne|16.17,Nocturne,16.17,16.16,True,,16,6.3125,2.5,0.0,7.5,0.375,0.25,0.375,13,7.6923076923076925,5,0.0,5.0,0.3076923076923077,0.15384615384615385,0.5384615384615384,1.3798076923076925,2.5,0.0,-2.5,-6.730769230769229,-9.615384615384615,16.346153846153843
Qiyana|16.17,Qiyana,16.17,16.16,True,,6,15.166666666666666,7.5,1.75,29.0,0.3333333333333333,0.0,0.6666666666666666,12,14.75,5.0,0.0,26.5,0.3333333333333333,0.16666666666666666,0.5,-0.4166666666666661,-2.5,-1.75,-2.5,0.0,16.666666666666664,-16.666666666666664
Thresh|16.17,Thresh,16.17,16.16,True,,17,9.294117647058824,2,0.0,10.0,0.4117647058823529,0.11764705882352941,0.47058823529411764,16,3.3125,1.5,0.0,4.25,0.3125,0.4375,0.25,-5.981617647058824,-0.5,0.0,-5.75,-9.926470588235292,31.985294117647058,-22.058823529411764
Trundle|16.17,Trundle,16.17,16.16,True,,4,7.5,4.5,3.0,9.0,0.25,0.25,0.5,4,1.75,1.5,0.0,3.25,0.5,0.5,0.0,-5.75,-3.0,-3.0,-5.75,25.0,25.0,-50.0
Vayne|16.17,Vayne,16.17,16.16,True,,15,5.6,3,0.5,9.0,0.26666666666666666,0.4,0.3333333333333333,9,3.2222222222222223,2,1.0,4.0,0.2222222222222222,0.5555555555555556,0.2222222222222222,-2.3777777777777773,-1,0.5,-5.0,-4.4444444444444455,15.555555555555555,-11.11111111111111
Xerath|16.17,Xerath,16.17,16.16,True,,17,7.176470588235294,1,0.0,4.0,0.47058823529411764,0.29411764705882354,0.23529411764705882,18,7.611111111111111,2.5,0.0,5.75,0.3888888888888889,0.2777777777777778,0.3333333333333333,0.43464052287581634,1.5,0.0,1.75,-8.169934640522875,-1.633986928104575,9.80392156862745
Yasuo|16.17,Yasuo,16.17,16.16,True,,22,8.863636363636363,2.0,0.0,12.75,0.3181818181818182,0.3181818181818182,0.36363636363636365,25,9.16,1,1.0,7.0,0.16,0.52,0.32,0.29636363636363683,-1.0,1.0,-5.75,-15.818181818181817,20.181818181818183,-4.363636363636364
Yone|16.17,Yone,16.17,16.16,True,,19,4.105263157894737,2,0.0,4.5,0.3684210526315789,0.3684210526315789,0.2631578947368421,26,2.9615384615384617,1.5,0.25,3.75,0.2692307692307692,0.5384615384615384,0.19230769230769232,-1.1437246963562755,-0.5,0.25,-0.75,-9.91902834008097,17.00404858299595,-7.085020242914977
