api_patch,riot_patch,published_date_utc,champion_name,event_id,source_url,source_section,inclusion_rule
16.1,26.1,2026-01-07,Akshan,Akshan|16.1,https://www.leagueoflegends.com/en-us/news/game-updates/patch-26-1-notes,Champions (Summoner's Rift),named champion heading with gameplay/balance change in main Champions section
16.1,26.1,2026-01-07,Aphelios,Aphelios|16.1,https://www.leagueoflegends.com/en-us/news/game-updates/patch-26-1-notes,Champions (Summoner's Rift),named champion heading with gameplay/balance change in main Champions section
16.1,26.1,2026-01-07,Ashe,Ashe|16.1,https://www.leagueoflegends.com/en-us/news/game-updates/patch-26-1-notes,Champions (Summoner's Rift),named champion heading with gameplay/balance change in main Champions section
16.1,26.1,2026-01-07,Caitlyn,Caitlyn|16.1,https://www.leagueoflegends.com/en-us/news/game-updates/patch-26-1-notes,Champions (Summoner's Rift),named champion heading with gameplay/balance change in main Champions section
16.1,26.1,2026-01-07,Cassiopeia,Cassiopeia|16.1,https://www.leagueoflegends.com/en-us/news/game-updates/patch-26-1-notes,Champions (Summoner's Rift),named champion heading with gameplay/balance change in main Champions section
16.1,26.1,2026-01-07,Corki,Corki|16.1,https://www.leagueoflegends.com/en-us/news/game-updates/patch-26-1-notes,Champions (Summoner's Rift),named champion heading with gameplay/balance change in main Champions section
16.1,26.1,2026-01-07,Draven,Draven|16.1,https://www.leagueoflegends.com/en-us/news/game-updates/patch-26-1-notes,Champions (Summoner's Rift),named champion heading with gameplay/balance change in main Champions section
16.1,26.1,2026-01-07,Elise,Elise|16.1,https://www.leagueoflegends.com/en-us/news/game-updates/patch-26-1-notes,Champions (Summoner's Rift),named champion heading with gameplay/balance change in main Champions section
16.1,26.1,2026-01-07,Gangplank,Gangplank|16.1,https://www.leagueoflegends.com/en-us/news/game-updates/patch-26-1-notes,Champions (Summoner's Rift),named champion heading with gameplay/balance change in main Champions section
16.1,26.1,2026-01-07,Garen,Garen|16.1,https://www.leagueoflegends.com/en-us/news/game-updates/patch-26-1-notes,Champions (Summoner's Rift),named champion heading with gameplay/balance change in main Champions section
16.1,26.1,2026-01-07,Graves,Graves|16.1,https://www.leagueoflegends.com/en-us/news/game-updates/patch-26-1-notes,Champions (Summoner's Rift),named champion heading with gameplay/balance change in main Champions section
16.1,26.1,2026-01-07,Jax,Jax|16.1,https://www.leagueoflegends.com/en-us/news/game-updates/patch-26-1-notes,Champions (Summoner's Rift),named champion heading with gameplay/balance change in main Champions section
16.1,26.1,2026-01-07,Jhin,Jhin|16.1,https://www.leagueoflegends.com/en-us/news/game-updates/patch-26-1-notes,Champions (Summoner's Rift),named champion heading with gameplay/balance change in main Champions section
16.1,26.1,2026-01-07,Jinx,Jinx|16.1,https://www.leagueoflegends.com/en-us/news/game-updates/patch-26-1-notes,Champions (Summoner's Rift),named champion heading with gameplay/balance change in main Champions section
16.1,26.1,2026-01-07,Kindred,Kindred|16.1,https://www.leagueoflegends.com/en-us/news/game-updates/patch-26-1-notes,Champions (Summoner's Rift),named champion heading with gameplay/balance change in main Champions section
16.1,26.1,2026-01-07,Lucian,Lucian|16.1,https://www.leagueoflegends.com/en-us/news/game-updates/patch-26-1-notes,Champions (Summoner's Rift),named champion heading with gameplay/balance change in main Champions section
16.1,26.1,2026-01-07,Miss Fortune,Miss Fortune|16.1,https://www.leagueoflegends.com/en-us/news/game-updates/patch-26-1-notes,Champions (Summoner's Rift),named champion heading with gameplay/balance change in main Champions section
16.1,26.1,2026-01-07,Nilah,Nilah|16.1,https://www.leagueoflegends.com/en-us/news/game-updates/patch-26-1-notes,Champions (Summoner's Rift),named champion heading with gameplay/balance change in main Champions section
16.1,26.1,2026-01-07,Quinn,Quinn|16.1,https://www.leagueoflegends.com/en-us/news/game-updates/patch-26-1-notes,Champions (Summoner's Rift),named champion heading with gameplay/balance change in main Champions section
16.1,26.1,2026-01-07,Rengar,Rengar|16.1,https://www.leagueoflegends.com/en-us/news/game-updates/patch-26-1-notes,Champions (Summoner's Rift),named champion heading with gameplay/balance change in main Champions section
16.1,26.1,2026-01-07,Samira,Samira|16.1,https://www.leagueoflegends.com/en-us/news/game-updates/patch-26-1-notes,Champions (Summoner's Rift),named champion heading with gameplay/balance change in main Champions section
16.1,26.1,2026-01-07,Senna,Senna|16.1,https://www.leagueoflegends.com/en-us/news/game-updates/patch-26-1-notes,Champions (Summoner's Rift),named champion heading with gameplay/balance change in main Champions section
16.1,26.1,2026-01-07,Shaco,Shaco|16.1,https://www.leagueoflegends.com/en-us/news/game-updates/patch-26-1-notes,Champions (Summoner's Rift),named champion heading with gameplay/balance change in main Champions section
16.1,26.1,2026-01-07,Sivir,Sivir|16.1,https://www.leagueoflegends.com/en-us/news/game-updates/patch-26-1-notes,Champions (Summoner's Rift),named champion heading with gameplay/balance change in main Champions section
16.1,26.1,2026-01-07,Smolder,Smolder|16.1,https://www.leagueoflegends.com/en-us/news/game-updates/patch-26-1-notes,Champions (Summoner's Rift),named champion heading with gameplay/balance change in main Champions section
16.1,26.1,2026-01-07,Tristana,Tristana|16.1,https://www.leagueoflegends.com/en-us/news/game-updates/patch-26-1-notes,Champions (Summoner's Rift),named champion heading with gameplay/balance change in main Champions section
16.1,26.1,2026-01-07,Tryndamere,Tryndamere|16.1,https://www.leagueoflegends.com/en-us/news/game-updates/patch-26-1-notes,Champions (Summoner's Rift),named champion heading with gameplay/balance change in main Champions section
16.1,26.1,2026-01-07,Twitch,Twitch|16.1,https://www.leagueoflegends.com/en-us/news/game-updates/patch-26-1-notes,Champions (Summoner's Rift),named champion heading with gameplay/balance change in main Champions section
16.1,26.1,2026-01-07,Viego,Viego|16.1,https://www.leagueoflegends.com/en-us/news/game-updates/patch-26-1-notes,Champions (Summoner's Rift),named champion heading with gameplay/balance change in main Champions section
16.1,26.1,2026-01-07,Xayah,Xayah|16.1,https://www.leagueoflegends.com/en-us/news/game-updates/patch-26-1-notes,Champions (Summoner's Rift),named champion heading with gameplay/balance change in main Champions section
16.1,26.1,2026-01-07,Yasuo,Yasuo|16.1,https://www.leagueoflegends.com/en-us/news/game-updates/patch-26-1-notes,Champions (Summoner's Rift),named champion heading with gameplay/balance change in main Champions section
16.1,26.1,2026-01-07,Yone,Yone|16.1,https://www.leagueoflegends.com/en-us/news/game-updates/patch-26-1-notes,Champions (Summoner's Rift),named champion heading with gameplay/balance change in main Champions section
16.1,26.1,2026-01-07,Yunara,Yunara|16.1,https://www.leagueoflegends.com/en-us/news/game-updates/patch-26-1-notes,Champions (Summoner's Rift),named champion heading with gameplay/balance change in main Champions section
16.1,26.1,2026-01-07,Zeri,Zeri|16.1,https://www.leagueoflegends.com/en-us/news/game-updates/patch-26-1-notes,Champions (Summoner's Rift),named champion heading with gameplay/balance change in main Champions section
16.2,26.2,2026-01-21,Aatrox,Aatrox|16.2,https://www.leagueoflegends.com/en-us/news/game-updates/patch-26-2-notes,Champions (Summoner's Rift),named champion heading with gameplay/balance change in main Champions section
16.2,26.2,2026-01-21,Ashe,Ashe|16.2,https://www.leagueoflegends.com/en-us/news/game-updates/patch-26-2-notes,Champions (Summoner's Rift),named champion heading with gameplay/balance change in main Champions section
16.2,26.2,2026-01-21,Gwen,Gwen|16.2,https://www.leagueoflegends.com/en-us/news/game-updates/patch-26-2-notes,Champions (Summoner's Rift),named champion heading with gameplay/balance change in main Champions section
16.2,26.2,2026-01-21,Jayce,Jayce|16.2,https://www.leagueoflegends.com/en-us/news/game-updates/patch-26-2-notes,Champions (Summoner's Rift),named champion heading with gameplay/balance change in main Champions section
16.2,26.2,2026-01-21,Lillia,Lillia|16.2,https://www.leagueoflegends.com/en-us/news/game-updates/patch-26-2-notes,Champions (Summoner's Rift),named champion heading with gameplay/balance change in main Champions section
16.2,26.2,2026-01-21,Malphite,Malphite|16.2,https://www.leagueoflegends.com/en-us/news/game-updates/patch-26-2-notes,Champions (Summoner's Rift),named champion heading with gameplay/balance change in main Champions section
16.2,26.2,2026-01-21,Master Yi,Master Yi|16.2,https://www.leagueoflegends.com/en-us/news/game-updates/patch-26-2-notes,Champions (Summoner's Rift),named champion heading with gameplay/balance change in main Champions section
16.2,26.2,2026-01-21,Nunu & Willump,Nunu & Willump|16.2,https://www.leagueoflegends.com/en-us/news/game-updates/patch-26-2-notes,Champions (Summoner's Rift),named champion heading with gameplay/balance change in main Champions section
16.2,26.2,2026-01-21,Sivir,Sivir|16.2,https://www.leagueoflegends.com/en-us/news/game-updates/patch-26-2-notes,Champions (Summoner's Rift),named champion heading with gameplay/balance change in main Champions section
16.2,26.2,2026-01-21,Smolder,Smolder|16.2,https://www.leagueoflegends.com/en-us/news/game-updates/patch-26-2-notes,Champions (Summoner's Rift),named champion heading with gameplay/balance change in main Champions section
16.2,26.2,2026-01-21,Taliyah,Taliyah|16.2,https://www.leagueoflegends.com/en-us/news/game-updates/patch-26-2-notes,Champions (Summoner's Rift),named champion heading with gameplay/balance change in main Champions section
16.2,26.2,2026-01-21,Varus,Varus|16.2,https://www.leagueoflegends.com/en-us/news/game-updates/patch-26-2-notes,Champions (Summoner's Rift),named champion heading with gameplay/balance change in main Champions section
16.2,26.2,2026-01-21,Viego,Viego|16.2,https://www.leagueoflegends.com/en-us/news/game-updates/patch-26-2-notes,Champions (Summoner's Rift),named champion heading with gameplay/balance change in main Champions section
16.2,26.2,2026-01-21,Zed,Zed|16.2,https://www.leagueoflegends.com/en-us/news/game-updates/patch-26-2-notes,Champions (Summoner's Rift),named champion heading with gameplay/balance change in main Champions section
16.3,26.3,2026-02-03,Ahri,Ahri|16.3,https://www.leagueoflegends.com/en-us/news/game-updates/patch-26-3-notes,Champions (Summoner's Rift),named champion heading with gameplay/balance change in main Champions section
16.3,26.3,2026-02-03,Bel'Veth,Bel'Veth|16.3,https://www.leagueoflegends.com/en-us/news/game-updates/patch-26-3-notes,Champions (Summoner's Rift),named champion heading with gameplay/balance change in main Champions section
16.3,26.3,2026-02-03,Braum,Braum|16.3,https://www.leagueoflegends.com/en-us/news/game-updates/patch-26-3-notes,Champions (Summoner's Rift),named champion heading with gameplay/balance change in main Champions section
16.3,26.3,2026-02-03,Briar,Briar|16.3,https://www.leagueoflegends.com/en-us/news/game-updates/patch-26-3-notes,Champions (Summoner's Rift),named champion heading with gameplay/balance change in main Champions section
16.3,26.3,2026-02-03,Diana,Diana|16.3,https://www.leagueoflegends.com/en-us/news/game-updates/patch-26-3-notes,Champions (Summoner's Rift),named champion heading with gameplay/balance change in main Champions section
16.3,26.3,2026-02-03,Draven,Draven|16.3,https://www.leagueoflegends.com/en-us/news/game-updates/patch-26-3-notes,Champions (Summoner's Rift),named champion heading with gameplay/balance change in main Champions section
16.3,26.3,2026-02-03,Ekko,Ekko|16.3,https://www.leagueoflegends.com/en-us/news/game-updates/patch-26-3-notes,Champions (Summoner's Rift),named champion heading with gameplay/balance change in main Champions section
16.3,26.3,2026-02-03,Ezreal,Ezreal|16.3,https://www.leagueoflegends.com/en-us/news/game-updates/patch-26-3-notes,Champions (Summoner's Rift),named champion heading with gameplay/balance change in main Champions section
16.3,26.3,2026-02-03,Hecarim,Hecarim|16.3,https://www.leagueoflegends.com/en-us/news/game-updates/patch-26-3-notes,Champions (Summoner's Rift),named champion heading with gameplay/balance change in main Champions section
16.3,26.3,2026-02-03,Heimerdinger,Heimerdinger|16.3,https://www.leagueoflegends.com/en-us/news/game-updates/patch-26-3-notes,Champions (Summoner's Rift),named champion heading with gameplay/balance change in main Champions section
16.3,26.3,2026-02-03,Jayce,Jayce|16.3,https://www.leagueoflegends.com/en-us/news/game-updates/patch-26-3-notes,Champions (Summoner's Rift),named champion heading with gameplay/balance change in main Champions section
16.3,26.3,2026-02-03,Kayn,Kayn|16.3,https://www.leagueoflegends.com/en-us/news/game-updates/patch-26-3-notes,Champions (Summoner's Rift),named champion heading with gameplay/balance change in main Champions section
16.3,26.3,2026-02-03,Maokai,Maokai|16.3,https://www.leagueoflegends.com/en-us/news/game-updates/patch-26-3-notes,Champions (Summoner's Rift),named champion heading with gameplay/balance change in main Champions section
16.3,26.3,2026-02-03,Mel,Mel|16.3,https://www.leagueoflegends.com/en-us/news/game-updates/patch-26-3-notes,Champions (Summoner's Rift),named champion heading with gameplay/balance change in main Champions section
16.3,26.3,2026-02-03,Naafiri,Naafiri|16.3,https://www.leagueoflegends.com/en-us/news/game-updates/patch-26-3-notes,Champions (Summoner's Rift),named champion heading with gameplay/balance change in main Champions section
16.3,26.3,2026-02-03,Nilah,Nilah|16.3,https://www.leagueoflegends.com/en-us/news/game-updates/patch-26-3-notes,Champions (Summoner's Rift),named champion heading with gameplay/balance change in main Champions section
16.3,26.3,2026-02-03,Riven,Riven|16.3,https://www.leagueoflegends.com/en-us/news/game-updates/patch-26-3-notes,Champions (Summoner's Rift),named champion heading with gameplay/balance change in main Champions section
16.3,26.3,2026-02-03,Ryze,Ryze|16.3,https://www.leagueoflegends.com/en-us/news/game-updates/patch-26-3-notes,Champions (Summoner's Rift),named champion heading with gameplay/balance change in main Champions section
16.3,26.3,2026-02-03,Trundle,Trundle|16.3,https://www.leagueoflegends.com/en-us/news/game-updates/patch-26-3-notes,Champions (Summoner's Rift),named champion heading with gameplay/balance change in main Champions section
16.3,26.3,2026-02-03,Tryndamere,Tryndamere|16.3,https://www.leagueoflegends.com/en-us/news/game-updates/patch-26-3-notes,Champions (Summoner's Rift),named champion heading with gameplay/balance change in main Champions section
16.3,26.3,2026-02-03,Varus,Varus|16.3,https://www.leagueoflegends.com/en-us/news/game-updates/patch-26-3-notes,Champions (Summoner's Rift),named champion heading with gameplay/balance change in main Champions section
16.3,26.3,2026-02-03,Vi,Vi|16.3,https://www.leagueoflegends.com/en-us/news/game-updates/patch-26-3-notes,Champions (Summoner's Rift),named champion heading with gameplay/balance change in main Champions section
16.3,26.3,2026-02-03,Volibear,Volibear|16.3,https://www.leagueoflegends.com/en-us/news/game-updates/patch-26-3-notes,Champions (Summoner's Rift),named champion heading with gameplay/balance change in main Champions section
16.3,26.3,2026-02-03,Xin Zhao,Xin Zhao|16.3,https://www.leagueoflegends.com/en-us/news/game-updates/patch-26-3-notes,Champions (Summoner's Rift),named champion heading with gameplay/balance change in main Champions section
16.3,26.3,2026-02-03,Yone,Yone|16.3,https://www.leagueoflegends.com/en-us/news/game-updates/patch-26-3-notes,Champions (Summoner's Rift),named champion heading with gameplay/balance change in main Champions section
16.3,26.3,2026-02-03,Zaahen,Zaahen|16.3,https://www.leagueoflegends.com/en-us/news/game-updates/patch-26-3-notes,Champions (Summoner's Rift),named champion heading with gameplay/balance change in main Champions section
16.3,26.3,2026-02-03,Zed,Zed|16.3,https://www.leagueoflegends.com/en-us/news/game-updates/patch-26-3-notes,Champions (Summoner's Rift),named champion heading with gameplay/balance change in main Champions section
16.4,26.4,2026-02-18,Ambessa,Ambessa|16.4,https://www.leagueoflegends.com/en-us/news/game-updates/league-of-legends-patch-26-4-notes,Champions (Summoner's Rift),named champion heading with gameplay/balance change in main Champions section
16.4,26.4,2026-02-18,Annie,Annie|16.4,https://www.leagueoflegends.com/en-us/news/game-updates/league-of-legends-patch-26-4-notes,Champions (Summoner's Rift),named champion heading with gameplay/balance change in main Champions section
16.4,26.4,2026-02-18,Aphelios,Aphelios|16.4,https://www.leagueoflegends.com/en-us/news/game-updates/league-of-legends-patch-26-4-notes,Champions (Summoner's Rift),named champion heading with gameplay/balance change in main Champions section
16.4,26.4,2026-02-18,Brand,Brand|16.4,https://www.leagueoflegends.com/en-us/news/game-updates/league-of-legends-patch-26-4-notes,Champions (Summoner's Rift),named champion heading with gameplay/balance change in main Champions section
16.4,26.4,2026-02-18,Braum,Braum|16.4,https://www.leagueoflegends.com/en-us/news/game-updates/league-of-legends-patch-26-4-notes,Champions (Summoner's Rift),named champion heading with gameplay/balance change in main Champions section
16.4,26.4,2026-02-18,Camille,Camille|16.4,https://www.leagueoflegends.com/en-us/news/game-updates/league-of-legends-patch-26-4-notes,Champions (Summoner's Rift),named champion heading with gameplay/balance change in main Champions section
16.4,26.4,2026-02-18,Darius,Darius|16.4,https://www.leagueoflegends.com/en-us/news/game-updates/league-of-legends-patch-26-4-notes,Champions (Summoner's Rift),named champion heading with gameplay/balance change in main Champions section
16.4,26.4,2026-02-18,Fizz,Fizz|16.4,https://www.leagueoflegends.com/en-us/news/game-updates/league-of-legends-patch-26-4-notes,Champions (Summoner's Rift),named champion heading with gameplay/balance change in main Champions section
16.4,26.4,2026-02-18,Graves,Graves|16.4,https://www.leagueoflegends.com/en-us/news/game-updates/league-of-legends-patch-26-4-notes,Champions (Summoner's Rift),named champion heading with gameplay/balance change in main Champions section
16.4,26.4,2026-02-18,Gwen,Gwen|16.4,https://www.leagueoflegends.com/en-us/news/game-updates/league-of-legends-patch-26-4-notes,Champions (Summoner's Rift),named champion heading with gameplay/balance change in main Champions section
16.4,26.4,2026-02-18,Hwei,Hwei|16.4,https://www.leagueoflegends.com/en-us/news/game-updates/league-of-legends-patch-26-4-notes,Champions (Summoner's Rift),named champion heading with gameplay/balance change in main Champions section
16.4,26.4,2026-02-18,Illaoi,Illaoi|16.4,https://www.leagueoflegends.com/en-us/news/game-updates/league-of-legends-patch-26-4-notes,Champions (Summoner's Rift),named champion heading with gameplay/balance change in main Champions section
16.4,26.4,2026-02-18,Jinx,Jinx|16.4,https://www.leagueoflegends.com/en-us/news/game-updates/league-of-legends-patch-26-4-notes,Champions (Summoner's Rift),named champion heading with gameplay/balance change in main Champions section
16.4,26.4,2026-02-18,Kassadin,Kassadin|16.4,https://www.leagueoflegends.com/en-us/news/game-updates/league-of-legends-patch-26-4-notes,Champions (Summoner's Rift),named champion heading with gameplay/balance change in main Champions section
16.4,26.4,2026-02-18,Kayle,Kayle|16.4,https://www.leagueoflegends.com/en-us/news/game-updates/league-of-legends-patch-26-4-notes,Champions (Summoner's Rift),named champion heading with gameplay/balance change in main Champions section
16.4,26.4,2026-02-18,Kennen,Kennen|16.4,https://www.leagueoflegends.com/en-us/news/game-updates/league-of-legends-patch-26-4-notes,Champions (Summoner's Rift),named champion heading with gameplay/balance change in main Champions section
16.4,26.4,2026-02-18,Lee Sin,Lee Sin|16.4,https://www.leagueoflegends.com/en-us/news/game-updates/league-of-legends-patch-26-4-notes,Champions (Summoner's Rift),named champion heading with gameplay/balance change in main Champions section
16.4,26.4,2026-02-18,Lux,Lux|16.4,https://www.leagueoflegends.com/en-us/news/game-updates/league-of-legends-patch-26-4-notes,Champions (Summoner's Rift),named champion heading with gameplay/balance change in main Champions section
16.4,26.4,2026-02-18,Maokai,Maokai|16.4,https://www.leagueoflegends.com/en-us/news/game-updates/league-of-legends-patch-26-4-notes,Champions (Summoner's Rift),named champion heading with gameplay/balance change in main Champions section
16.4,26.4,2026-02-18,Naafiri,Naafiri|16.4,https://www.leagueoflegends.com/en-us/news/game-updates/league-of-legends-patch-26-4-notes,Champions (Summoner's Rift),named champion heading with gameplay/balance change in main Champions section
16.4,26.4,2026-02-18,Qiyana,Qiyana|16.4,https://www.leagueoflegends.com/en-us/news/game-updates/league-of-legends-patch-26-4-notes,Champions (Summoner's Rift),named champion heading with gameplay/balance change in main Champions section
16.4,26.4,2026-02-18,Rengar,Rengar|16.4,https://www.leagueoflegends.com/en-us/news/game-updates/league-of-legends-patch-26-4-notes,Champions (Summoner's Rift),named champion heading with gameplay/balance change in main Champions section
16.4,26.4,2026-02-18,Rumble,Rumble|16.4,https://www.leagueoflegends.com/en-us/news/game-updates/league-of-legends-patch-26-4-notes,Champions (Summoner's Rift),named champion heading with gameplay/balance change in main Champions section
16.4,26.4,2026-02-18,Ryze,Ryze|16.4,https://www.leagueoflegends.com/en-us/news/game-updates/league-of-legends-patch-26-4-notes,Champions (Summoner's Rift),named champion heading with gameplay/balance change in main Champions section
16.4,26.4,2026-02-18,Samira,Samira|16.4,https://www.leagueoflegends.com/en-us/news/game-updates/league-of-legends-patch-26-4-notes,Champions (Summoner's Rift),named champion heading with gameplay/balance change in main Champions section
16.4,26.4,2026-02-18,Senna,Senna|16.4,https://www.leagueoflegends.com/en-us/news/game-updates/league-of-legends-patch-26-4-notes,Champions (Summoner's Rift),named champion heading with gameplay/balance change in main Champions section
16.4,26.4,2026-02-18,Swain,Swain|16.4,https://www.leagueoflegends.com/en-us/news/game-updates/league-of-legends-patch-26-4-notes,Champions (Summoner's Rift),named champion heading with gameplay/balance change in main Champions section
16.4,26.4,2026-02-18,Syndra,Syndra|16.4,https://www.leagueoflegends.com/en-us/news/game-updates/league-of-legends-patch-26-4-notes,Champions (Summoner's Rift),named champion heading with gameplay/balance change in main Champions section
16.4,26.4,2026-02-18,Teemo,Teemo|16.4,https://www.leagueoflegends.com/en-us/news/game-updates/league-of-legends-patch-26-4-notes,Champions (Summoner's Rift),named champion heading with gameplay/balance change in main Champions section
16.4,26.4,2026-02-18,Twitch,Twitch|16.4,https://www.leagueoflegends.com/en-us/news/game-updates/league-of-legends-patch-26-4-notes,Champions (Summoner's Rift),named champion heading with gameplay/balance change in main Champions section
16.4,26.4,2026-02-18,Udyr,Udyr|16.4,https://www.leagueoflegends.com/en-us/news/game-updates/league-of-legends-patch-26-4-notes,Champions (Summoner's Rift),named champion heading with gameplay/balance change in main Champions section
16.4,26.4,2026-02-18,Xayah,Xayah|16.4,https://www.leagueoflegends.com/en-us/news/game-updates/league-of-legends-patch-26-4-notes,Champions (Summoner's Rift),named champion heading with gameplay/balance change in main Champions section
16.4,26.4,2026-02-18,Zac,Zac|16.4,https://www.leagueoflegends.com/en-us/news/game-updates/league-of-legends-patch-26-4-notes,Champions (Summoner's Rift),named champion heading with gameplay/balance change in main Champions section
16.5,26.5,2026-03-03,Akali,Akali|16.5,https://www.leagueoflegends.com/en-us/news/game-updates/league-of-legends-patch-26-5-notes,Champions (Summoner's Rift),named champion heading with gameplay/balance change in main Champions section
16.5,26.5,2026-03-03,Azir,Azir|16.5,https://www.leagueoflegends.com/en-us/news/game-updates/league-of-legends-patch-26-5-notes,Champions (Summoner's Rift),named champion heading with gameplay/balance change in main Champions section
16.5,26.5,2026-03-03,Garen,Garen|16.5,https://www.leagueoflegends.com/en-us/news/game-updates/league-of-legends-patch-26-5-notes,Champions (Summoner's Rift),named champion heading with gameplay/balance change in main Champions section
16.5,26.5,2026-03-03,Lee Sin,Lee Sin|16.5,https://www.leagueoflegends.com/en-us/news/game-updates/league-of-legends-patch-26-5-notes,Champions (Summoner's Rift),named champion heading with gameplay/balance change in main Champions section
16.5,26.5,2026-03-03,Lillia,Lillia|16.5,https://www.leagueoflegends.com/en-us/news/game-updates/league-of-legends-patch-26-5-notes,Champions (Summoner's Rift),named champion heading with gameplay/balance change in main Champions section
16.5,26.5,2026-03-03,Mel,Mel|16.5,https://www.leagueoflegends.com/en-us/news/game-updates/league-of-legends-patch-26-5-notes,Champions (Summoner's Rift),named champion heading with gameplay/balance change in main Champions section
16.5,26.5,2026-03-03,Neeko,Neeko|16.5,https://www.leagueoflegends.com/en-us/news/game-updates/league-of-legends-patch-26-5-notes,Champions (Summoner's Rift),named champion heading with gameplay/balance change in main Champions section
16.5,26.5,2026-03-03,Nocturne,Nocturne|16.5,https://www.leagueoflegends.com/en-us/news/game-updates/league-of-legends-patch-26-5-notes,Champions (Summoner's Rift),named champion heading with gameplay/balance change in main Champions section
16.5,26.5,2026-03-03,Orianna,Orianna|16.5,https://www.leagueoflegends.com/en-us/news/game-updates/league-of-legends-patch-26-5-notes,Champions (Summoner's Rift),named champion heading with gameplay/balance change in main Champions section
16.5,26.5,2026-03-03,Samira,Samira|16.5,https://www.leagueoflegends.com/en-us/news/game-updates/league-of-legends-patch-26-5-notes,Champions (Summoner's Rift),named champion heading with gameplay/balance change in main Champions section
16.5,26.5,2026-03-03,Taliyah,Taliyah|16.5,https://www.leagueoflegends.com/en-us/news/game-updates/league-of-legends-patch-26-5-notes,Champions (Summoner's Rift),named champion heading with gameplay/balance change in main Champions section
16.5,26.5,2026-03-03,Varus,Varus|16.5,https://www.leagueoflegends.com/en-us/news/game-updates/league-of-legends-patch-26-5-notes,Champions (Summoner's Rift),named champion heading with gameplay/balance change in main Champions section
16.5,26.5,2026-03-03,Volibear,Volibear|16.5,https://www.leagueoflegends.com/en-us/news/game-updates/league-of-legends-patch-26-5-notes,Champions (Summoner's Rift),named champion heading with gameplay/balance change in main Champions section
16.6,26.6,2026-03-17,Ahri,Ahri|16.6,https://www.leagueoflegends.com/en-us/news/game-updates/league-of-legends-patch-26-6-notes,Champions (Summoner's Rift),named champion heading with gameplay/balance change in main Champions section
16.6,26.6,2026-03-17,Azir,Azir|16.6,https://www.leagueoflegends.com/en-us/news/game-updates/league-of-legends-patch-26-6-notes,Champions (Summoner's Rift),named champion heading with gameplay/balance change in main Champions section
16.6,26.6,2026-03-17,Cassiopeia,Cassiopeia|16.6,https://www.leagueoflegends.com/en-us/news/game-updates/league-of-legends-patch-26-6-notes,Champions (Summoner's Rift),named champion heading with gameplay/balance change in main Champions section
16.6,26.6,2026-03-17,Lissandra,Lissandra|16.6,https://www.leagueoflegends.com/en-us/news/game-updates/league-of-legends-patch-26-6-notes,Champions (Summoner's Rift),named champion heading with gameplay/balance change in main Champions section
16.6,26.6,2026-03-17,Olaf,Olaf|16.6,https://www.leagueoflegends.com/en-us/news/game-updates/league-of-legends-patch-26-6-notes,Champions (Summoner's Rift),named champion heading with gameplay/balance change in main Champions section
16.6,26.6,2026-03-17,Pyke,Pyke|16.6,https://www.leagueoflegends.com/en-us/news/game-updates/league-of-legends-patch-26-6-notes,Champions (Summoner's Rift),named champion heading with gameplay/balance change in main Champions section
16.6,26.6,2026-03-17,Shen,Shen|16.6,https://www.leagueoflegends.com/en-us/news/game-updates/league-of-legends-patch-26-6-notes,Champions (Summoner's Rift),named champion heading with gameplay/balance change in main Champions section
16.6,26.6,2026-03-17,Skarner,Skarner|16.6,https://www.leagueoflegends.com/en-us/news/game-updates/league-of-legends-patch-26-6-notes,Champions (Summoner's Rift),named champion heading with gameplay/balance change in main Champions section
16.6,26.6,2026-03-17,Tryndamere,Tryndamere|16.6,https://www.leagueoflegends.com/en-us/news/game-updates/league-of-legends-patch-26-6-notes,Champions (Summoner's Rift),named champion heading with gameplay/balance change in main Champions section
16.6,26.6,2026-03-17,Zaahen,Zaahen|16.6,https://www.leagueoflegends.com/en-us/news/game-updates/league-of-legends-patch-26-6-notes,Champions (Summoner's Rift),named champion heading with gameplay/balance change in main Champions section
16.7,26.7,2026-03-31,Cassiopeia,Cassiopeia|16.7,https://www.leagueoflegends.com/en-us/news/game-updates/league-of-legends-patch-26-7-notes,Champions (Summoner's Rift),named champion heading with gameplay/balance change in main Champions section
16.7,26.7,2026-03-31,Graves,Graves|16.7,https://www.leagueoflegends.com/en-us/news/game-updates/league-of-legends-patch-26-7-notes,Champions (Summoner's Rift),named champion heading with gameplay/balance change in main Champions section
16.7,26.7,2026-03-31,Kalista,Kalista|16.7,https://www.leagueoflegends.com/en-us/news/game-updates/league-of-legends-patch-26-7-notes,Champions (Summoner's Rift),named champion heading with gameplay/balance change in main Champions section
16.7,26.7,2026-03-31,Karma,Karma|16.7,https://www.leagueoflegends.com/en-us/news/game-updates/league-of-legends-patch-26-7-notes,Champions (Summoner's Rift),named champion heading with gameplay/balance change in main Champions section
16.7,26.7,2026-03-31,Nami,Nami|16.7,https://www.leagueoflegends.com/en-us/news/game-updates/league-of-legends-patch-26-7-notes,Champions (Summoner's Rift),named champion heading with gameplay/balance change in main Champions section
16.7,26.7,2026-03-31,Ornn,Ornn|16.7,https://www.leagueoflegends.com/en-us/news/game-updates/league-of-legends-patch-26-7-notes,Champions (Summoner's Rift),named champion heading with gameplay/balance change in main Champions section
16.7,26.7,2026-03-31,Rell,Rell|16.7,https://www.leagueoflegends.com/en-us/news/game-updates/league-of-legends-patch-26-7-notes,Champions (Summoner's Rift),named champion heading with gameplay/balance change in main Champions section
16.7,26.7,2026-03-31,Shyvana,Shyvana|16.7,https://www.leagueoflegends.com/en-us/news/game-updates/league-of-legends-patch-26-7-notes,Champions (Summoner's Rift),named champion heading with gameplay/balance change in main Champions section
16.7,26.7,2026-03-31,Singed,Singed|16.7,https://www.leagueoflegends.com/en-us/news/game-updates/league-of-legends-patch-26-7-notes,Champions (Summoner's Rift),named champion heading with gameplay/balance change in main Champions section
16.7,26.7,2026-03-31,Veigar,Veigar|16.7,https://www.leagueoflegends.com/en-us/news/game-updates/league-of-legends-patch-26-7-notes,Champions (Summoner's Rift),named champion heading with gameplay/balance change in main Champions section
16.8,26.8,2026-04-14,Dr. Mundo,Dr. Mundo|16.8,https://www.leagueoflegends.com/en-us/news/game-updates/league-of-legends-patch-26-8-notes,Champions (Summoner's Rift),named champion heading with gameplay/balance change in main Champions section
16.8,26.8,2026-04-14,Hwei,Hwei|16.8,https://www.leagueoflegends.com/en-us/news/game-updates/league-of-legends-patch-26-8-notes,Champions (Summoner's Rift),named champion heading with gameplay/balance change in main Champions section
16.8,26.8,2026-04-14,Karma,Karma|16.8,https://www.leagueoflegends.com/en-us/news/game-updates/league-of-legends-patch-26-8-notes,Champions (Summoner's Rift),named champion heading with gameplay/balance change in main Champions section
16.8,26.8,2026-04-14,Lillia,Lillia|16.8,https://www.leagueoflegends.com/en-us/news/game-updates/league-of-legends-patch-26-8-notes,Champions (Summoner's Rift),named champion heading with gameplay/balance change in main Champions section
16.8,26.8,2026-04-14,Lucian,Lucian|16.8,https://www.leagueoflegends.com/en-us/news/game-updates/league-of-legends-patch-26-8-notes,Champions (Summoner's Rift),named champion heading with gameplay/balance change in main Champions section
16.8,26.8,2026-04-14,Mel,Mel|16.8,https://www.leagueoflegends.com/en-us/news/game-updates/league-of-legends-patch-26-8-notes,Champions (Summoner's Rift),named champion heading with gameplay/balance change in main Champions section
16.8,26.8,2026-04-14,Tahm Kench,Tahm Kench|16.8,https://www.leagueoflegends.com/en-us/news/game-updates/league-of-legends-patch-26-8-notes,Champions (Summoner's Rift),named champion heading with gameplay/balance change in main Champions section
16.8,26.8,2026-04-14,Yuumi,Yuumi|16.8,https://www.leagueoflegends.com/en-us/news/game-updates/league-of-legends-patch-26-8-notes,Champions (Summoner's Rift),named champion heading with gameplay/balance change in main Champions section
16.8,26.8,2026-04-14,Zilean,Zilean|16.8,https://www.leagueoflegends.com/en-us/news/game-updates/league-of-legends-patch-26-8-notes,Champions (Summoner's Rift),named champion heading with gameplay/balance change in main Champions section
16.8,26.8,2026-04-14,Zyra,Zyra|16.8,https://www.leagueoflegends.com/en-us/news/game-updates/league-of-legends-patch-26-8-notes,Champions (Summoner's Rift),named champion heading with gameplay/balance change in main Champions section
16.9,26.9,2026-04-28,Ambessa,Ambessa|16.9,https://www.leagueoflegends.com/en-us/news/game-updates/league-of-legends-patch-26-9-notes,Champions (Summoner's Rift),named champion heading with gameplay/balance change in main Champions section
16.9,26.9,2026-04-28,Briar,Briar|16.9,https://www.leagueoflegends.com/en-us/news/game-updates/league-of-legends-patch-26-9-notes,Champions (Summoner's Rift),named champion heading with gameplay/balance change in main Champions section
16.9,26.9,2026-04-28,Ezreal,Ezreal|16.9,https://www.leagueoflegends.com/en-us/news/game-updates/league-of-legends-patch-26-9-notes,Champions (Summoner's Rift),named champion heading with gameplay/balance change in main Champions section
16.9,26.9,2026-04-28,Gragas,Gragas|16.9,https://www.leagueoflegends.com/en-us/news/game-updates/league-of-legends-patch-26-9-notes,Champions (Summoner's Rift),named champion heading with gameplay/balance change in main Champions section
16.9,26.9,2026-04-28,Kennen,Kennen|16.9,https://www.leagueoflegends.com/en-us/news/game-updates/league-of-legends-patch-26-9-notes,Champions (Summoner's Rift),named champion heading with gameplay/balance change in main Champions section
16.9,26.9,2026-04-28,Shyvana,Shyvana|16.9,https://www.leagueoflegends.com/en-us/news/game-updates/league-of-legends-patch-26-9-notes,Champions (Summoner's Rift),named champion heading with gameplay/balance change in main Champions section
16.9,26.9,2026-04-28,Tahm Kench,Tahm Kench|16.9,https://www.leagueoflegends.com/en-us/news/game-updates/league-of-legends-patch-26-9-notes,Champions (Summoner's Rift),named champion heading with gameplay/balance change in main Champions section
16.9,26.9,2026-04-28,Taliyah,Taliyah|16.9,https://www.leagueoflegends.com/en-us/news/game-updates/league-of-legends-patch-26-9-notes,Champions (Summoner's Rift),named champion heading with gameplay/balance change in main Champions section
16.9,26.9,2026-04-28,Teemo,Teemo|16.9,https://www.leagueoflegends.com/en-us/news/game-updates/league-of-legends-patch-26-9-notes,Champions (Summoner's Rift),named champion heading with gameplay/balance change in main Champions section
16.9,26.9,2026-04-28,Udyr,Udyr|16.9,https://www.leagueoflegends.com/en-us/news/game-updates/league-of-legends-patch-26-9-notes,Champions (Summoner's Rift),named champion heading with gameplay/balance change in main Champions section
16.9,26.9,2026-04-28,Warwick,Warwick|16.9,https://www.leagueoflegends.com/en-us/news/game-updates/league-of-legends-patch-26-9-notes,Champions (Summoner's Rift),named champion heading with gameplay/balance change in main Champions section
16.9,26.9,2026-04-28,Xin Zhao,Xin Zhao|16.9,https://www.leagueoflegends.com/en-us/news/game-updates/league-of-legends-patch-26-9-notes,Champions (Summoner's Rift),named champion heading with gameplay/balance change in main Champions section
16.9,26.9,2026-04-28,Zeri,Zeri|16.9,https://www.leagueoflegends.com/en-us/news/game-updates/league-of-legends-patch-26-9-notes,Champions (Summoner's Rift),named champion heading with gameplay/balance change in main Champions section
16.9,26.9,2026-04-28,Zoe,Zoe|16.9,https://www.leagueoflegends.com/en-us/news/game-updates/league-of-legends-patch-26-9-notes,Champions (Summoner's Rift),named champion heading with gameplay/balance change in main Champions section
16.10,26.10,2026-05-12,Ambessa,Ambessa|16.10,https://www.leagueoflegends.com/en-us/news/game-updates/league-of-legends-patch-26-10-notes,Champions (Summoner's Rift),named champion heading with gameplay/balance change in main Champions section
16.10,26.10,2026-05-12,Anivia,Anivia|16.10,https://www.leagueoflegends.com/en-us/news/game-updates/league-of-legends-patch-26-10-notes,Champions (Summoner's Rift),named champion heading with gameplay/balance change in main Champions section
16.10,26.10,2026-05-12,Ashe,Ashe|16.10,https://www.leagueoflegends.com/en-us/news/game-updates/league-of-legends-patch-26-10-notes,Champions (Summoner's Rift),named champion heading with gameplay/balance change in main Champions section
16.10,26.10,2026-05-12,Galio,Galio|16.10,https://www.leagueoflegends.com/en-us/news/game-updates/league-of-legends-patch-26-10-notes,Champions (Summoner's Rift),named champion heading with gameplay/balance change in main Champions section
16.10,26.10,2026-05-12,Lee Sin,Lee Sin|16.10,https://www.leagueoflegends.com/en-us/news/game-updates/league-of-legends-patch-26-10-notes,Champions (Summoner's Rift),named champion heading with gameplay/balance change in main Champions section
16.10,26.10,2026-05-12,Naafiri,Naafiri|16.10,https://www.leagueoflegends.com/en-us/news/game-updates/league-of-legends-patch-26-10-notes,Champions (Summoner's Rift),named champion heading with gameplay/balance change in main Champions section
16.10,26.10,2026-05-12,Quinn,Quinn|16.10,https://www.leagueoflegends.com/en-us/news/game-updates/league-of-legends-patch-26-10-notes,Champions (Summoner's Rift),named champion heading with gameplay/balance change in main Champions section
16.10,26.10,2026-05-12,Shyvana,Shyvana|16.10,https://www.leagueoflegends.com/en-us/news/game-updates/league-of-legends-patch-26-10-notes,Champions (Summoner's Rift),named champion heading with gameplay/balance change in main Champions section
16.10,26.10,2026-05-12,Wukong,Wukong|16.10,https://www.leagueoflegends.com/en-us/news/game-updates/league-of-legends-patch-26-10-notes,Champions (Summoner's Rift),named champion heading with gameplay/balance change in main Champions section
16.10,26.10,2026-05-12,Zed,Zed|16.10,https://www.leagueoflegends.com/en-us/news/game-updates/league-of-legends-patch-26-10-notes,Champions (Summoner's Rift),named champion heading with gameplay/balance change in main Champions section
16.10,26.10,2026-05-12,Zeri,Zeri|16.10,https://www.leagueoflegends.com/en-us/news/game-updates/league-of-legends-patch-26-10-notes,Champions (Summoner's Rift),named champion heading with gameplay/balance change in main Champions section
16.11,26.11,2026-05-27,Brand,Brand|16.11,https://www.leagueoflegends.com/en-us/news/game-updates/league-of-legends-patch-26-11-notes/,Champions (Summoner's Rift),named champion heading with gameplay/balance change in main Champions section
16.11,26.11,2026-05-27,Diana,Diana|16.11,https://www.leagueoflegends.com/en-us/news/game-updates/league-of-legends-patch-26-11-notes/,Champions (Summoner's Rift),named champion heading with gameplay/balance change in main Champions section
16.11,26.11,2026-05-27,Ekko,Ekko|16.11,https://www.leagueoflegends.com/en-us/news/game-updates/league-of-legends-patch-26-11-notes/,Champions (Summoner's Rift),named champion heading with gameplay/balance change in main Champions section
16.11,26.11,2026-05-27,Heimerdinger,Heimerdinger|16.11,https://www.leagueoflegends.com/en-us/news/game-updates/league-of-legends-patch-26-11-notes/,Champions (Summoner's Rift),named champion heading with gameplay/balance change in main Champions section
16.11,26.11,2026-05-27,Kassadin,Kassadin|16.11,https://www.leagueoflegends.com/en-us/news/game-updates/league-of-legends-patch-26-11-notes/,Champions (Summoner's Rift),named champion heading with gameplay/balance change in main Champions section
16.11,26.11,2026-05-27,Quinn,Quinn|16.11,https://www.leagueoflegends.com/en-us/news/game-updates/league-of-legends-patch-26-11-notes/,Champions (Summoner's Rift),named champion heading with gameplay/balance change in main Champions section
16.11,26.11,2026-05-27,Smolder,Smolder|16.11,https://www.leagueoflegends.com/en-us/news/game-updates/league-of-legends-patch-26-11-notes/,Champions (Summoner's Rift),named champion heading with gameplay/balance change in main Champions section
16.11,26.11,2026-05-27,Teemo,Teemo|16.11,https://www.leagueoflegends.com/en-us/news/game-updates/league-of-legends-patch-26-11-notes/,Champions (Summoner's Rift),named champion heading with gameplay/balance change in main Champions section
16.11,26.11,2026-05-27,Xin Zhao,Xin Zhao|16.11,https://www.leagueoflegends.com/en-us/news/game-updates/league-of-legends-patch-26-11-notes/,Champions (Summoner's Rift),named champion heading with gameplay/balance change in main Champions section
16.12,26.12,2026-06-09,Aatrox,Aatrox|16.12,https://www.leagueoflegends.com/en-us/news/game-updates/league-of-legends-patch-26-12-notes/,Champions (Summoner's Rift),named champion heading with gameplay/balance change in main Champions section
16.12,26.12,2026-06-09,Gwen,Gwen|16.12,https://www.leagueoflegends.com/en-us/news/game-updates/league-of-legends-patch-26-12-notes/,Champions (Summoner's Rift),named champion heading with gameplay/balance change in main Champions section
16.12,26.12,2026-06-09,Hwei,Hwei|16.12,https://www.leagueoflegends.com/en-us/news/game-updates/league-of-legends-patch-26-12-notes/,Champions (Summoner's Rift),named champion heading with gameplay/balance change in main Champions section
16.12,26.12,2026-06-09,Jax,Jax|16.12,https://www.leagueoflegends.com/en-us/news/game-updates/league-of-legends-patch-26-12-notes/,Champions (Summoner's Rift),named champion heading with gameplay/balance change in main Champions section
16.12,26.12,2026-06-09,Lee Sin,Lee Sin|16.12,https://www.leagueoflegends.com/en-us/news/game-updates/league-of-legends-patch-26-12-notes/,Champions (Summoner's Rift),named champion heading with gameplay/balance change in main Champions section
16.12,26.12,2026-06-09,Nocturne,Nocturne|16.12,https://www.leagueoflegends.com/en-us/news/game-updates/league-of-legends-patch-26-12-notes/,Champions (Summoner's Rift),named champion heading with gameplay/balance change in main Champions section
16.12,26.12,2026-06-09,Orianna,Orianna|16.12,https://www.leagueoflegends.com/en-us/news/game-updates/league-of-legends-patch-26-12-notes/,Champions (Summoner's Rift),named champion heading with gameplay/balance change in main Champions section
16.12,26.12,2026-06-09,Ryze,Ryze|16.12,https://www.leagueoflegends.com/en-us/news/game-updates/league-of-legends-patch-26-12-notes/,Champions (Summoner's Rift),named champion heading with gameplay/balance change in main Champions section
16.12,26.12,2026-06-09,Sylas,Sylas|16.12,https://www.leagueoflegends.com/en-us/news/game-updates/league-of-legends-patch-26-12-notes/,Champions (Summoner's Rift),named champion heading with gameplay/balance change in main Champions section
16.12,26.12,2026-06-09,Syndra,Syndra|16.12,https://www.leagueoflegends.com/en-us/news/game-updates/league-of-legends-patch-26-12-notes/,Champions (Summoner's Rift),named champion heading with gameplay/balance change in main Champions section
16.12,26.12,2026-06-09,Tristana,Tristana|16.12,https://www.leagueoflegends.com/en-us/news/game-updates/league-of-legends-patch-26-12-notes/,Champions (Summoner's Rift),named champion heading with gameplay/balance change in main Champions section
16.12,26.12,2026-06-09,Varus,Varus|16.12,https://www.leagueoflegends.com/en-us/news/game-updates/league-of-legends-patch-26-12-notes/,Champions (Summoner's Rift),named champion heading with gameplay/balance change in main Champions section
16.12,26.12,2026-06-09,Xin Zhao,Xin Zhao|16.12,https://www.leagueoflegends.com/en-us/news/game-updates/league-of-legends-patch-26-12-notes/,Champions (Summoner's Rift),named champion heading with gameplay/balance change in main Champions section
16.12,26.12,2026-06-09,Yuumi,Yuumi|16.12,https://www.leagueoflegends.com/en-us/news/game-updates/league-of-legends-patch-26-12-notes/,Champions (Summoner's Rift),named champion heading with gameplay/balance change in main Champions section
16.13,26.13,2026-06-23,Aphelios,Aphelios|16.13,https://www.leagueoflegends.com/en-us/news/game-updates/league-of-legends-patch-26-13-notes/,Champions (Summoner's Rift),named champion heading with gameplay/balance change in main Champions section
16.13,26.13,2026-06-23,Bard,Bard|16.13,https://www.leagueoflegends.com/en-us/news/game-updates/league-of-legends-patch-26-13-notes/,Champions (Summoner's Rift),named champion heading with gameplay/balance change in main Champions section
16.13,26.13,2026-06-23,Brand,Brand|16.13,https://www.leagueoflegends.com/en-us/news/game-updates/league-of-legends-patch-26-13-notes/,Champions (Summoner's Rift),named champion heading with gameplay/balance change in main Champions section
16.13,26.13,2026-06-23,Cassiopeia,Cassiopeia|16.13,https://www.leagueoflegends.com/en-us/news/game-updates/league-of-legends-patch-26-13-notes/,Champions (Summoner's Rift),named champion heading with gameplay/balance change in main Champions section
16.13,26.13,2026-06-23,Draven,Draven|16.13,https://www.leagueoflegends.com/en-us/news/game-updates/league-of-legends-patch-26-13-notes/,Champions (Summoner's Rift),named champion heading with gameplay/balance change in main Champions section
16.13,26.13,2026-06-23,Kai'Sa,Kai'Sa|16.13,https://www.leagueoflegends.com/en-us/news/game-updates/league-of-legends-patch-26-13-notes/,Champions (Summoner's Rift),named champion heading with gameplay/balance change in main Champions section
16.13,26.13,2026-06-23,K'Sante,K'Sante|16.13,https://www.leagueoflegends.com/en-us/news/game-updates/league-of-legends-patch-26-13-notes/,Champions (Summoner's Rift),named champion heading with gameplay/balance change in main Champions section
16.13,26.13,2026-06-23,LeBlanc,LeBlanc|16.13,https://www.leagueoflegends.com/en-us/news/game-updates/league-of-legends-patch-26-13-notes/,Champions (Summoner's Rift),named champion heading with gameplay/balance change in main Champions section
16.13,26.13,2026-06-23,Olaf,Olaf|16.13,https://www.leagueoflegends.com/en-us/news/game-updates/league-of-legends-patch-26-13-notes/,Champions (Summoner's Rift),named champion heading with gameplay/balance change in main Champions section
16.13,26.13,2026-06-23,Poppy,Poppy|16.13,https://www.leagueoflegends.com/en-us/news/game-updates/league-of-legends-patch-26-13-notes/,Champions (Summoner's Rift),named champion heading with gameplay/balance change in main Champions section
16.13,26.13,2026-06-23,Qiyana,Qiyana|16.13,https://www.leagueoflegends.com/en-us/news/game-updates/league-of-legends-patch-26-13-notes/,Champions (Summoner's Rift),named champion heading with gameplay/balance change in main Champions section
16.13,26.13,2026-06-23,Rek'Sai,Rek'Sai|16.13,https://www.leagueoflegends.com/en-us/news/game-updates/league-of-legends-patch-26-13-notes/,Champions (Summoner's Rift),named champion heading with gameplay/balance change in main Champions section
16.13,26.13,2026-06-23,Rumble,Rumble|16.13,https://www.leagueoflegends.com/en-us/news/game-updates/league-of-legends-patch-26-13-notes/,Champions (Summoner's Rift),named champion heading with gameplay/balance change in main Champions section
16.13,26.13,2026-06-23,Senna,Senna|16.13,https://www.leagueoflegends.com/en-us/news/game-updates/league-of-legends-patch-26-13-notes/,Champions (Summoner's Rift),named champion heading with gameplay/balance change in main Champions section
16.13,26.13,2026-06-23,Sion,Sion|16.13,https://www.leagueoflegends.com/en-us/news/game-updates/league-of-legends-patch-26-13-notes/,Champions (Summoner's Rift),named champion heading with gameplay/balance change in main Champions section
16.13,26.13,2026-06-23,Vex,Vex|16.13,https://www.leagueoflegends.com/en-us/news/game-updates/league-of-legends-patch-26-13-notes/,Champions (Summoner's Rift),named champion heading with gameplay/balance change in main Champions section
16.13,26.13,2026-06-23,Zaahen,Zaahen|16.13,https://www.leagueoflegends.com/en-us/news/game-updates/league-of-legends-patch-26-13-notes/,Champions (Summoner's Rift),named champion heading with gameplay/balance change in main Champions section
16.14,26.14,2026-07-14,Azir,Azir|16.14,https://www.leagueoflegends.com/en-au/news/game-updates/league-of-legends-patch-26-14-notes/,Champions (Summoner's Rift),named champion heading with gameplay/balance change in main Champions section
16.14,26.14,2026-07-14,Corki,Corki|16.14,https://www.leagueoflegends.com/en-au/news/game-updates/league-of-legends-patch-26-14-notes/,Champions (Summoner's Rift),named champion heading with gameplay/balance change in main Champions section
16.14,26.14,2026-07-14,Garen,Garen|16.14,https://www.leagueoflegends.com/en-au/news/game-updates/league-of-legends-patch-26-14-notes/,Champions (Summoner's Rift),named champion heading with gameplay/balance change in main Champions section
16.14,26.14,2026-07-14,Jayce,Jayce|16.14,https://www.leagueoflegends.com/en-au/news/game-updates/league-of-legends-patch-26-14-notes/,Champions (Summoner's Rift),named champion heading with gameplay/balance change in main Champions section
16.14,26.14,2026-07-14,Locke,Locke|16.14,https://www.leagueoflegends.com/en-au/news/game-updates/league-of-legends-patch-26-14-notes/,Champions (Summoner's Rift),named champion heading with gameplay/balance change in main Champions section
16.14,26.14,2026-07-14,Mordekaiser,Mordekaiser|16.14,https://www.leagueoflegends.com/en-au/news/game-updates/league-of-legends-patch-26-14-notes/,Champions (Summoner's Rift),named champion heading with gameplay/balance change in main Champions section
16.14,26.14,2026-07-14,Nami,Nami|16.14,https://www.leagueoflegends.com/en-au/news/game-updates/league-of-legends-patch-26-14-notes/,Champions (Summoner's Rift),named champion heading with gameplay/balance change in main Champions section
16.14,26.14,2026-07-14,Senna,Senna|16.14,https://www.leagueoflegends.com/en-au/news/game-updates/league-of-legends-patch-26-14-notes/,Champions (Summoner's Rift),named champion heading with gameplay/balance change in main Champions section
16.14,26.14,2026-07-14,Seraphine,Seraphine|16.14,https://www.leagueoflegends.com/en-au/news/game-updates/league-of-legends-patch-26-14-notes/,Champions (Summoner's Rift),named champion heading with gameplay/balance change in main Champions section
16.14,26.14,2026-07-14,Yunara,Yunara|16.14,https://www.leagueoflegends.com/en-au/news/game-updates/league-of-legends-patch-26-14-notes/,Champions (Summoner's Rift),named champion heading with gameplay/balance change in main Champions section
16.15,26.15,2026-07-28,Alistar,Alistar|16.15,https://www.leagueoflegends.com/en-us/news/game-updates/league-of-legends-patch-26-15-notes/,Champions (Summoner's Rift),named champion heading with gameplay/balance change in main Champions section
16.15,26.15,2026-07-28,Bel'Veth,Bel'Veth|16.15,https://www.leagueoflegends.com/en-us/news/game-updates/league-of-legends-patch-26-15-notes/,Champions (Summoner's Rift),named champion heading with gameplay/balance change in main Champions section
16.15,26.15,2026-07-28,Kai'Sa,Kai'Sa|16.15,https://www.leagueoflegends.com/en-us/news/game-updates/league-of-legends-patch-26-15-notes/,Champions (Summoner's Rift),named champion heading with gameplay/balance change in main Champions section
16.15,26.15,2026-07-28,Locke,Locke|16.15,https://www.leagueoflegends.com/en-us/news/game-updates/league-of-legends-patch-26-15-notes/,Champions (Summoner's Rift),named champion heading with gameplay/balance change in main Champions section
16.15,26.15,2026-07-28,Maokai,Maokai|16.15,https://www.leagueoflegends.com/en-us/news/game-updates/league-of-legends-patch-26-15-notes/,Champions (Summoner's Rift),named champion heading with gameplay/balance change in main Champions section
16.15,26.15,2026-07-28,Mordekaiser,Mordekaiser|16.15,https://www.leagueoflegends.com/en-us/news/game-updates/league-of-legends-patch-26-15-notes/,Champions (Summoner's Rift),named champion heading with gameplay/balance change in main Champions section
16.15,26.15,2026-07-28,Naafiri,Naafiri|16.15,https://www.leagueoflegends.com/en-us/news/game-updates/league-of-legends-patch-26-15-notes/,Champions (Summoner's Rift),named champion heading with gameplay/balance change in main Champions section
16.15,26.15,2026-07-28,Riven,Riven|16.15,https://www.leagueoflegends.com/en-us/news/game-updates/league-of-legends-patch-26-15-notes/,Champions (Summoner's Rift),named champion heading with gameplay/balance change in main Champions section
16.15,26.15,2026-07-28,Sylas,Sylas|16.15,https://www.leagueoflegends.com/en-us/news/game-updates/league-of-legends-patch-26-15-notes/,Champions (Summoner's Rift),named champion heading with gameplay/balance change in main Champions section
16.15,26.15,2026-07-28,Volibear,Volibear|16.15,https://www.leagueoflegends.com/en-us/news/game-updates/league-of-legends-patch-26-15-notes/,Champions (Summoner's Rift),named champion heading with gameplay/balance change in main Champions section
16.15,26.15,2026-07-28,Zac,Zac|16.15,https://www.leagueoflegends.com/en-us/news/game-updates/league-of-legends-patch-26-15-notes/,Champions (Summoner's Rift),named champion heading with gameplay/balance change in main Champions section
16.16,26.16,2026-08-11,Azir,Azir|16.16,https://www.leagueoflegends.com/en-au/news/game-updates/league-of-legends-patch-26-16-notes/,Champions (Summoner's Rift),named champion heading with gameplay/balance change in main Champions section
16.16,26.16,2026-08-11,Bel'Veth,Bel'Veth|16.16,https://www.leagueoflegends.com/en-au/news/game-updates/league-of-legends-patch-26-16-notes/,Champions (Summoner's Rift),named champion heading with gameplay/balance change in main Champions section
16.16,26.16,2026-08-11,Camille,Camille|16.16,https://www.leagueoflegends.com/en-au/news/game-updates/league-of-legends-patch-26-16-notes/,Champions (Summoner's Rift),named champion heading with gameplay/balance change in main Champions section
16.16,26.16,2026-08-11,Gwen,Gwen|16.16,https://www.leagueoflegends.com/en-au/news/game-updates/league-of-legends-patch-26-16-notes/,Champions (Summoner's Rift),named champion heading with gameplay/balance change in main Champions section
16.16,26.16,2026-08-11,Kennen,Kennen|16.16,https://www.leagueoflegends.com/en-au/news/game-updates/league-of-legends-patch-26-16-notes/,Champions (Summoner's Rift),named champion heading with gameplay/balance change in main Champions section
16.16,26.16,2026-08-11,Nasus,Nasus|16.16,https://www.leagueoflegends.com/en-au/news/game-updates/league-of-legends-patch-26-16-notes/,Champions (Summoner's Rift),named champion heading with gameplay/balance change in main Champions section
16.16,26.16,2026-08-11,Poppy,Poppy|16.16,https://www.leagueoflegends.com/en-au/news/game-updates/league-of-legends-patch-26-16-notes/,Champions (Summoner's Rift),named champion heading with gameplay/balance change in main Champions section
16.17,26.17,2026-08-25,Aurelion Sol,Aurelion Sol|16.17,https://www.leagueoflegends.com/en-gb/news/game-updates/league-of-legends-patch-26-17-notes/,Champions (Summoner's Rift),named champion heading with gameplay/balance change in main Champions section
16.17,26.17,2026-08-25,Cho'Gath,Cho'Gath|16.17,https://www.leagueoflegends.com/en-gb/news/game-updates/league-of-legends-patch-26-17-notes/,Champions (Summoner's Rift),named champion heading with gameplay/balance change in main Champions section
16.17,26.17,2026-08-25,Graves,Graves|16.17,https://www.leagueoflegends.com/en-gb/news/game-updates/league-of-legends-patch-26-17-notes/,Champions (Summoner's Rift),named champion heading with gameplay/balance change in main Champions section
16.17,26.17,2026-08-25,Irelia,Irelia|16.17,https://www.leagueoflegends.com/en-gb/news/game-updates/league-of-legends-patch-26-17-notes/,Champions (Summoner's Rift),named champion heading with gameplay/balance change in main Champions section
16.17,26.17,2026-08-25,LeBlanc,LeBlanc|16.17,https://www.leagueoflegends.com/en-gb/news/game-updates/league-of-legends-patch-26-17-notes/,Champions (Summoner's Rift),named champion heading with gameplay/balance change in main Champions section
16.17,26.17,2026-08-25,Nasus,Nasus|16.17,https://www.leagueoflegends.com/en-gb/news/game-updates/league-of-legends-patch-26-17-notes/,Champions (Summoner's Rift),named champion heading with gameplay/balance change in main Champions section
16.17,26.17,2026-08-25,Nocturne,Nocturne|16.17,https://www.leagueoflegends.com/en-gb/news/game-updates/league-of-legends-patch-26-17-notes/,Champions (Summoner's Rift),named champion heading with gameplay/balance change in main Champions section
16.17,26.17,2026-08-25,Qiyana,Qiyana|16.17,https://www.leagueoflegends.com/en-gb/news/game-updates/league-of-legends-patch-26-17-notes/,Champions (Summoner's Rift),named champion heading with gameplay/balance change in main Champions section
16.17,26.17,2026-08-25,Thresh,Thresh|16.17,https://www.leagueoflegends.com/en-gb/news/game-updates/league-of-legends-patch-26-17-notes/,Champions (Summoner's Rift),named champion heading with gameplay/balance change in main Champions section
16.17,26.17,2026-08-25,Trundle,Trundle|16.17,https://www.leagueoflegends.com/en-gb/news/game-updates/league-of-legends-patch-26-17-notes/,Champions (Summoner's Rift),named champion heading with gameplay/balance change in main Champions section
16.17,26.17,2026-08-25,Vayne,Vayne|16.17,https://www.leagueoflegends.com/en-gb/news/game-updates/league-of-legends-patch-26-17-notes/,Champions (Summoner's Rift),named champion heading with gameplay/balance change in main Champions section
16.17,26.17,2026-08-25,Xerath,Xerath|16.17,https://www.leagueoflegends.com/en-gb/news/game-updates/league-of-legends-patch-26-17-notes/,Champions (Summoner's Rift),named champion heading with gameplay/balance change in main Champions section
16.17,26.17,2026-08-25,Yasuo,Yasuo|16.17,https://www.leagueoflegends.com/en-gb/news/game-updates/league-of-legends-patch-26-17-notes/,Champions (Summoner's Rift),named champion heading with gameplay/balance change in main Champions section
16.17,26.17,2026-08-25,Yone,Yone|16.17,https://www.leagueoflegends.com/en-gb/news/game-updates/league-of-legends-patch-26-17-notes/,Champions (Summoner's Rift),named champion heading with gameplay/balance change in main Champions section
