variant,event_id,window,pre_matches,post_matches,pre_users,post_users,raw_delta_pp,standardized_delta_pp,standardization_shift_pp,absolute_standardization_shift_pp,direction_flip
M0,Aatrox|16.12,100,24,45,13,11,11.944444444444441,12.029947342168457,0.08550289772401598,0.08550289772401598,False
M0,Ahri|16.3,100,20,37,12,11,9.459459459459463,9.698172796519767,0.23871333706030384,0.23871333706030384,False
M0,Ahri|16.6,100,38,23,11,14,-21.395881006864986,-21.651875626563633,-0.25599461969864734,0.25599461969864734,False
M0,Akali|16.5,100,67,22,13,12,-2.238805970149249,-2.6140144151426514,-0.37520844499340233,0.37520844499340233,False
M0,Alistar|16.15,100,20,35,8,12,2.1428571428571352,2.031029992462341,-0.1118271503947943,0.1118271503947943,False
M0,Ambessa|16.10,100,15,14,6,8,10.476190476190473,11.16093244828667,0.684741972096198,0.684741972096198,False
M0,Ambessa|16.9,100,36,15,9,6,4.999999999999999,4.467387125447569,-0.5326128745524299,0.5326128745524299,False
M0,Anivia|16.10,100,24,85,6,10,-1.225490196078427,-3.153199170403398,-1.927708974324971,1.927708974324971,False
M0,Aphelios|16.1,100,18,68,4,10,-8.496732026143794,-9.534174949486179,-1.0374429233423843,1.0374429233423843,False
M0,Ashe|16.10,100,52,50,19,23,-15.615384615384615,-14.954881253924679,0.660503361459936,0.660503361459936,False
M0,Bard|16.13,100,20,87,6,11,7.873563218390806,6.178436348687688,-1.6951268697031177,1.6951268697031177,False
M0,Brand|16.11,100,36,17,15,11,-20.588235294117645,-21.39268925595606,-0.8044539618384157,0.8044539618384157,False
M0,Brand|16.13,100,41,86,16,21,2.382302892796373,2.7796287028631905,0.39732581006681755,0.39732581006681755,False
M0,Brand|16.4,100,31,45,8,6,5.161290322580648,5.286881620814777,0.12559129823412896,0.12559129823412896,False
M0,Braum|16.3,100,18,42,9,11,3.9682539682539653,2.5817763466509436,-1.3864776216030217,1.3864776216030217,False
M0,Braum|16.4,100,42,14,11,5,-16.666666666666668,-16.063557096845393,0.6031095698212745,0.6031095698212745,False
M0,Caitlyn|16.1,100,62,45,15,17,-8.387096774193548,-6.781811508817687,1.6052852653758611,1.6052852653758611,False
M0,Camille|16.16,100,48,32,14,14,-4.166666666666669,-3.3659764294596775,0.8006902372069913,0.8006902372069913,False
M0,Darius|16.4,100,6,93,5,7,-9.677419354838701,-11.27639258110269,-1.5989732262639897,1.5989732262639897,False
M0,Diana|16.11,100,26,96,10,16,-14.342948717948723,-15.446244281292987,-1.1032955633442647,1.1032955633442647,False
M0,Diana|16.3,100,85,12,20,7,-4.2156862745098,-4.941207958367238,-0.7255216838574388,0.7255216838574388,False
M0,Ekko|16.3,100,24,9,11,8,9.722222222222227,9.488461213600935,-0.23376100862129157,0.23376100862129157,False
M0,Ezreal|16.3,100,8,21,6,9,10.119047619047617,8.286007266389072,-1.8330403526585446,1.8330403526585446,False
M0,Ezreal|16.9,100,33,75,16,18,-5.212121212121207,-6.498169613465149,-1.2860484013439422,1.2860484013439422,False
M0,Galio|16.10,100,15,34,12,18,-8.431372549019612,-8.022940212560597,0.4084323364590148,0.4084323364590148,False
M0,Garen|16.1,100,34,17,11,10,2.941176470588236,2.0647469977570942,-0.8764294728311417,0.8764294728311417,False
M0,Garen|16.14,100,48,49,26,13,7.3129251700680244,5.604976612025547,-1.7079485580424771,1.7079485580424771,False
M0,Garen|16.5,100,5,37,5,17,-19.459459459459456,-18.51034141280168,0.9491180466577767,0.9491180466577767,False
M0,Graves|16.17,100,41,61,18,15,-5.27788884446222,-4.900956393876221,0.3769324505859988,0.3769324505859988,False
M0,Graves|16.7,100,69,81,12,9,-4.83091787439614,-5.9280306854857745,-1.0971128110896347,1.0971128110896347,False
M0,Gwen|16.2,100,42,12,12,5,-17.857142857142854,-18.8961354928338,-1.0389926356909456,1.0389926356909456,False
M0,Irelia|16.17,100,103,80,9,13,2.572815533980588,3.5957738877833934,1.0229583538028053,1.0229583538028053,False
M0,Jax|16.1,100,83,34,13,13,-13.182140326009929,-15.647506018131763,-2.465365692121834,2.465365692121834,False
M0,Jax|16.12,100,47,48,13,9,9.264184397163122,10.73065352726844,1.4664691301053185,1.4664691301053185,False
M0,Jayce|16.14,100,27,29,9,15,-24.521072796934867,-26.75448219231499,-2.2334093953801215,2.2334093953801215,False
M0,Jhin|16.1,100,51,45,15,12,-9.019607843137251,-8.244195023580508,0.7754128195567436,0.7754128195567436,False
M0,Jinx|16.1,100,26,15,10,9,3.3333333333333326,3.7392168879919474,0.4058835546586148,0.4058835546586148,False
M0,Jinx|16.4,100,36,29,11,11,-7.183908045977011,-6.099396802638918,1.0845112433380937,1.0845112433380937,False
M0,Karma|16.7,100,46,56,18,16,-1.785714285714285,-2.6337618046100744,-0.8480475188957894,0.8480475188957894,False
M0,Karma|16.8,100,56,49,16,8,8.928571428571425,7.4798896850839185,-1.4486817434875068,1.4486817434875068,False
M0,Locke|16.14,100,136,51,25,17,-9.313725490196079,-9.200517729912573,0.11320776028350643,0.11320776028350643,False
M0,Locke|16.15,100,51,53,17,13,4.1805401405845375,4.603805853884896,0.4232657133003581,0.4232657133003581,False
M0,Lucian|16.1,100,15,13,9,7,7.179487179487176,7.98653079310288,0.8070436136157042,0.8070436136157042,False
M0,Lux|16.4,100,62,41,13,17,2.753737214791502,4.168619909001836,1.414882694210334,1.414882694210334,False
M0,Malphite|16.2,100,26,24,9,13,0.9615384615384581,2.7122313286705335,1.7506928671320754,1.7506928671320754,False
M0,Mel|16.8,100,27,13,11,8,-1.994301994301989,-2.1094415553993717,-0.11513956109738266,0.11513956109738266,False
M0,Mordekaiser|16.14,100,28,70,13,23,4.285714285714281,4.303437210755357,0.017722925041075754,0.017722925041075754,False
M0,Mordekaiser|16.15,100,70,29,23,17,-2.5615763546797954,-2.2490398803398537,0.3125364743399417,0.3125364743399417,False
M0,Nami|16.14,100,136,104,15,11,1.414027149321273,1.645272025728861,0.23124487640758806,0.23124487640758806,False
M0,Nami|16.7,100,67,87,13,10,-1.3209813003945803,-2.4827007946064903,-1.16171949421191,1.16171949421191,False
M0,Nasus|16.16,100,40,87,19,33,-5.373563218390808,-6.8771924334069645,-1.503629215016156,1.503629215016156,False
M0,Nasus|16.17,100,87,70,33,29,4.30213464696223,5.846070545245752,1.5439358982835216,1.5439358982835216,False
M0,Nocturne|16.12,100,36,31,12,9,-5.286738351254478,-3.5333925012841547,1.753345849970323,1.753345849970323,False
M0,Nocturne|16.17,100,81,89,16,13,4.216951033430427,3.702947500186937,-0.51400353324349,0.51400353324349,False
M0,Orianna|16.12,100,47,27,12,11,-10.3230890464933,-10.768342601053698,-0.4452535545603986,0.4452535545603986,False
M0,Orianna|16.5,100,9,108,5,10,-32.407407407407405,-32.25186753260934,0.15553987479806608,0.15553987479806608,False
M0,Ornn|16.7,100,18,10,9,6,-1.1111111111111183,-0.5228540017740757,0.5882571093370426,0.5882571093370426,False
M0,Poppy|16.16,100,18,48,10,15,-9.027777777777779,-8.304552178010226,0.7232255997675523,0.7232255997675523,False
M0,Ryze|16.3,100,15,26,10,10,-0.512820512820511,-0.8452113376121839,-0.3323908247916729,0.3323908247916729,False
M0,Senna|16.1,100,6,15,5,5,43.333333333333336,45.12336197922047,1.7900286458871335,1.7900286458871335,False
M0,Senna|16.13,100,87,107,28,37,-4.200236330432916,-4.501561950842148,-0.30132562040923183,0.30132562040923183,False
M0,Senna|16.14,100,107,74,37,25,4.83708007072493,3.9049816307818674,-0.9320984399430627,0.9320984399430627,False
M0,Senna|16.4,100,11,24,8,12,8.71212121212121,8.181590598237248,-0.5305306138839612,0.5305306138839612,False
M0,Seraphine|16.14,100,120,70,36,25,-4.642857142857137,-4.323835408633425,0.31902173422371227,0.31902173422371227,False
M0,Shen|16.6,100,64,53,11,9,-14.416273584905658,-15.85763467450242,-1.4413610895967608,1.4413610895967608,False
M0,Sion|16.13,100,21,30,8,12,16.666666666666668,17.550712284390617,0.8840456177239489,0.8840456177239489,False
M0,Sivir|16.2,100,31,10,12,9,-38.38709677419355,-38.257177541295015,0.12991923289853702,0.12991923289853702,False
M0,Smolder|16.1,100,88,45,12,11,-0.12626262626261875,0.3934708829615774,0.5197335092241961,0.5197335092241961,True
M0,Smolder|16.11,100,91,41,34,19,-23.237737871884217,-22.974362424591348,0.2633754472928693,0.2633754472928693,False
M0,Smolder|16.2,100,45,45,11,9,-4.444444444444451,-2.733468496667546,1.7109759477769049,1.7109759477769049,False
M0,Swain|16.4,100,15,11,8,8,14.54545454545454,15.308558780426889,0.7631042349723494,0.7631042349723494,False
M0,Sylas|16.12,100,36,82,13,21,3.658536585365857,4.3668091323893705,0.7082725470235136,0.7082725470235136,False
M0,Sylas|16.15,100,71,65,33,29,4.160346695557965,4.8370797637629135,0.6767330682049488,0.6767330682049488,False
M0,Syndra|16.4,100,43,19,8,7,-1.468788249694003,-1.0573122067741914,0.41147604291981166,0.41147604291981166,False
M0,Teemo|16.11,100,68,66,14,14,-5.748663101604279,-5.693797041864334,0.05486605973994507,0.05486605973994507,False
M0,Thresh|16.17,100,38,27,17,16,1.949317738791423,1.9357184625191426,-0.013599276272280303,0.013599276272280303,False
M0,Tristana|16.1,100,19,8,12,4,-20.394736842105267,-15.727386091062973,4.667350751042294,4.667350751042294,False
M0,Twitch|16.4,100,6,54,5,11,20.370370370370377,16.94524135648811,-3.425129013882266,3.425129013882266,False
M0,Varus|16.3,100,43,20,14,7,9.18604651162791,6.948695034469942,-2.2373514771579686,2.2373514771579686,False
M0,Vayne|16.17,100,33,29,15,9,0.6269592476489061,-0.5183417051214834,-1.1453009527703895,1.1453009527703895,True
M0,Veigar|16.7,100,43,34,10,8,-2.2571819425444617,-1.6633200315575691,0.5938619109868926,0.5938619109868926,False
M0,Viego|16.1,100,24,24,5,6,-16.666666666666668,-15.944270781548248,0.72239588511842,0.72239588511842,False
M0,Viego|16.2,100,24,125,6,11,6.3333333333333295,7.0229067812374035,0.689573447904074,0.689573447904074,False
M0,Xayah|16.1,100,7,10,5,8,-17.14285714285714,-12.901312703577444,4.241544439279695,4.241544439279695,False
M0,Xerath|16.17,100,45,41,17,18,-5.420054200542001,-6.084581414662288,-0.6645272141202865,0.6645272141202865,False
M0,Yasuo|16.1,100,44,45,10,9,12.373737373737375,12.80785967683169,0.43412230309431443,0.43412230309431443,False
M0,Yasuo|16.17,100,96,145,22,26,6.932471264367818,7.000127572629117,0.06765630826129865,0.06765630826129865,False
M0,Yone|16.1,100,38,14,10,7,-2.631578947368418,-1.3990774398832118,1.2325015074852064,1.2325015074852064,False
M0,Yone|16.17,100,51,86,19,26,1.7783857729138153,1.9344370682578105,0.1560512953439952,0.1560512953439952,False
M0,Yone|16.3,100,14,24,5,15,-11.309523809523808,-13.02479113557536,-1.715267326051551,1.715267326051551,False
M0,Yunara|16.1,100,4,7,3,4,-85.71428571428572,-83.94755973733336,1.7667259769523582,1.7667259769523582,False
M0,Yunara|16.14,100,32,36,12,9,-5.208333333333331,-6.116481302745813,-0.9081479694124814,0.9081479694124814,False
M0,Zaahen|16.3,100,21,55,9,10,-4.848484848484846,-4.970463477153498,-0.12197862866865172,0.12197862866865172,False
M0,Zaahen|16.6,100,42,19,13,9,10.776942355889718,11.384238402025415,0.6072960461356978,0.6072960461356978,False
M0,Zed|16.10,100,45,46,10,12,0.9661835748792202,1.2182527330606208,0.2520691581814005,0.2520691581814005,False
M0,Zed|16.2,100,81,9,12,7,-11.111111111111116,-9.354325397105917,1.7567857140051988,1.7567857140051988,False
M0,Zed|16.3,100,9,7,7,6,-44.44444444444444,-44.444120848660944,0.0003235957834988312,0.0003235957834988312,False
M1,Aatrox|16.12,100,24,45,13,11,11.944444444444441,11.233746590236848,-0.7106978542075932,0.7106978542075932,False
M1,Ahri|16.3,100,20,37,12,11,9.459459459459463,9.771458986644376,0.31199952718491275,0.31199952718491275,False
M1,Ahri|16.6,100,38,23,11,14,-21.395881006864986,-21.558477705748718,-0.16259669888373196,0.16259669888373196,False
M1,Akali|16.5,100,67,22,13,12,-2.238805970149249,-2.8816174419507954,-0.6428114718015463,0.6428114718015463,False
M1,Alistar|16.15,100,20,35,8,12,2.1428571428571352,1.5248497083672374,-0.6180074344898978,0.6180074344898978,False
M1,Ambessa|16.10,100,15,14,6,8,10.476190476190473,12.572205107739387,2.0960146315489148,2.0960146315489148,False
M1,Ambessa|16.9,100,36,15,9,6,4.999999999999999,4.667421892455731,-0.3325781075442684,0.3325781075442684,False
M1,Anivia|16.10,100,24,85,6,10,-1.225490196078427,-3.9801635195450213,-2.7546733234665943,2.7546733234665943,False
M1,Aphelios|16.1,100,18,68,4,10,-8.496732026143794,-9.388156552793136,-0.8914245266493417,0.8914245266493417,False
M1,Ashe|16.10,100,52,50,19,23,-15.615384615384615,-15.185153126089295,0.43023148929531985,0.43023148929531985,False
M1,Bard|16.13,100,20,87,6,11,7.873563218390806,7.2269270075919545,-0.6466362107988513,0.6466362107988513,False
M1,Brand|16.11,100,36,17,15,11,-20.588235294117645,-21.714311140247126,-1.1260758461294813,1.1260758461294813,False
M1,Brand|16.13,100,41,86,16,21,2.382302892796373,3.1805719082275195,0.7982690154311465,0.7982690154311465,False
M1,Brand|16.4,100,31,45,8,6,5.161290322580648,4.872809441051784,-0.288480881528864,0.288480881528864,False
M1,Braum|16.3,100,18,42,9,11,3.9682539682539653,0.835495499259542,-3.1327584689944232,3.1327584689944232,False
M1,Braum|16.4,100,42,14,11,5,-16.666666666666668,-16.11424896073645,0.5524177059302176,0.5524177059302176,False
M1,Caitlyn|16.1,100,62,45,15,17,-8.387096774193548,-7.673098306940329,0.7139984672532194,0.7139984672532194,False
M1,Camille|16.16,100,48,32,14,14,-4.166666666666669,-2.8676362855596658,1.299030381107003,1.299030381107003,False
M1,Darius|16.4,100,6,93,5,7,-9.677419354838701,-9.999964376176617,-0.3225450213379162,0.3225450213379162,False
M1,Diana|16.11,100,26,96,10,16,-14.342948717948723,-13.767701473482974,0.5752472444657482,0.5752472444657482,False
M1,Diana|16.3,100,85,12,20,7,-4.2156862745098,-4.498729431322279,-0.2830431568124796,0.2830431568124796,False
M1,Ekko|16.3,100,24,9,11,8,9.722222222222227,9.331225659248881,-0.3909965629733456,0.3909965629733456,False
M1,Ezreal|16.3,100,8,21,6,9,10.119047619047617,9.757342848052225,-0.36170477099539156,0.36170477099539156,False
M1,Ezreal|16.9,100,33,75,16,18,-5.212121212121207,-5.644535289296593,-0.4324140771753866,0.4324140771753866,False
M1,Galio|16.10,100,15,34,12,18,-8.431372549019612,-7.504552001833514,0.9268205471860975,0.9268205471860975,False
M1,Garen|16.1,100,34,17,11,10,2.941176470588236,2.7062613292235804,-0.23491514136465552,0.23491514136465552,False
M1,Garen|16.14,100,48,49,26,13,7.3129251700680244,6.217227329609509,-1.0956978404585156,1.0956978404585156,False
M1,Garen|16.5,100,5,37,5,17,-19.459459459459456,-18.81325330986115,0.6462061495983065,0.6462061495983065,False
M1,Graves|16.17,100,41,61,18,15,-5.27788884446222,-5.10824384001809,0.16964500444413044,0.16964500444413044,False
M1,Graves|16.7,100,69,81,12,9,-4.83091787439614,-6.037478557086107,-1.2065606826899673,1.2065606826899673,False
M1,Gwen|16.2,100,42,12,12,5,-17.857142857142854,-19.020798451473148,-1.1636555943302938,1.1636555943302938,False
M1,Irelia|16.17,100,103,80,9,13,2.572815533980588,3.359450490724003,0.786634956743415,0.786634956743415,False
M1,Jax|16.1,100,83,34,13,13,-13.182140326009929,-14.79127753595132,-1.609137209941391,1.609137209941391,False
M1,Jax|16.12,100,47,48,13,9,9.264184397163122,9.89310692371067,0.628922526547548,0.628922526547548,False
M1,Jayce|16.14,100,27,29,9,15,-24.521072796934867,-27.268298497303068,-2.747225700368201,2.747225700368201,False
M1,Jhin|16.1,100,51,45,15,12,-9.019607843137251,-10.378582947838105,-1.3589751047008534,1.3589751047008534,False
M1,Jinx|16.1,100,26,15,10,9,3.3333333333333326,1.4060323359387783,-1.9273009973945543,1.9273009973945543,False
M1,Jinx|16.4,100,36,29,11,11,-7.183908045977011,-7.953783669679132,-0.7698756237021209,0.7698756237021209,False
M1,Karma|16.7,100,46,56,18,16,-1.785714285714285,-2.4448235625404213,-0.6591092768261364,0.6591092768261364,False
M1,Karma|16.8,100,56,49,16,8,8.928571428571425,7.336391825750111,-1.5921796028213144,1.5921796028213144,False
M1,Locke|16.14,100,136,51,25,17,-9.313725490196079,-8.597597265111279,0.7161282250848,0.7161282250848,False
M1,Locke|16.15,100,51,53,17,13,4.1805401405845375,2.725265537190602,-1.4552746033939354,1.4552746033939354,False
M1,Lucian|16.1,100,15,13,9,7,7.179487179487176,7.228904804024094,0.049417624536918225,0.049417624536918225,False
M1,Lux|16.4,100,62,41,13,17,2.753737214791502,4.921771450436929,2.168034235645427,2.168034235645427,False
M1,Malphite|16.2,100,26,24,9,13,0.9615384615384581,2.987500563206036,2.0259621016675777,2.0259621016675777,False
M1,Mel|16.8,100,27,13,11,8,-1.994301994301989,-0.9008122617718661,1.093489732530123,1.093489732530123,False
M1,Mordekaiser|16.14,100,28,70,13,23,4.285714285714281,5.841719998066508,1.5560057123522268,1.5560057123522268,False
M1,Mordekaiser|16.15,100,70,29,23,17,-2.5615763546797954,-2.2116908606206187,0.3498854940591767,0.3498854940591767,False
M1,Nami|16.14,100,136,104,15,11,1.414027149321273,1.3853684984907688,-0.02865865083050423,0.02865865083050423,False
M1,Nami|16.7,100,67,87,13,10,-1.3209813003945803,-0.8884594725702855,0.4325218278242948,0.4325218278242948,False
M1,Nasus|16.16,100,40,87,19,33,-5.373563218390808,-7.044589196892343,-1.6710259785015342,1.6710259785015342,False
M1,Nasus|16.17,100,87,70,33,29,4.30213464696223,5.429940317911841,1.127805670949611,1.127805670949611,False
M1,Nocturne|16.12,100,36,31,12,9,-5.286738351254478,-3.4688112111411042,1.8179271401133734,1.8179271401133734,False
M1,Nocturne|16.17,100,81,89,16,13,4.216951033430427,3.5983338529510633,-0.6186171804793639,0.6186171804793639,False
M1,Orianna|16.12,100,47,27,12,11,-10.3230890464933,-10.407026782071288,-0.08393773557798845,0.08393773557798845,False
M1,Orianna|16.5,100,9,108,5,10,-32.407407407407405,-34.82678311616874,-2.4193757087613363,2.4193757087613363,False
M1,Ornn|16.7,100,18,10,9,6,-1.1111111111111183,-0.17686265540012291,0.9342484557109954,0.9342484557109954,False
M1,Poppy|16.16,100,18,48,10,15,-9.027777777777779,-8.354854421333336,0.6729233564444428,0.6729233564444428,False
M1,Ryze|16.3,100,15,26,10,10,-0.512820512820511,0.5198158425931187,1.0326363554136297,1.0326363554136297,True
M1,Senna|16.1,100,6,15,5,5,43.333333333333336,42.94182507286084,-0.39150826047249865,0.39150826047249865,False
M1,Senna|16.13,100,87,107,28,37,-4.200236330432916,-4.885166263955676,-0.6849299335227599,0.6849299335227599,False
M1,Senna|16.14,100,107,74,37,25,4.83708007072493,4.269700376938967,-0.5673796937859628,0.5673796937859628,False
M1,Senna|16.4,100,11,24,8,12,8.71212121212121,8.589090165718494,-0.12303104640271556,0.12303104640271556,False
M1,Seraphine|16.14,100,120,70,36,25,-4.642857142857137,-4.079955383830692,0.5629017590264453,0.5629017590264453,False
M1,Shen|16.6,100,64,53,11,9,-14.416273584905658,-16.132226271833165,-1.7159526869275066,1.7159526869275066,False
M1,Sion|16.13,100,21,30,8,12,16.666666666666668,17.463679767355366,0.797013100688698,0.797013100688698,False
M1,Sivir|16.2,100,31,10,12,9,-38.38709677419355,-38.53860691970916,-0.15151014551560849,0.15151014551560849,False
M1,Smolder|16.1,100,88,45,12,11,-0.12626262626261875,1.0288980825993943,1.155160708862013,1.155160708862013,True
M1,Smolder|16.11,100,91,41,34,19,-23.237737871884217,-24.025422265124437,-0.7876843932402195,0.7876843932402195,False
M1,Smolder|16.2,100,45,45,11,9,-4.444444444444451,-4.455459979473808,-0.01101553502935726,0.01101553502935726,False
M1,Swain|16.4,100,15,11,8,8,14.54545454545454,16.792406654656677,2.2469521092021374,2.2469521092021374,False
M1,Sylas|16.12,100,36,82,13,21,3.658536585365857,4.760701890570407,1.10216530520455,1.10216530520455,False
M1,Sylas|16.15,100,71,65,33,29,4.160346695557965,3.7415343197706177,-0.418812375787347,0.418812375787347,False
M1,Syndra|16.4,100,43,19,8,7,-1.468788249694003,-1.8945000732278894,-0.42571182353388637,0.42571182353388637,False
M1,Teemo|16.11,100,68,66,14,14,-5.748663101604279,-5.255459091242165,0.49320401036211425,0.49320401036211425,False
M1,Thresh|16.17,100,38,27,17,16,1.949317738791423,1.9009266870984587,-0.048391051692964204,0.048391051692964204,False
M1,Tristana|16.1,100,19,8,12,4,-20.394736842105267,-18.43236556742997,1.9623712746752986,1.9623712746752986,False
M1,Twitch|16.4,100,6,54,5,11,20.370370370370377,19.893095912271075,-0.477274458099302,0.477274458099302,False
M1,Varus|16.3,100,43,20,14,7,9.18604651162791,9.2432978640813,0.05725135245338997,0.05725135245338997,False
M1,Vayne|16.17,100,33,29,15,9,0.6269592476489061,-0.6256338490077673,-1.2525930966566734,1.2525930966566734,True
M1,Veigar|16.7,100,43,34,10,8,-2.2571819425444617,-1.4167752871124817,0.84040665543198,0.84040665543198,False
M1,Viego|16.1,100,24,24,5,6,-16.666666666666668,-18.159209639574154,-1.4925429729074864,1.4925429729074864,False
M1,Viego|16.2,100,24,125,6,11,6.3333333333333295,6.886604400637564,0.5532710673042347,0.5532710673042347,False
M1,Xayah|16.1,100,7,10,5,8,-17.14285714285714,-13.987694328017518,3.1551628148396205,3.1551628148396205,False
M1,Xerath|16.17,100,45,41,17,18,-5.420054200542001,-5.107664166468667,0.3123900340733341,0.3123900340733341,False
M1,Yasuo|16.1,100,44,45,10,9,12.373737373737375,13.340136157222798,0.9663987834854222,0.9663987834854222,False
M1,Yasuo|16.17,100,96,145,22,26,6.932471264367818,6.804457575500733,-0.1280136888670853,0.1280136888670853,False
M1,Yone|16.1,100,38,14,10,7,-2.631578947368418,-1.2018593299171543,1.4297196174512639,1.4297196174512639,False
M1,Yone|16.17,100,51,86,19,26,1.7783857729138153,2.439005516460324,0.6606197435465089,0.6606197435465089,False
M1,Yone|16.3,100,14,24,5,15,-11.309523809523808,-13.461725234488892,-2.1522014249650834,2.1522014249650834,False
M1,Yunara|16.1,100,4,7,3,4,-85.71428571428572,-84.86813572174799,0.8461499925377325,0.8461499925377325,False
M1,Yunara|16.14,100,32,36,12,9,-5.208333333333331,-5.416942011973558,-0.20860867864022659,0.20860867864022659,False
M1,Zaahen|16.3,100,21,55,9,10,-4.848484848484846,-4.2833634962204385,0.5651213522644074,0.5651213522644074,False
M1,Zaahen|16.6,100,42,19,13,9,10.776942355889718,9.868938995310895,-0.9080033605788227,0.9080033605788227,False
M1,Zed|16.10,100,45,46,10,12,0.9661835748792202,1.0742332343850913,0.10804965950587109,0.10804965950587109,False
M1,Zed|16.2,100,81,9,12,7,-11.111111111111116,-11.012203915629842,0.09890719548127436,0.09890719548127436,False
M1,Zed|16.3,100,9,7,7,6,-44.44444444444444,-44.44412228222862,0.00032216221582359594,0.00032216221582359594,False
M2,Aatrox|16.12,100,24,45,13,11,11.944444444444441,11.679270520544454,-0.2651739238999866,0.2651739238999866,False
M2,Ahri|16.3,100,20,37,12,11,9.459459459459463,9.70325319175992,0.24379373230045687,0.24379373230045687,False
M2,Ahri|16.6,100,38,23,11,14,-21.395881006864986,-21.08955275281646,0.3063282540485268,0.3063282540485268,False
M2,Akali|16.5,100,67,22,13,12,-2.238805970149249,-2.675379510507181,-0.43657354035793183,0.43657354035793183,False
M2,Alistar|16.15,100,20,35,8,12,2.1428571428571352,2.0669674480393363,-0.07588969481779895,0.07588969481779895,False
M2,Ambessa|16.10,100,15,14,6,8,10.476190476190473,11.034751997439724,0.558561521249251,0.558561521249251,False
M2,Ambessa|16.9,100,36,15,9,6,4.999999999999999,4.632151163279097,-0.36784883672090185,0.36784883672090185,False
M2,Anivia|16.10,100,24,85,6,10,-1.225490196078427,-2.974369680314637,-1.7488794842362099,1.7488794842362099,False
M2,Aphelios|16.1,100,18,68,4,10,-8.496732026143794,-8.9773451494922,-0.4806131233484052,0.4806131233484052,False
M2,Ashe|16.10,100,52,50,19,23,-15.615384615384615,-15.011031563555843,0.6043530518287721,0.6043530518287721,False
M2,Bard|16.13,100,20,87,6,11,7.873563218390806,6.246307677437385,-1.6272555409534206,1.6272555409534206,False
M2,Brand|16.11,100,36,17,15,11,-20.588235294117645,-21.961493676308258,-1.3732583821906132,1.3732583821906132,False
M2,Brand|16.13,100,41,86,16,21,2.382302892796373,2.952669551660642,0.5703666588642688,0.5703666588642688,False
M2,Brand|16.4,100,31,45,8,6,5.161290322580648,5.550272597018557,0.3889822744379092,0.3889822744379092,False
M2,Braum|16.3,100,18,42,9,11,3.9682539682539653,2.3806262316264926,-1.5876277366274727,1.5876277366274727,False
M2,Braum|16.4,100,42,14,11,5,-16.666666666666668,-15.830467136788434,0.8361995298782343,0.8361995298782343,False
M2,Caitlyn|16.1,100,62,45,15,17,-8.387096774193548,-6.410611021983426,1.976485752210122,1.976485752210122,False
M2,Camille|16.16,100,48,32,14,14,-4.166666666666669,-3.4806974719554296,0.6859691947112392,0.6859691947112392,False
M2,Darius|16.4,100,6,93,5,7,-9.677419354838701,-11.073676283024502,-1.3962569281858013,1.3962569281858013,False
M2,Diana|16.11,100,26,96,10,16,-14.342948717948723,-15.72884768874529,-1.3858989707965677,1.3858989707965677,False
M2,Diana|16.3,100,85,12,20,7,-4.2156862745098,-5.00675579063628,-0.7910695161264805,0.7910695161264805,False
M2,Ekko|16.3,100,24,9,11,8,9.722222222222227,10.241579444836852,0.5193572226146248,0.5193572226146248,False
M2,Ezreal|16.3,100,8,21,6,9,10.119047619047617,8.262799661113828,-1.856247957933789,1.856247957933789,False
M2,Ezreal|16.9,100,33,75,16,18,-5.212121212121207,-6.726774528675178,-1.5146533165539715,1.5146533165539715,False
M2,Galio|16.10,100,15,34,12,18,-8.431372549019612,-8.484307127897312,-0.052934578877700034,0.052934578877700034,False
M2,Garen|16.1,100,34,17,11,10,2.941176470588236,1.3153577042709585,-1.6258187663172774,1.6258187663172774,False
M2,Garen|16.14,100,48,49,26,13,7.3129251700680244,5.904589933127929,-1.4083352369400952,1.4083352369400952,False
M2,Garen|16.5,100,5,37,5,17,-19.459459459459456,-18.698629125659565,0.7608303337998912,0.7608303337998912,False
M2,Graves|16.17,100,41,61,18,15,-5.27788884446222,-5.173168755924951,0.10472008853726944,0.10472008853726944,False
M2,Graves|16.7,100,69,81,12,9,-4.83091787439614,-6.12819771627472,-1.2972798418785798,1.2972798418785798,False
M2,Gwen|16.2,100,42,12,12,5,-17.857142857142854,-18.64692409784808,-0.7897812407052243,0.7897812407052243,False
M2,Irelia|16.17,100,103,80,9,13,2.572815533980588,3.490276914818846,0.9174613808382581,0.9174613808382581,False
M2,Jax|16.1,100,83,34,13,13,-13.182140326009929,-15.382396597540177,-2.2002562715302485,2.2002562715302485,False
M2,Jax|16.12,100,47,48,13,9,9.264184397163122,10.890460094213472,1.6262756970503496,1.6262756970503496,False
M2,Jayce|16.14,100,27,29,9,15,-24.521072796934867,-27.1172876812996,-2.596214884364734,2.596214884364734,False
M2,Jhin|16.1,100,51,45,15,12,-9.019607843137251,-7.9561930915915235,1.0634147515457277,1.0634147515457277,False
M2,Jinx|16.1,100,26,15,10,9,3.3333333333333326,3.6360129110236117,0.3026795776902791,0.3026795776902791,False
M2,Jinx|16.4,100,36,29,11,11,-7.183908045977011,-6.03102665572356,1.1528813902534516,1.1528813902534516,False
M2,Karma|16.7,100,46,56,18,16,-1.785714285714285,-2.479462092465573,-0.6937478067512879,0.6937478067512879,False
M2,Karma|16.8,100,56,49,16,8,8.928571428571425,7.603877137728232,-1.3246942908431931,1.3246942908431931,False
M2,Locke|16.14,100,136,51,25,17,-9.313725490196079,-9.516119745848489,-0.20239425565240943,0.20239425565240943,False
M2,Locke|16.15,100,51,53,17,13,4.1805401405845375,4.765158471676035,0.5846183310914972,0.5846183310914972,False
M2,Lucian|16.1,100,15,13,9,7,7.179487179487176,7.669590143987581,0.49010296450040514,0.49010296450040514,False
M2,Lux|16.4,100,62,41,13,17,2.753737214791502,4.05750528758802,1.303768072796518,1.303768072796518,False
M2,Malphite|16.2,100,26,24,9,13,0.9615384615384581,2.5062801082723962,1.544741646733938,1.544741646733938,False
M2,Mel|16.8,100,27,13,11,8,-1.994301994301989,-2.0646747977529745,-0.0703728034509854,0.0703728034509854,False
M2,Mordekaiser|16.14,100,28,70,13,23,4.285714285714281,4.251805195492453,-0.03390909022182775,0.03390909022182775,False
M2,Mordekaiser|16.15,100,70,29,23,17,-2.5615763546797954,-2.2701699213675486,0.2914064333122468,0.2914064333122468,False
M2,Nami|16.14,100,136,104,15,11,1.414027149321273,1.5996206752085462,0.18559352588727318,0.18559352588727318,False
M2,Nami|16.7,100,67,87,13,10,-1.3209813003945803,-2.5620213362097854,-1.2410400358152052,1.2410400358152052,False
M2,Nasus|16.16,100,40,87,19,33,-5.373563218390808,-6.74823080379281,-1.3746675854020012,1.3746675854020012,False
M2,Nasus|16.17,100,87,70,33,29,4.30213464696223,5.686415448784555,1.3842808018223245,1.3842808018223245,False
M2,Nocturne|16.12,100,36,31,12,9,-5.286738351254478,-3.549611239134726,1.7371271121197518,1.7371271121197518,False
M2,Nocturne|16.17,100,81,89,16,13,4.216951033430427,3.707012589225145,-0.5099384442052823,0.5099384442052823,False
M2,Orianna|16.12,100,47,27,12,11,-10.3230890464933,-10.048741145468753,0.2743479010245462,0.2743479010245462,False
M2,Orianna|16.5,100,9,108,5,10,-32.407407407407405,-32.553847125867726,-0.14643971846032144,0.14643971846032144,False
M2,Ornn|16.7,100,18,10,9,6,-1.1111111111111183,-0.8500327808823371,0.26107833022878113,0.26107833022878113,False
M2,Poppy|16.16,100,18,48,10,15,-9.027777777777779,-8.798302107257093,0.22947567052068507,0.22947567052068507,False
M2,Ryze|16.3,100,15,26,10,10,-0.512820512820511,-0.7647391885719723,-0.2519186757514613,0.2519186757514613,False
M2,Senna|16.1,100,6,15,5,5,43.333333333333336,45.25750890294778,1.924175569614441,1.924175569614441,False
M2,Senna|16.13,100,87,107,28,37,-4.200236330432916,-4.226672460395342,-0.026436129962426058,0.026436129962426058,False
M2,Senna|16.14,100,107,74,37,25,4.83708007072493,3.56789839006052,-1.2691816806644103,1.2691816806644103,False
M2,Senna|16.4,100,11,24,8,12,8.71212121212121,8.380773143664866,-0.331348068456343,0.331348068456343,False
M2,Seraphine|16.14,100,120,70,36,25,-4.642857142857137,-4.171349288453074,0.47150785440406295,0.47150785440406295,False
M2,Shen|16.6,100,64,53,11,9,-14.416273584905658,-16.11460846549999,-1.6983348805943326,1.6983348805943326,False
M2,Sion|16.13,100,21,30,8,12,16.666666666666668,17.31118986682114,0.6445232001544738,0.6445232001544738,False
M2,Sivir|16.2,100,31,10,12,9,-38.38709677419355,-38.12194710234228,0.2651496718512689,0.2651496718512689,False
M2,Smolder|16.1,100,88,45,12,11,-0.12626262626261875,0.7803858573376843,0.906648483600303,0.906648483600303,True
M2,Smolder|16.11,100,91,41,34,19,-23.237737871884217,-23.24080041647641,-0.0030625445921934613,0.0030625445921934613,False
M2,Smolder|16.2,100,45,45,11,9,-4.444444444444451,-3.411983470191371,1.03246097425308,1.03246097425308,False
M2,Swain|16.4,100,15,11,8,8,14.54545454545454,15.490559397506482,0.9451048520519425,0.9451048520519425,False
M2,Sylas|16.12,100,36,82,13,21,3.658536585365857,4.4319090567082835,0.7733724713424266,0.7733724713424266,False
M2,Sylas|16.15,100,71,65,33,29,4.160346695557965,4.879707617095424,0.7193609215374597,0.7193609215374597,False
M2,Syndra|16.4,100,43,19,8,7,-1.468788249694003,-1.6097113013530284,-0.1409230516590254,0.1409230516590254,False
M2,Teemo|16.11,100,68,66,14,14,-5.748663101604279,-5.682213411077919,0.06644969052636007,0.06644969052636007,False
M2,Thresh|16.17,100,38,27,17,16,1.949317738791423,2.38533416669765,0.4360164279062273,0.4360164279062273,False
M2,Tristana|16.1,100,19,8,12,4,-20.394736842105267,-15.831155461800762,4.563581380304505,4.563581380304505,False
M2,Twitch|16.4,100,6,54,5,11,20.370370370370377,17.044931781655322,-3.3254385887150555,3.3254385887150555,False
M2,Varus|16.3,100,43,20,14,7,9.18604651162791,7.014419349471435,-2.1716271621564758,2.1716271621564758,False
M2,Vayne|16.17,100,33,29,15,9,0.6269592476489061,-0.5830065560335829,-1.209965803682489,1.209965803682489,True
M2,Veigar|16.7,100,43,34,10,8,-2.2571819425444617,-1.6836335081319542,0.5735484344125075,0.5735484344125075,False
M2,Viego|16.1,100,24,24,5,6,-16.666666666666668,-15.5958149762562,1.0708516904104677,1.0708516904104677,False
M2,Viego|16.2,100,24,125,6,11,6.3333333333333295,6.9699074492219735,0.636574115888644,0.636574115888644,False
M2,Xayah|16.1,100,7,10,5,8,-17.14285714285714,-13.476822218388962,3.6660349244681765,3.6660349244681765,False
M2,Xerath|16.17,100,45,41,17,18,-5.420054200542001,-6.5190394533649165,-1.0989852528229154,1.0989852528229154,False
M2,Yasuo|16.1,100,44,45,10,9,12.373737373737375,12.811755768394168,0.43801839465679215,0.43801839465679215,False
M2,Yasuo|16.17,100,96,145,22,26,6.932471264367818,7.215252387817222,0.2827811234494044,0.2827811234494044,False
M2,Yone|16.1,100,38,14,10,7,-2.631578947368418,-1.8982782304401313,0.7333007169282868,0.7333007169282868,False
M2,Yone|16.17,100,51,86,19,26,1.7783857729138153,1.9322414427030254,0.15385566978921017,0.15385566978921017,False
M2,Yone|16.3,100,14,24,5,15,-11.309523809523808,-12.463361827365532,-1.1538380178417231,1.1538380178417231,False
M2,Yunara|16.1,100,4,7,3,4,-85.71428571428572,-84.45659357202676,1.2576921422589606,1.2576921422589606,False
M2,Yunara|16.14,100,32,36,12,9,-5.208333333333331,-5.9147342105448475,-0.7064008772115162,0.7064008772115162,False
M2,Zaahen|16.3,100,21,55,9,10,-4.848484848484846,-5.704749698713762,-0.8562648502289161,0.8562648502289161,False
M2,Zaahen|16.6,100,42,19,13,9,10.776942355889718,11.204827268281115,0.4278849123913968,0.4278849123913968,False
M2,Zed|16.10,100,45,46,10,12,0.9661835748792202,1.1276876405851843,0.1615040657059641,0.1615040657059641,False
M2,Zed|16.2,100,81,9,12,7,-11.111111111111116,-9.889982546926001,1.2211285641851148,1.2211285641851148,False
M2,Zed|16.3,100,9,7,7,6,-44.44444444444444,-44.444127140494906,0.0003173039495365515,0.0003173039495365515,False
M3,Aatrox|16.12,100,24,45,13,11,20.26009563558972,19.342287981813588,-0.9178076537761335,0.9178076537761335,False
M3,Ahri|16.3,100,20,37,12,11,4.34343434343435,2.254632261093797,-2.0888020823405524,2.0888020823405524,False
M3,Ahri|16.6,100,38,23,11,14,-33.06041784302653,-32.547642961829766,0.5127748811967621,0.5127748811967621,False
M3,Akali|16.5,100,67,22,13,12,-7.264957264957267,-7.324437627161568,-0.059480362204300974,0.059480362204300974,False
M3,Alistar|16.15,100,20,35,8,12,-5.092592592592582,-5.073012171421631,0.019580421170950935,0.019580421170950935,False
M3,Ambessa|16.10,100,15,14,6,8,34.72222222222224,34.155049209946,-0.5671730122762426,0.5671730122762426,False
M3,Ambessa|16.9,100,36,15,9,6,-19.834455667788983,-20.468697990551853,-0.6342423227628693,0.6342423227628693,False
M3,Anivia|16.10,100,24,85,6,10,1.8955926401369338,1.7868350160518465,-0.10875762408508738,0.10875762408508738,False
M3,Aphelios|16.1,100,18,68,4,10,-10.31363636363637,-8.821135805383628,1.4925005582527415,1.4925005582527415,False
M3,Ashe|16.10,100,52,50,19,23,-17.984363081617072,-17.357499774456887,0.6268633071601855,0.6268633071601855,False
M3,Bard|16.13,100,20,87,6,11,-14.87734487734486,-15.559613881479084,-0.6822690041342234,0.6822690041342234,False
M3,Brand|16.11,100,36,17,15,11,-18.974747474747467,-19.283420278271024,-0.30867280352355664,0.30867280352355664,False
M3,Brand|16.13,100,41,86,16,21,-9.585931594860176,-9.086008481806191,0.49992311305398474,0.49992311305398474,False
M3,Brand|16.4,100,31,45,8,6,9.178391053391067,10.732204278996315,1.5538132256052481,1.5538132256052481,False
M3,Braum|16.3,100,18,42,9,11,7.020202020202026,6.0045737058404764,-1.0156283143615497,1.0156283143615497,False
M3,Braum|16.4,100,42,14,11,5,-37.81385281385282,-36.1196666647758,1.6941861490770194,1.6941861490770194,False
M3,Caitlyn|16.1,100,62,45,15,17,-0.06442577030811858,1.9096630233629064,1.974088793671025,1.974088793671025,True
M3,Camille|16.16,100,48,32,14,14,0.6833246118960357,0.5887279706814741,-0.09459664121456157,0.09459664121456157,False
M3,Darius|16.4,100,6,93,5,7,-10.513983371126223,-12.09919408484449,-1.5852107137182667,1.5852107137182667,False
M3,Diana|16.11,100,26,96,10,16,-19.608134920634917,-18.855959982847036,0.7521749377878812,0.7521749377878812,False
M3,Diana|16.3,100,85,12,20,7,9.132440476190473,6.859128514503982,-2.273311961686491,2.273311961686491,False
M3,Ekko|16.3,100,24,9,11,8,21.13636363636363,20.71141082051952,-0.42495281584410804,0.42495281584410804,False
M3,Ezreal|16.3,100,8,21,6,9,1.6666666666666663,0.45731603899656914,-1.2093506276700972,1.2093506276700972,False
M3,Ezreal|16.9,100,33,75,16,18,-4.268628747795394,-3.2510416556146726,1.0175870921807215,1.0175870921807215,False
M3,Galio|16.10,100,15,34,12,18,-7.870370370370372,-7.139347031457621,0.7310233389127507,0.7310233389127507,False
M3,Garen|16.1,100,34,17,11,10,-1.6666666666666718,-0.9369107854883985,0.7297558811782734,0.7297558811782734,False
M3,Garen|16.14,100,48,49,26,13,-12.92124542124542,-14.303470165153131,-1.3822247439077113,1.3822247439077113,False
M3,Garen|16.5,100,5,37,5,17,-34.08963585434173,-32.390254874591946,1.6993809797497832,1.6993809797497832,False
M3,Graves|16.17,100,41,61,18,15,-0.12401795735129117,-0.23468338537796507,-0.1106654280266739,0.1106654280266739,False
M3,Graves|16.7,100,69,81,12,9,-18.981920856920826,-20.851190441949097,-1.8692695850282703,1.8692695850282703,False
M3,Gwen|16.2,100,42,12,12,5,-35.625,-38.21760170095397,-2.5926017009539706,2.5926017009539706,False
M3,Irelia|16.17,100,103,80,9,13,8.057796633746007,7.539867067001382,-0.5179295667446242,0.5179295667446242,False
M3,Jax|16.1,100,83,34,13,13,-7.615384615384613,-8.703298623033206,-1.0879140076485925,1.0879140076485925,False
M3,Jax|16.12,100,47,48,13,9,-18.803418803418825,-18.490317506213174,0.3131012972056517,0.3131012972056517,False
M3,Jayce|16.14,100,27,29,9,15,-4.925925925925911,-6.753770283609223,-1.8278443576833112,1.8278443576833112,False
M3,Jhin|16.1,100,51,45,15,12,-10.509976134976135,-11.6204981120902,-1.1105219771140646,1.1105219771140646,False
M3,Jinx|16.1,100,26,15,10,9,-12.185185185185182,-11.832371759026582,0.35281342615859934,0.35281342615859934,False
M3,Jinx|16.4,100,36,29,11,11,-9.80257116620752,-9.088823508912004,0.7137476572955155,0.7137476572955155,False
M3,Karma|16.7,100,46,56,18,16,2.8136022927689632,2.253029537985923,-0.5605727547830401,0.5605727547830401,False
M3,Karma|16.8,100,56,49,16,8,15.79484811165846,14.098746640083732,-1.6961014715747282,1.6961014715747282,False
M3,Locke|16.14,100,136,51,25,17,-1.0762291123345868,-1.2290558228778892,-0.15282671054330232,0.15282671054330232,False
M3,Locke|16.15,100,51,53,17,13,0.9904474610357095,0.38921276579091946,-0.60123469524479,0.60123469524479,False
M3,Lucian|16.1,100,15,13,9,7,-5.23809523809523,-3.043500451305486,2.194594786789744,2.194594786789744,False
M3,Lux|16.4,100,62,41,13,17,17.725570997629816,17.92717018624431,0.20159918861449455,0.20159918861449455,False
M3,Malphite|16.2,100,26,24,9,13,12.336182336182333,12.626940899455708,0.2907585632733749,0.2907585632733749,False
M3,Mel|16.8,100,27,13,11,8,20.75757575757577,18.8002424833518,-1.95733327422397,1.95733327422397,False
M3,Mordekaiser|16.14,100,28,70,13,23,16.374157243722472,16.70611379919154,0.33195655546906977,0.33195655546906977,False
M3,Mordekaiser|16.15,100,70,29,23,17,-10.642633865140283,-10.14768542247989,0.49494844266039273,0.49494844266039273,False
M3,Nami|16.14,100,136,104,15,11,8.247655122655123,7.842383392838825,-0.405271729816298,0.405271729816298,False
M3,Nami|16.7,100,67,87,13,10,18.678757140295577,18.729513498057575,0.050756357761997606,0.050756357761997606,False
M3,Nasus|16.16,100,40,87,19,33,-11.055669476722112,-10.875753638325369,0.1799158383967434,0.1799158383967434,False
M3,Nasus|16.17,100,87,70,33,29,-1.7059760163208315,-1.3669505592843911,0.3390254570364404,0.3390254570364404,False
M3,Nocturne|16.12,100,36,31,12,9,-17.338864838864843,-14.814205377534783,2.52465946133006,2.52465946133006,False
M3,Nocturne|16.17,100,81,89,16,13,-7.9488153690281225,-7.726871084006265,0.22194428502185737,0.22194428502185737,False
M3,Orianna|16.12,100,47,27,12,11,6.822066822066825,5.757588700799787,-1.0644781212670376,1.0644781212670376,False
M3,Orianna|16.5,100,9,108,5,10,-21.764069264069295,-23.819050042923557,-2.0549807788542616,2.0549807788542616,False
M3,Ornn|16.7,100,18,10,9,6,0.0,1.328262557583082,1.328262557583082,1.328262557583082,False
M3,Poppy|16.16,100,18,48,10,15,-8.050468050468062,-7.4393187299718,0.6111493204962617,0.6111493204962617,False
M3,Ryze|16.3,100,15,26,10,10,-30.49999999999999,-32.093228801226836,-1.5932288012268465,1.5932288012268465,False
M3,Senna|16.1,100,6,15,5,5,45.833333333333336,44.03373996013885,-1.799593373194483,1.799593373194483,False
M3,Senna|16.13,100,87,107,28,37,-4.696556755380282,-4.246697567066166,0.4498591883141163,0.4498591883141163,False
M3,Senna|16.14,100,107,74,37,25,7.318965718965726,5.575989125074393,-1.7429765938913322,1.7429765938913322,False
M3,Senna|16.4,100,11,24,8,12,1.388888888888884,0.6249646688705479,-0.763924220018336,0.763924220018336,False
M3,Seraphine|16.14,100,120,70,36,25,-20.523761750232328,-20.76530799727777,-0.24154624704544148,0.24154624704544148,False
M3,Shen|16.6,100,64,53,11,9,-15.765555992828714,-14.9556982605797,0.8098577322490144,0.8098577322490144,False
M3,Sion|16.13,100,21,30,8,12,14.72222222222222,17.209392707791228,2.487170485569008,2.487170485569008,False
M3,Sivir|16.2,100,31,10,12,9,-31.746031746031754,-31.84516247118215,-0.09913072515039545,0.09913072515039545,False
M3,Smolder|16.1,100,88,45,12,11,21.516666516666515,18.736864370984986,-2.779802145681529,2.779802145681529,False
M3,Smolder|16.11,100,91,41,34,19,-19.652071354857725,-20.883724350453235,-1.2316529955955104,1.2316529955955104,False
M3,Smolder|16.2,100,45,45,11,9,-2.926702926702923,-0.5906523762108207,2.3360505504921023,2.3360505504921023,False
M3,Swain|16.4,100,15,11,8,8,15.625,15.579828222254433,-0.045171777745567354,0.045171777745567354,False
M3,Sylas|16.12,100,36,82,13,21,17.537647537647544,15.71117705384265,-1.8264704838048935,1.8264704838048935,False
M3,Sylas|16.15,100,71,65,33,29,-8.749813404985819,-8.204454013170714,0.5453593918151043,0.5453593918151043,False
M3,Syndra|16.4,100,43,19,8,7,8.324829931972788,9.02770561774921,0.7028756857764211,0.7028756857764211,False
M3,Teemo|16.11,100,68,66,14,14,-7.389418756103816,-7.754403635661767,-0.36498487955795067,0.36498487955795067,False
M3,Thresh|16.17,100,38,27,17,16,-1.1397058823529482,-0.23955948317633258,0.9001463991766157,0.9001463991766157,False
M3,Tristana|16.1,100,19,8,12,4,-23.33333333333334,-19.3082677831431,4.025065550190238,4.025065550190238,False
M3,Twitch|16.4,100,6,54,5,11,31.089271089271076,29.059619277538513,-2.0296518117325633,2.0296518117325633,False
M3,Varus|16.3,100,43,20,14,7,18.794063079777366,16.533787578347482,-2.2602755014298843,2.2602755014298843,False
M3,Vayne|16.17,100,33,29,15,9,9.829059829059839,10.629440023856812,0.8003801947969738,0.8003801947969738,False
M3,Veigar|16.7,100,43,34,10,8,13.637123745819391,13.183396578931184,-0.453727166888207,0.453727166888207,False
M3,Viego|16.1,100,24,24,5,6,-6.655011655011661,-6.747180830600497,-0.09216917558883608,0.09216917558883608,False
M3,Viego|16.2,100,24,125,6,11,-11.949494949494955,-10.955606708454113,0.9938882410408425,0.9938882410408425,False
M3,Xayah|16.1,100,7,10,5,8,-11.666666666666659,-5.616651985039689,6.05001468162697,6.05001468162697,False
M3,Xerath|16.17,100,45,41,17,18,-0.20403888050946617,-0.9129917247903796,-0.7089528442809134,0.7089528442809134,False
M3,Yasuo|16.1,100,44,45,10,9,38.265644955300125,39.09805248518245,0.8324075298823246,0.8324075298823246,False
M3,Yasuo|16.17,100,96,145,22,26,-6.692602448904972,-6.7590247823375025,-0.06642233343253068,0.06642233343253068,False
M3,Yone|16.1,100,38,14,10,7,-1.2916666666666687,0.20990350070454467,1.5015701673712134,1.5015701673712134,True
M3,Yone|16.17,100,51,86,19,26,3.322554638344127,2.5018803066996442,-0.8206743316444829,0.8206743316444829,False
M3,Yone|16.3,100,14,24,5,15,-4.222222222222221,-1.1084217731853196,3.113800449036902,3.113800449036902,False
M3,Yunara|16.1,100,4,7,3,4,-91.66666666666666,-89.64541914415042,2.0212475225162336,2.0212475225162336,False
M3,Yunara|16.14,100,32,36,12,9,-10.597643097643095,-12.396388343262116,-1.7987452456190205,1.7987452456190205,False
M3,Zaahen|16.3,100,21,55,9,10,-26.364550264550257,-26.056610246082833,0.30794001846742347,0.30794001846742347,False
M3,Zaahen|16.6,100,42,19,13,9,3.4453509453509445,3.187260525159019,-0.2580904201919254,0.2580904201919254,False
M3,Zed|16.10,100,45,46,10,12,-13.280004309416055,-12.345699547384225,0.9343047620318305,0.9343047620318305,False
M3,Zed|16.2,100,81,9,12,7,14.021164021164017,15.013889774903195,0.9927257537391778,0.9927257537391778,False
M3,Zed|16.3,100,9,7,7,6,-47.61904761904761,-47.61865599845612,0.0003916205914933357,0.0003916205914933357,False
M4,Aatrox|16.12,100,24,45,13,11,11.944444444444441,9.217078776264431,-2.72736566818001,2.72736566818001,False
M4,Ahri|16.3,100,20,37,12,11,9.459459459459463,7.6574250853840065,-1.8020343740754567,1.8020343740754567,False
M4,Ahri|16.6,100,38,23,11,14,-21.395881006864986,-16.063689865516515,5.332191141348471,5.332191141348471,False
M4,Akali|16.5,100,67,22,13,12,-2.238805970149249,-1.8608830916052366,0.3779228785440125,0.3779228785440125,False
M4,Alistar|16.15,100,20,35,8,12,2.1428571428571352,2.2287059420749045,0.08584879921776922,0.08584879921776922,False
M4,Ambessa|16.10,100,15,14,6,8,10.476190476190473,6.915498023499644,-3.5606924526908283,3.5606924526908283,False
M4,Ambessa|16.9,100,36,15,9,6,4.999999999999999,2.7567824545959185,-2.2432175454040806,2.2432175454040806,False
M4,Anivia|16.10,100,24,85,6,10,-1.225490196078427,-1.8126276064483915,-0.5871374103699645,0.5871374103699645,False
M4,Aphelios|16.1,100,18,68,4,10,-8.496732026143794,-7.335838458090727,1.1608935680530674,1.1608935680530674,False
M4,Ashe|16.10,100,52,50,19,23,-15.615384615384615,-12.493483452474564,3.121901162910051,3.121901162910051,False
M4,Bard|16.13,100,20,87,6,11,7.873563218390806,4.160303418729266,-3.7132597996615395,3.7132597996615395,False
M4,Brand|16.11,100,36,17,15,11,-20.588235294117645,-15.785436604353059,4.802798689764586,4.802798689764586,False
M4,Brand|16.13,100,41,86,16,21,2.382302892796373,2.206908822492226,-0.17539407030414678,0.17539407030414678,False
M4,Brand|16.4,100,31,45,8,6,5.161290322580648,4.749797155457969,-0.41149316712267847,0.41149316712267847,False
M4,Braum|16.3,100,18,42,9,11,3.9682539682539653,2.835314207829054,-1.1329397604249114,1.1329397604249114,False
M4,Braum|16.4,100,42,14,11,5,-16.666666666666668,-11.107679262578246,5.5589874040884215,5.5589874040884215,False
M4,Caitlyn|16.1,100,62,45,15,17,-8.387096774193548,-5.931645171960087,2.4554516022334614,2.4554516022334614,False
M4,Camille|16.16,100,48,32,14,14,-4.166666666666669,-3.0814847518572828,1.085181914809386,1.085181914809386,False
M4,Darius|16.4,100,6,93,5,7,-9.677419354838701,-3.3281431702765096,6.349276184562191,6.349276184562191,False
M4,Diana|16.11,100,26,96,10,16,-14.342948717948723,-11.096444319653575,3.246504398295148,3.246504398295148,False
M4,Diana|16.3,100,85,12,20,7,-4.2156862745098,-3.6328415103842717,0.5828447641255279,0.5828447641255279,False
M4,Ekko|16.3,100,24,9,11,8,9.722222222222227,5.878469743204967,-3.84375247901726,3.84375247901726,False
M4,Ezreal|16.3,100,8,21,6,9,10.119047619047617,2.7540739000499084,-7.3649737189977085,7.3649737189977085,False
M4,Ezreal|16.9,100,33,75,16,18,-5.212121212121207,-5.282099324667211,-0.06997811254600439,0.06997811254600439,False
M4,Galio|16.10,100,15,34,12,18,-8.431372549019612,-6.530657323819444,1.9007152252001678,1.9007152252001678,False
M4,Garen|16.1,100,34,17,11,10,2.941176470588236,1.1160986253059502,-1.8250778452822858,1.8250778452822858,False
M4,Garen|16.14,100,48,49,26,13,7.3129251700680244,4.236102946769538,-3.0768222232984863,3.0768222232984863,False
M4,Garen|16.5,100,5,37,5,17,-19.459459459459456,-8.996870890932652,10.462588568526805,10.462588568526805,False
M4,Graves|16.17,100,41,61,18,15,-5.27788884446222,-3.683899925483425,1.5939889189787952,1.5939889189787952,False
M4,Graves|16.7,100,69,81,12,9,-4.83091787439614,-5.195892620141985,-0.36497474574584476,0.36497474574584476,False
M4,Gwen|16.2,100,42,12,12,5,-17.857142857142854,-12.527574745454423,5.329568111688431,5.329568111688431,False
M4,Irelia|16.17,100,103,80,9,13,2.572815533980588,3.186532802219366,0.6137172682387781,0.6137172682387781,False
M4,Jax|16.1,100,83,34,13,13,-13.182140326009929,-12.852794472186895,0.3293458538230336,0.3293458538230336,False
M4,Jax|16.12,100,47,48,13,9,9.264184397163122,9.259633143906143,-0.0045512532569791375,0.0045512532569791375,False
M4,Jayce|16.14,100,27,29,9,15,-24.521072796934867,-20.144428506820972,4.376644290113894,4.376644290113894,False
M4,Jhin|16.1,100,51,45,15,12,-9.019607843137251,-6.923771451214073,2.0958363919231786,2.0958363919231786,False
M4,Jinx|16.1,100,26,15,10,9,3.3333333333333326,2.8158651462690254,-0.5174681870643072,0.5174681870643072,False
M4,Jinx|16.4,100,36,29,11,11,-7.183908045977011,-5.5404331006721925,1.6434749453048187,1.6434749453048187,False
M4,Karma|16.7,100,46,56,18,16,-1.785714285714285,-2.345421321655966,-0.5597070359416809,0.5597070359416809,False
M4,Karma|16.8,100,56,49,16,8,8.928571428571425,6.280861002920524,-2.647710425650901,2.647710425650901,False
M4,Locke|16.14,100,136,51,25,17,-9.313725490196079,-8.287531936693265,1.0261935535028144,1.0261935535028144,False
M4,Locke|16.15,100,51,53,17,13,4.1805401405845375,3.608362449022878,-0.5721776915616594,0.5721776915616594,False
M4,Lucian|16.1,100,15,13,9,7,7.179487179487176,4.701561514857105,-2.477925664630071,2.477925664630071,False
M4,Lux|16.4,100,62,41,13,17,2.753737214791502,2.9348671213152544,0.18112990652375238,0.18112990652375238,False
M4,Malphite|16.2,100,26,24,9,13,0.9615384615384581,3.0283447724904877,2.0668063109520296,2.0668063109520296,False
M4,Mel|16.8,100,27,13,11,8,-1.994301994301989,-1.597655528752484,0.396646465549505,0.396646465549505,False
M4,Mordekaiser|16.14,100,28,70,13,23,4.285714285714281,3.467568085217887,-0.8181462004963942,0.8181462004963942,False
M4,Mordekaiser|16.15,100,70,29,23,17,-2.5615763546797954,-1.6653586926168917,0.8962176620629037,0.8962176620629037,False
M4,Nami|16.14,100,136,104,15,11,1.414027149321273,1.4851304504529317,0.07110330113165864,0.07110330113165864,False
M4,Nami|16.7,100,67,87,13,10,-1.3209813003945803,-2.5334594389061937,-1.2124781385116135,1.2124781385116135,False
M4,Nasus|16.16,100,40,87,19,33,-5.373563218390808,-5.728414079478789,-0.35485086108798036,0.35485086108798036,False
M4,Nasus|16.17,100,87,70,33,29,4.30213464696223,5.097637504637237,0.7955028576750065,0.7955028576750065,False
M4,Nocturne|16.12,100,36,31,12,9,-5.286738351254478,-3.109734624974453,2.1770037262800246,2.1770037262800246,False
M4,Nocturne|16.17,100,81,89,16,13,4.216951033430427,3.6941502635310153,-0.5228007698994119,0.5228007698994119,False
M4,Orianna|16.12,100,47,27,12,11,-10.3230890464933,-8.674462409940448,1.6486266365528515,1.6486266365528515,False
M4,Orianna|16.5,100,9,108,5,10,-32.407407407407405,-16.385542178400836,16.02186522900657,16.02186522900657,False
M4,Ornn|16.7,100,18,10,9,6,-1.1111111111111183,0.6959162559120546,1.807027367023173,1.807027367023173,True
M4,Poppy|16.16,100,18,48,10,15,-9.027777777777779,-5.2199152386197545,3.807862539158024,3.807862539158024,False
M4,Ryze|16.3,100,15,26,10,10,-0.512820512820511,-0.8264036230744953,-0.31358311025398433,0.31358311025398433,False
M4,Senna|16.1,100,6,15,5,5,43.333333333333336,18.83092677229568,-24.502406561037656,24.502406561037656,False
M4,Senna|16.13,100,87,107,28,37,-4.200236330432916,-3.8751375952833955,0.3250987351495205,0.3250987351495205,False
M4,Senna|16.14,100,107,74,37,25,4.83708007072493,3.6690126182011618,-1.1680674525237684,1.1680674525237684,False
M4,Senna|16.4,100,11,24,8,12,8.71212121212121,4.6244301108906924,-4.087691101230517,4.087691101230517,False
M4,Seraphine|16.14,100,120,70,36,25,-4.642857142857137,-3.8934463685823872,0.7494107742747498,0.7494107742747498,False
M4,Shen|16.6,100,64,53,11,9,-14.416273584905658,-13.467112461786124,0.9491611231195343,0.9491611231195343,False
M4,Sion|16.13,100,21,30,8,12,16.666666666666668,11.246366532509716,-5.420300134156951,5.420300134156951,False
M4,Sivir|16.2,100,31,10,12,9,-38.38709677419355,-23.86358213672508,14.523514637468473,14.523514637468473,False
M4,Smolder|16.1,100,88,45,12,11,-0.12626262626261875,0.48781268889874774,0.6140753151613665,0.6140753151613665,True
M4,Smolder|16.11,100,91,41,34,19,-23.237737871884217,-19.801517327916713,3.4362205439675044,3.4362205439675044,False
M4,Smolder|16.2,100,45,45,11,9,-4.444444444444451,-1.9660595412695492,2.4783849031749017,2.4783849031749017,False
M4,Swain|16.4,100,15,11,8,8,14.54545454545454,8.249920486924688,-6.295534058529851,6.295534058529851,False
M4,Sylas|16.12,100,36,82,13,21,3.658536585365857,3.7567998983107587,0.09826331294490176,0.09826331294490176,False
M4,Sylas|16.15,100,71,65,33,29,4.160346695557965,4.184957604618466,0.024610909060501562,0.024610909060501562,False
M4,Syndra|16.4,100,43,19,8,7,-1.468788249694003,-0.7976542667333275,0.6711339829606755,0.6711339829606755,False
M4,Teemo|16.11,100,68,66,14,14,-5.748663101604279,-4.618136788062532,1.130526313541747,1.130526313541747,False
M4,Thresh|16.17,100,38,27,17,16,1.949317738791423,2.89041628829263,0.941098549501207,0.941098549501207,False
M4,Tristana|16.1,100,19,8,12,4,-20.394736842105267,-8.586970260573413,11.807766581531855,11.807766581531855,False
M4,Twitch|16.4,100,6,54,5,11,20.370370370370377,7.106444818830088,-13.26392555154029,13.26392555154029,False
M4,Varus|16.3,100,43,20,14,7,9.18604651162791,5.6330984246058975,-3.5529480870220134,3.5529480870220134,False
M4,Vayne|16.17,100,33,29,15,9,0.6269592476489061,-0.10922064292882006,-0.7361798905777261,0.7361798905777261,True
M4,Veigar|16.7,100,43,34,10,8,-2.2571819425444617,-0.7230273344081661,1.5341546081362956,1.5341546081362956,False
M4,Viego|16.1,100,24,24,5,6,-16.666666666666668,-11.06481303465976,5.6018536320069074,5.6018536320069074,False
M4,Viego|16.2,100,24,125,6,11,6.3333333333333295,5.210877644224043,-1.1224556891092865,1.1224556891092865,False
M4,Xayah|16.1,100,7,10,5,8,-17.14285714285714,-6.116665125091036,11.026192017766103,11.026192017766103,False
M4,Xerath|16.17,100,45,41,17,18,-5.420054200542001,-5.4627774093470975,-0.04272320880509639,0.04272320880509639,False
M4,Yasuo|16.1,100,44,45,10,9,12.373737373737375,10.523218772833081,-1.8505186009042944,1.8505186009042944,False
M4,Yasuo|16.17,100,96,145,22,26,6.932471264367818,6.319016573898234,-0.6134546904695837,0.6134546904695837,False
M4,Yone|16.1,100,38,14,10,7,-2.631578947368418,-0.7612314875260373,1.8703474598423808,1.8703474598423808,False
M4,Yone|16.17,100,51,86,19,26,1.7783857729138153,1.5020874918188487,-0.27629828109496657,0.27629828109496657,False
M4,Yone|16.3,100,14,24,5,15,-11.309523809523808,-7.410226881540504,3.899296927983304,3.899296927983304,False
M4,Yunara|16.1,100,4,7,3,4,-85.71428571428572,-27.859906561915388,57.854379152370335,57.854379152370335,False
M4,Yunara|16.14,100,32,36,12,9,-5.208333333333331,-5.514361366892223,-0.3060280335588921,0.3060280335588921,False
M4,Zaahen|16.3,100,21,55,9,10,-4.848484848484846,-1.5727847697958208,3.275700078689025,3.275700078689025,False
M4,Zaahen|16.6,100,42,19,13,9,10.776942355889718,8.89416392568274,-1.8827784302069777,1.8827784302069777,False
M4,Zed|16.10,100,45,46,10,12,0.9661835748792202,1.4178174533065246,0.4516338784273044,0.4516338784273044,False
M4,Zed|16.2,100,81,9,12,7,-11.111111111111116,-6.054988620123431,5.056122490987685,5.056122490987685,False
M4,Zed|16.3,100,9,7,7,6,-44.44444444444444,-21.253060598941005,23.191383845503438,23.191383845503438,False
M5,Aatrox|16.12,100,24,45,13,11,11.944444444444441,10.233667546094056,-1.7107768983503853,1.7107768983503853,False
M5,Ahri|16.3,100,20,37,12,11,9.459459459459463,9.553328030814544,0.09386857135508109,0.09386857135508109,False
M5,Ahri|16.6,100,38,23,11,14,-21.395881006864986,-22.510142259204898,-1.1142612523399116,1.1142612523399116,False
M5,Akali|16.5,100,67,22,13,12,-2.238805970149249,-5.511013129445319,-3.2722071592960695,3.2722071592960695,False
M5,Alistar|16.15,100,20,35,8,12,2.1428571428571352,3.290568381142811,1.1477112382856758,1.1477112382856758,False
M5,Ambessa|16.10,100,15,14,6,8,10.476190476190473,11.686111703205338,1.2099212270148652,1.2099212270148652,False
M5,Ambessa|16.9,100,36,15,9,6,4.999999999999999,2.536425004420728,-2.463574995579271,2.463574995579271,False
M5,Anivia|16.10,100,24,85,6,10,-1.225490196078427,-0.5804352237524513,0.6450549723259758,0.6450549723259758,False
M5,Aphelios|16.1,100,18,68,4,10,-8.496732026143794,-8.159725306082349,0.3370067200614457,0.3370067200614457,False
M5,Ashe|16.10,100,52,50,19,23,-15.615384615384615,-16.156621106809215,-0.5412364914246002,0.5412364914246002,False
M5,Bard|16.13,100,20,87,6,11,7.873563218390806,7.487827939061237,-0.38573527932956875,0.38573527932956875,False
M5,Brand|16.11,100,36,17,15,11,-20.588235294117645,-20.68866312681024,-0.10042783269259559,0.10042783269259559,False
M5,Brand|16.13,100,41,86,16,21,2.382302892796373,2.4670101373510445,0.08470724455467149,0.08470724455467149,False
M5,Brand|16.4,100,31,45,8,6,5.161290322580648,5.750078456347474,0.5887881337668261,0.5887881337668261,False
M5,Braum|16.3,100,18,42,9,11,3.9682539682539653,4.336750490222285,0.36849652196832006,0.36849652196832006,False
M5,Braum|16.4,100,42,14,11,5,-16.666666666666668,-17.915081562215924,-1.2484148955492564,1.2484148955492564,False
M5,Caitlyn|16.1,100,62,45,15,17,-8.387096774193548,-7.940461196337589,0.4466355778559592,0.4466355778559592,False
M5,Camille|16.16,100,48,32,14,14,-4.166666666666669,-4.010927348929794,0.15573931773687466,0.15573931773687466,False
M5,Darius|16.4,100,6,93,5,7,-9.677419354838701,-9.992110535931854,-0.31469118109315275,0.31469118109315275,False
M5,Diana|16.11,100,26,96,10,16,-14.342948717948723,-14.21629632867255,0.12665238927617217,0.12665238927617217,False
M5,Diana|16.3,100,85,12,20,7,-4.2156862745098,-6.255339999832415,-2.0396537253226157,2.0396537253226157,False
M5,Ekko|16.3,100,24,9,11,8,9.722222222222227,12.007690806456967,2.2854685842347404,2.2854685842347404,False
M5,Ezreal|16.3,100,8,21,6,9,10.119047619047617,10.504115067398374,0.3850674483507568,0.3850674483507568,False
M5,Ezreal|16.9,100,33,75,16,18,-5.212121212121207,-5.690437020329203,-0.4783158082079968,0.4783158082079968,False
M5,Galio|16.10,100,15,34,12,18,-8.431372549019612,-6.389719013243539,2.0416535357760726,2.0416535357760726,False
M5,Garen|16.1,100,34,17,11,10,2.941176470588236,5.901259439002871,2.960082968414635,2.960082968414635,False
M5,Garen|16.14,100,48,49,26,13,7.3129251700680244,6.998305004903643,-0.3146201651643814,0.3146201651643814,False
M5,Garen|16.5,100,5,37,5,17,-19.459459459459456,-21.660270360002933,-2.200810900543477,2.200810900543477,False
M5,Graves|16.17,100,41,61,18,15,-5.27788884446222,-4.5290856523336975,0.7488031921285225,0.7488031921285225,False
M5,Graves|16.7,100,69,81,12,9,-4.83091787439614,-4.721261688971917,0.10965618542422284,0.10965618542422284,False
M5,Gwen|16.2,100,42,12,12,5,-17.857142857142854,-21.386413135029564,-3.5292702778867096,3.5292702778867096,False
M5,Irelia|16.17,100,103,80,9,13,2.572815533980588,1.225159325734504,-1.3476562082460841,1.3476562082460841,False
M5,Jax|16.1,100,83,34,13,13,-13.182140326009929,-11.213943550275129,1.9681967757347998,1.9681967757347998,False
M5,Jax|16.12,100,47,48,13,9,9.264184397163122,9.656776549313129,0.39259215215000687,0.39259215215000687,False
M5,Jayce|16.14,100,27,29,9,15,-24.521072796934867,-24.115632182071504,0.40544061486336247,0.40544061486336247,False
M5,Jhin|16.1,100,51,45,15,12,-9.019607843137251,-9.198042911314902,-0.17843506817765054,0.17843506817765054,False
M5,Jinx|16.1,100,26,15,10,9,3.3333333333333326,0.10306677134128694,-3.2302665619920456,3.2302665619920456,False
M5,Jinx|16.4,100,36,29,11,11,-7.183908045977011,-8.327819363913413,-1.1439113179364018,1.1439113179364018,False
M5,Karma|16.7,100,46,56,18,16,-1.785714285714285,-2.30311822989922,-0.5174039441849352,0.5174039441849352,False
M5,Karma|16.8,100,56,49,16,8,8.928571428571425,9.098895035684002,0.17032360711257688,0.17032360711257688,False
M5,Locke|16.14,100,136,51,25,17,-9.313725490196079,-9.222248941615213,0.09147654858086618,0.09147654858086618,False
M5,Locke|16.15,100,51,53,17,13,4.1805401405845375,3.5162781983574476,-0.6642619422270899,0.6642619422270899,False
M5,Lucian|16.1,100,15,13,9,7,7.179487179487176,7.199929603127808,0.02044242364063198,0.02044242364063198,False
M5,Lux|16.4,100,62,41,13,17,2.753737214791502,3.2620064810618854,0.5082692662703834,0.5082692662703834,False
M5,Malphite|16.2,100,26,24,9,13,0.9615384615384581,3.3054241886108615,2.3438857270724034,2.3438857270724034,False
M5,Mel|16.8,100,27,13,11,8,-1.994301994301989,-2.5001867625167487,-0.5058847682147596,0.5058847682147596,False
M5,Mordekaiser|16.14,100,28,70,13,23,4.285714285714281,4.862612643937259,0.5768983582229774,0.5768983582229774,False
M5,Mordekaiser|16.15,100,70,29,23,17,-2.5615763546797954,-3.4762286003960807,-0.9146522457162853,0.9146522457162853,False
M5,Nami|16.14,100,136,104,15,11,1.414027149321273,1.6479002884962513,0.2338731391749782,0.2338731391749782,False
M5,Nami|16.7,100,67,87,13,10,-1.3209813003945803,-1.212106636620025,0.10887466377455524,0.10887466377455524,False
M5,Nasus|16.16,100,40,87,19,33,-5.373563218390808,-5.825308318767814,-0.4517451003770052,0.4517451003770052,False
M5,Nasus|16.17,100,87,70,33,29,4.30213464696223,4.06494714657657,-0.2371875003856605,0.2371875003856605,False
M5,Nocturne|16.12,100,36,31,12,9,-5.286738351254478,-5.733702043882577,-0.4469636926280991,0.4469636926280991,False
M5,Nocturne|16.17,100,81,89,16,13,4.216951033430427,3.2599736721210637,-0.9569773613093635,0.9569773613093635,False
M5,Orianna|16.12,100,47,27,12,11,-10.3230890464933,-10.885491333645186,-0.5624022871518868,0.5624022871518868,False
M5,Orianna|16.5,100,9,108,5,10,-32.407407407407405,-32.24683777432596,0.1605696330814439,0.1605696330814439,False
M5,Ornn|16.7,100,18,10,9,6,-1.1111111111111183,-3.228921723227718,-2.1178106121165996,2.1178106121165996,False
M5,Poppy|16.16,100,18,48,10,15,-9.027777777777779,-8.433951517694272,0.5938262600835067,0.5938262600835067,False
M5,Ryze|16.3,100,15,26,10,10,-0.512820512820511,0.764151516907674,1.276972029728185,1.276972029728185,True
M5,Senna|16.1,100,6,15,5,5,43.333333333333336,44.00810225247507,0.6747689191417336,0.6747689191417336,False
M5,Senna|16.13,100,87,107,28,37,-4.200236330432916,-4.657699866187448,-0.457463535754532,0.457463535754532,False
M5,Senna|16.14,100,107,74,37,25,4.83708007072493,4.12416299586551,-0.71291707485942,0.71291707485942,False
M5,Senna|16.4,100,11,24,8,12,8.71212121212121,9.464827145597072,0.7527059334758626,0.7527059334758626,False
M5,Seraphine|16.14,100,120,70,36,25,-4.642857142857137,-5.86329474786047,-1.2204376050033332,1.2204376050033332,False
M5,Shen|16.6,100,64,53,11,9,-14.416273584905658,-14.368591346417354,0.04768223848830466,0.04768223848830466,False
M5,Sion|16.13,100,21,30,8,12,16.666666666666668,15.990427870204726,-0.6762387964619414,0.6762387964619414,False
M5,Sivir|16.2,100,31,10,12,9,-38.38709677419355,-38.174819479278206,0.21227729491534575,0.21227729491534575,False
M5,Smolder|16.1,100,88,45,12,11,-0.12626262626261875,0.26057327366949545,0.3868358999321142,0.3868358999321142,True
M5,Smolder|16.11,100,91,41,34,19,-23.237737871884217,-22.747629292936733,0.49010857894748483,0.49010857894748483,False
M5,Smolder|16.2,100,45,45,11,9,-4.444444444444451,-7.025373607188662,-2.5809291627442112,2.5809291627442112,False
M5,Swain|16.4,100,15,11,8,8,14.54545454545454,13.611724694976102,-0.9337298504784375,0.9337298504784375,False
M5,Sylas|16.12,100,36,82,13,21,3.658536585365857,3.23668844545556,-0.4218481399102969,0.4218481399102969,False
M5,Sylas|16.15,100,71,65,33,29,4.160346695557965,3.3865453316008374,-0.7738013639571273,0.7738013639571273,False
M5,Syndra|16.4,100,43,19,8,7,-1.468788249694003,0.5239704424741864,1.9927586921681895,1.9927586921681895,True
M5,Teemo|16.11,100,68,66,14,14,-5.748663101604279,-5.571639387809569,0.1770237137947106,0.1770237137947106,False
M5,Thresh|16.17,100,38,27,17,16,1.949317738791423,1.3937715752441626,-0.5555461635472603,0.5555461635472603,False
M5,Tristana|16.1,100,19,8,12,4,-20.394736842105267,-21.87278880946957,-1.4780519673643013,1.4780519673643013,False
M5,Twitch|16.4,100,6,54,5,11,20.370370370370377,20.58460682812114,0.2142364577507614,0.2142364577507614,False
M5,Varus|16.3,100,43,20,14,7,9.18604651162791,8.760455032289816,-0.42559147933809527,0.42559147933809527,False
M5,Vayne|16.17,100,33,29,15,9,0.6269592476489061,0.24264352532948896,-0.38431572231941713,0.38431572231941713,False
M5,Veigar|16.7,100,43,34,10,8,-2.2571819425444617,-0.7427313074787167,1.514450635065745,1.514450635065745,False
M5,Viego|16.1,100,24,24,5,6,-16.666666666666668,-14.335466635921229,2.331200030745439,2.331200030745439,False
M5,Viego|16.2,100,24,125,6,11,6.3333333333333295,6.613504333267095,0.28017099993376515,0.28017099993376515,False
M5,Xayah|16.1,100,7,10,5,8,-17.14285714285714,-15.902840946659857,1.2400161961972813,1.2400161961972813,False
M5,Xerath|16.17,100,45,41,17,18,-5.420054200542001,-5.310032650436291,0.11002155010571002,0.11002155010571002,False
M5,Yasuo|16.1,100,44,45,10,9,12.373737373737375,11.807698491025759,-0.5660388827116165,0.5660388827116165,False
M5,Yasuo|16.17,100,96,145,22,26,6.932471264367818,7.316484782025562,0.3840135176577437,0.3840135176577437,False
M5,Yone|16.1,100,38,14,10,7,-2.631578947368418,-1.4792513204399782,1.15232762692844,1.15232762692844,False
M5,Yone|16.17,100,51,86,19,26,1.7783857729138153,1.5667716104875995,-0.21161416242621578,0.21161416242621578,False
M5,Yone|16.3,100,14,24,5,15,-11.309523809523808,-13.16399224119727,-1.854468431673462,1.854468431673462,False
M5,Yunara|16.1,100,4,7,3,4,-85.71428571428572,-86.18272790768395,-0.4684421933982321,0.4684421933982321,False
M5,Yunara|16.14,100,32,36,12,9,-5.208333333333331,-5.205305999510529,0.0030273338228026248,0.0030273338228026248,False
M5,Zaahen|16.3,100,21,55,9,10,-4.848484848484846,-4.415753978980308,0.432730869504538,0.432730869504538,False
M5,Zaahen|16.6,100,42,19,13,9,10.776942355889718,11.2658131236547,0.4888707677649826,0.4888707677649826,False
M5,Zed|16.10,100,45,46,10,12,0.9661835748792202,1.5362366470516697,0.5700530721724495,0.5700530721724495,False
M5,Zed|16.2,100,81,9,12,7,-11.111111111111116,-7.101789474630172,4.009321636480944,4.009321636480944,False
M5,Zed|16.3,100,9,7,7,6,-44.44444444444444,-44.44444444444444,0.0,0.0,False
S1,Aatrox|16.12,50,25,45,14,11,9.777777777777775,9.556023967522103,-0.22175381025567198,0.22175381025567198,False
S1,Ahri|16.3,50,27,49,16,18,11.035525321239609,10.988136615729454,-0.04738870551015495,0.04738870551015495,False
S1,Ahri|16.6,50,50,44,18,17,-3.7272727272727346,-4.013061655878847,-0.28578892860611216,0.28578892860611216,False
S1,Akali|16.5,50,69,22,14,12,-3.6231884057971064,-2.800332627881219,0.8228557779158874,0.8228557779158874,False
S1,Alistar|16.15,50,28,35,10,12,3.57142857142857,3.813286502229307,0.24185793080073736,0.24185793080073736,False
S1,Ambessa|16.10,50,20,16,9,10,1.2499999999999956,2.3022638981351706,1.052263898135175,1.052263898135175,False
S1,Ambessa|16.9,50,40,20,12,9,12.500000000000005,11.407343927857788,-1.0926560721422174,1.0926560721422174,False
S1,Anivia|16.10,50,24,96,6,11,-3.125,-4.846362385366099,-1.721362385366099,1.721362385366099,False
S1,Aphelios|16.1,50,23,82,6,13,-16.967126193001064,-18.314224360797997,-1.3470981677969327,1.3470981677969327,False
S1,Ashe|16.10,50,52,56,19,28,-16.75824175824176,-15.821915285413162,0.9363264728285969,0.9363264728285969,False
S1,Bard|16.13,50,25,97,7,12,12.701030927835049,11.253520849613302,-1.4475100782217467,1.4475100782217467,False
S1,Brand|16.11,50,44,28,19,11,-9.415584415584416,-10.607373826396543,-1.1917894108121274,1.1917894108121274,False
S1,Brand|16.13,50,62,93,19,25,0.0,-0.06246934226975531,-0.06246934226975531,0.06246934226975531,False
S1,Brand|16.4,50,36,48,10,7,-0.6944444444444531,-0.4955306817760574,0.19891376266839567,0.19891376266839567,False
S1,Braum|16.3,50,40,59,13,16,-8.26271186440678,-8.802205055128386,-0.5394931907216058,0.5394931907216058,False
S1,Braum|16.4,50,59,24,16,10,-4.23728813559322,-2.8803951401735195,1.3568929954197002,1.3568929954197002,False
S1,Caitlyn|16.1,50,68,57,19,23,-9.93292053663571,-8.48569512967181,1.4472254069638986,1.4472254069638986,False
S1,Camille|16.16,50,49,32,15,14,-5.229591836734693,-4.777593549581743,0.45199828715295,0.45199828715295,False
S1,Darius|16.4,50,15,108,8,11,-11.111111111111105,-12.67957630976676,-1.5684651986556553,1.5684651986556553,False
S1,Diana|16.11,50,28,98,12,18,-15.816326530612246,-17.333935281931755,-1.517608751319509,1.517608751319509,False
S1,Diana|16.3,50,88,14,21,8,-3.7337662337662336,-3.660624933774476,0.07314129999175778,0.07314129999175778,False
S1,Ekko|16.3,50,30,28,14,11,10.71428571428571,10.519874841802912,-0.19441087248279842,0.19441087248279842,False
S1,Ezreal|16.3,50,21,32,8,13,5.35714285714286,6.14121139715934,0.78406854001648,0.78406854001648,False
S1,Ezreal|16.9,50,34,83,17,23,0.07087172218285254,-0.7738329907861163,-0.8447047129689689,0.8447047129689689,True
S1,Galio|16.10,50,16,35,13,19,-9.999999999999998,-9.354556135341852,0.6454438646581462,0.6454438646581462,False
S1,Garen|16.1,50,41,20,13,13,-1.2195121951219523,-1.1211265538793924,0.09838564124255988,0.09838564124255988,False
S1,Garen|16.14,50,56,51,29,15,8.123249299719888,6.700977773869232,-1.4222715258506557,1.4222715258506557,False
S1,Garen|16.5,50,14,39,9,18,5.311355311355309,5.273759547890089,-0.03759576346522042,0.03759576346522042,False
S1,Graves|16.17,50,56,96,21,19,1.1904761904761973,0.25731547380956066,-0.9331607166666367,0.9331607166666367,False
S1,Graves|16.7,50,76,101,12,10,-5.771235018238668,-7.375310396582013,-1.604075378343345,1.604075378343345,False
S1,Gwen|16.2,50,48,13,14,6,-19.871794871794872,-20.408615701197107,-0.5368208294022345,0.5368208294022345,False
S1,Irelia|16.17,50,105,80,10,13,3.571428571428581,4.263887781300301,0.6924592098717204,0.6924592098717204,False
S1,Jax|16.1,50,86,39,15,15,-15.712581991651764,-17.438303036485998,-1.7257210448342342,1.7257210448342342,False
S1,Jax|16.12,50,48,54,14,12,5.0925925925925934,6.336001890895126,1.2434092983025327,1.2434092983025327,False
S1,Jayce|16.14,50,30,29,11,15,-25.632183908045974,-27.567051213239473,-1.9348673051934995,1.9348673051934995,False
S1,Jhin|16.1,50,83,50,24,14,-9.807228915662652,-8.688537653259221,1.1186912624034306,1.1186912624034306,False
S1,Jinx|16.1,50,33,25,14,14,4.4848484848484915,4.026226609274519,-0.4586218755739724,0.4586218755739724,False
S1,Jinx|16.4,50,43,53,16,12,-4.563405002193943,-4.186594745186572,0.3768102570073708,0.3768102570073708,False
S1,Karma|16.7,50,51,61,21,17,-3.4394085503053673,-4.443837297748665,-1.0044287474432978,1.0044287474432978,False
S1,Karma|16.8,50,61,50,17,9,8.459016393442631,7.151707729781237,-1.3073086636613942,1.3073086636613942,False
S1,Locke|16.14,50,159,57,30,18,-10.327706057596824,-10.30330621108605,0.02439984651077509,0.02439984651077509,False
S1,Locke|16.15,50,57,61,18,16,7.42018981880932,8.293996331738034,0.8738065129287147,0.8738065129287147,False
S1,Lucian|16.1,50,35,31,13,12,-0.18433179723502113,-1.8242325200952536,-1.6399007228602325,1.6399007228602325,False
S1,Lux|16.4,50,88,53,15,20,-2.0583190394511117,-0.7508772737994995,1.3074417656516122,1.3074417656516122,False
S1,Malphite|16.2,50,46,26,19,15,9.364548494983282,9.408727263972239,0.04417876898895656,0.04417876898895656,False
S1,Mel|16.8,50,28,16,12,10,-2.67857142857143,-2.557678850698303,0.12089257787312713,0.12089257787312713,False
S1,Mordekaiser|16.14,50,33,73,14,25,-1.1207970112079635,-1.9907883229753454,-0.8699913117673819,0.8699913117673819,False
S1,Mordekaiser|16.15,50,73,30,25,18,-0.09132420091324533,0.8262160557986453,0.9175402567118907,0.9175402567118907,True
S1,Nami|16.14,50,141,106,17,12,1.0571390338552145,1.3908251547762096,0.33368612092099514,0.33368612092099514,False
S1,Nami|16.7,50,122,114,19,17,-4.040839804429108,-4.862173982793716,-0.8213341783646078,0.8213341783646078,False
S1,Nasus|16.16,50,40,91,19,37,-5.247252747252751,-6.535359356696679,-1.2881066094439282,1.2881066094439282,False
S1,Nasus|16.17,50,91,70,37,29,4.175824175824172,5.120415988252231,0.944591812428059,0.944591812428059,False
S1,Nocturne|16.12,50,37,34,13,11,-7.710651828298892,-6.435534309815477,1.2751175184834151,1.2751175184834151,False
S1,Nocturne|16.17,50,85,90,19,14,4.901960784313719,4.306442800754584,-0.5955179835591347,0.5955179835591347,False
S1,Orianna|16.12,50,47,40,12,12,-3.5638297872340408,-2.5713641017770184,0.9924656854570224,0.9924656854570224,False
S1,Orianna|16.5,50,11,114,7,14,-27.990430622009573,-27.811591633769446,0.1788389882401269,0.1788389882401269,False
S1,Ornn|16.7,50,30,11,9,7,0.303030303030305,1.4176322013982445,1.1146018983679395,1.1146018983679395,False
S1,Poppy|16.16,50,18,48,10,15,-9.027777777777779,-8.782898010429951,0.24487976734782713,0.24487976734782713,False
S1,Ryze|16.3,50,23,26,12,10,2.67558528428094,2.8461014900273804,0.17051620574644044,0.17051620574644044,False
S1,Senna|16.1,50,14,19,8,8,4.511278195488721,6.871844118850323,2.3605659233616016,2.3605659233616016,False
S1,Senna|16.13,50,100,139,32,40,-1.3237410071942457,-1.443859466198838,-0.12011845900459228,0.12011845900459228,False
S1,Senna|16.14,50,139,74,40,25,3.4318491153023434,2.825466934088239,-0.6063821812141046,0.6063821812141046,False
S1,Senna|16.4,50,24,27,10,12,6.018518518518517,5.683545888838848,-0.3349726296796689,0.3349726296796689,False
S1,Seraphine|16.14,50,137,75,43,28,-4.457420924574218,-4.407081394276657,0.050339530297560664,0.050339530297560664,False
S1,Shen|16.6,50,66,55,13,11,-14.24242424242424,-14.188174811765986,0.05424943065825438,0.05424943065825438,False
S1,Sion|16.13,50,28,32,13,13,14.285714285714285,15.157799791479937,0.8720855057656518,0.8720855057656518,False
S1,Sivir|16.2,50,37,26,14,13,-7.900207900207901,-7.120121175493549,0.7800867247143524,0.7800867247143524,False
S1,Smolder|16.1,50,92,52,14,14,-1.5886287625418105,-1.1837579680277766,0.40487079451403396,0.40487079451403396,False
S1,Smolder|16.11,50,110,51,41,23,-22.121212121212125,-21.306568050097894,0.8146440711142304,0.8146440711142304,False
S1,Smolder|16.2,50,52,48,14,10,-3.8461538461538436,-2.623738135591158,1.2224157105626854,1.2224157105626854,False
S1,Swain|16.4,50,22,16,11,10,10.795454545454547,10.93037675264537,0.13492220719082404,0.13492220719082404,False
S1,Sylas|16.12,50,37,86,14,25,3.299811439346323,3.302654513683223,0.00284307433690012,0.00284307433690012,False
S1,Sylas|16.15,50,78,70,36,31,6.55677655677655,7.22286512276572,0.6660885659891695,0.6660885659891695,False
S1,Syndra|16.4,50,52,21,11,9,3.3882783882783873,3.946576465924845,0.5582980776464574,0.5582980776464574,False
S1,Teemo|16.11,50,95,81,18,16,-7.966211825860947,-7.505238665533254,0.4609731603276934,0.4609731603276934,False
S1,Thresh|16.17,50,39,28,18,17,-1.3736263736263687,-1.087440910079196,0.2861854635471728,0.2861854635471728,False
S1,Tristana|16.1,50,26,10,14,6,-27.69230769230769,-24.90002866870144,2.7922790236062482,2.7922790236062482,False
S1,Twitch|16.4,50,9,57,7,13,28.654970760233923,25.13905692986316,-3.5159138303707635,3.5159138303707635,False
S1,Varus|16.3,50,55,28,18,10,11.623376623376618,9.753089214239075,-1.8702874091375428,1.8702874091375428,False
S1,Vayne|16.17,50,45,29,17,9,6.28352490421456,5.313578539611807,-0.9699463646027526,0.9699463646027526,False
S1,Veigar|16.7,50,46,37,12,11,-4.641598119858992,-4.713658152424982,-0.07206003256598947,0.07206003256598947,False
S1,Viego|16.1,50,31,54,8,9,-11.768219832735966,-10.96003146022128,0.8081883725146852,0.8081883725146852,False
S1,Viego|16.2,50,54,164,9,15,2.484191508581751,2.8108243289866666,0.3266328204049156,0.3266328204049156,False
S1,Xayah|16.1,50,11,20,7,9,-28.636363636363637,-25.663286916862383,2.973076719501254,2.973076719501254,False
S1,Xerath|16.17,50,45,41,17,18,-5.420054200542001,-5.755790869048344,-0.33573666850634254,0.33573666850634254,False
S1,Yasuo|16.1,50,49,80,11,13,10.561224489795912,8.412509612287183,-2.148714877508729,2.148714877508729,False
S1,Yasuo|16.17,50,100,152,23,28,7.315789473684214,7.298364472313712,-0.01742500137050218,0.01742500137050218,False
S1,Yone|16.1,50,49,17,13,9,-4.201680672268903,-3.2233984413897465,0.9782822308791568,0.9782822308791568,False
S1,Yone|16.17,50,51,87,19,27,2.366463826910076,2.422622611262187,0.05615878435211119,0.05615878435211119,False
S1,Yone|16.3,50,22,40,10,20,0.454545454545463,0.27972576268526783,-0.1748196918601952,0.1748196918601952,False
S1,Yunara|16.1,50,6,15,5,9,-43.333333333333336,-44.21699742369522,-0.8836640903618829,0.8836640903618829,False
S1,Yunara|16.14,50,39,49,15,12,-8.424908424908423,-9.599863002174919,-1.1749545772664955,1.1749545772664955,False
S1,Zaahen|16.3,50,27,101,11,14,-7.517418408507515,-8.869528704299267,-1.3521102957917517,1.3521102957917517,False
S1,Zaahen|16.6,50,46,33,14,11,7.57575757575758,8.453210738953343,0.8774531631957636,0.8774531631957636,False
S1,Zed|16.10,50,46,47,11,13,-1.2025901942645634,-1.3111968190904544,-0.10860662482589101,0.10860662482589101,False
S1,Zed|16.2,50,86,29,15,15,-14.434643143544507,-12.266973937884757,2.1676692056597506,2.1676692056597506,False
S1,Zed|16.3,50,29,31,15,11,-2.669632925472748,-2.4161619331702133,0.2534709923025349,0.2534709923025349,False
