event_id,n_both_eligible_paired,continuing_total_matches,continuing_match_weight_ess,raw_delta_pp,match_weighted_continuing_delta_pp,player_balanced_continuing_delta_pp,match_weighted_minus_raw_pp,player_balanced_minus_raw_pp,match_weighted_direction_flip,player_balanced_direction_flip,bootstrap_ci_low_pp,bootstrap_ci_high_pp,bootstrap_ci_width_pp,bootstrap_ci_includes_zero,bootstrap_reps
Aatrox|16.12,6,52,2.7991718426501033,11.944444444444441,24.166666666666664,21.75889328063241,12.222222222222223,9.81444883618797,False,False,1.3043478260869565,44.696969696969695,43.39262187088274,False,1000
Ahri|16.3,5,23,4.165354330708661,9.459459459459463,-13.636363636363635,-14.000000000000002,-23.0958230958231,-23.459459459459467,True,True,-57.99999999999999,24.000000000000004,82.0,True,1000
Ahri|16.6,5,37,2.0648567119155357,-21.395881006864986,-28.095238095238095,-21.304347826086953,-6.699357088373109,0.09153318077803263,False,False,-72.6086956521739,48.69565217391305,121.30434782608695,True,1000
Akali|16.5,4,59,1.376433372874654,-2.238805970149249,-5.102040816326525,-30.833333333333336,-2.863234846177276,-28.594527363184085,False,False,-75.0,13.333333333333336,88.33333333333334,True,1000
Alistar|16.15,5,40,2.4464831804281344,2.1428571428571352,14.583333333333337,24.444444444444446,12.440476190476202,22.30158730158731,False,False,4.4444444444444455,44.44444444444445,40.00000000000001,False,1000
Ambessa|16.10,3,18,2.6557377049180326,10.476190476190473,8.333333333333325,36.111111111111114,-2.1428571428571477,25.63492063492064,False,False,-25.0,100.0,125.0,True,1000
Ambessa|16.9,3,34,2.6392694063926943,4.999999999999999,-3.5555555555555562,-24.781144781144786,-8.555555555555555,-29.781144781144786,True,True,-55.55555555555556,21.212121212121207,76.76767676767676,True,1000
Anivia|16.10,4,70,1.3468938977460143,-1.225490196078427,-6.628787878787873,-8.528562259306804,-5.403297682709446,-7.303072063228377,False,False,-18.806964056482666,0.0,18.806964056482666,True,1000
Aphelios|16.1,2,21,1.2082191780821918,-8.496732026143794,-16.666666666666668,-10.227272727272727,-8.169934640522873,-1.7305407011289322,False,False,-20.454545454545453,0.0,20.454545454545453,True,1000
Ashe|16.10,9,53,5.37093690248566,-15.615384615384615,-20.714285714285708,-16.38888888888889,-5.098901098901093,-0.7735042735042743,False,False,-46.66666666666666,12.5,59.16666666666666,True,1000
Bard|16.13,3,22,2.2616822429906542,7.873563218390806,-10.714285714285715,-26.50793650793651,-18.587848932676522,-34.38149972632731,True,True,-50.0,-9.523809523809524,40.476190476190474,False,1000
Brand|16.11,6,32,3.657142857142857,-20.588235294117645,-16.666666666666668,-6.527777777777779,3.921568627450977,14.060457516339866,False,False,-58.35069444444444,50.065972222222165,108.4166666666666,True,1000
Brand|16.13,7,78,2.925,2.382302892796373,12.083333333333336,13.174603174603176,9.701030440536963,10.792300281806803,False,False,-9.047619047619047,44.523809523809526,53.57142857142857,True,1000
Brand|16.4,3,61,1.2634974533106962,5.161290322580648,8.352402745995423,-5.591630591630592,3.1911124234147756,-10.75292091421124,False,True,-25.0,8.225108225108224,33.22510822510822,True,1000
Braum|16.3,4,34,1.864516129032258,3.9682539682539653,-17.307692307692314,-11.249999999999998,-21.27594627594628,-15.218253968253963,True,True,-37.5,3.7500000000000036,41.25,True,1000
Braum|16.4,3,23,2.9887005649717513,-16.666666666666668,-22.72727272727273,-36.50793650793651,-6.060606060606062,-19.841269841269845,False,False,-83.33333333333334,16.666666666666664,100.0,True,1000
Caitlyn|16.1,6,54,3.826771653543307,-8.387096774193548,-3.382663847780126,15.394491129785248,5.004432926413422,23.781587903978796,False,True,-20.52608543417367,53.92156862745098,74.44765406162465,True,1000
Camille|16.16,6,41,5.204334365325077,-4.166666666666669,-1.9138755980861233,-4.246031746031744,2.2527910685805455,-0.07936507936507553,False,False,-45.714285714285715,35.55555555555556,81.26984126984127,True,1000
Darius|16.4,3,33,1.3663739021329988,-9.677419354838701,12.06896551724138,36.41975308641975,21.746384872080082,46.09717244125845,True,True,0.0,59.25925925925925,59.25925925925925,True,1000
Diana|16.11,3,74,1.9627240143369176,-14.342948717948723,-25.762711864406786,-30.29100529100529,-11.419763146458063,-15.948056573056569,False,False,-54.761904761904766,8.333333333333337,63.0952380952381,True,1000
Diana|16.3,7,58,2.399429386590585,-4.2156862745098,-6.159420289855072,5.208333333333332,-1.9437340153452727,9.424019607843132,False,True,-30.978422619047624,44.22247023809521,75.20089285714283,True,1000
Ekko|16.3,2,8,1.6,9.722222222222227,16.666666666666668,-9.999999999999998,6.944444444444441,-19.722222222222225,False,True,-100.0,80.0,180.0,True,1000
Ezreal|16.3,2,6,1.8,10.119047619047617,0.0,-16.666666666666668,-10.119047619047617,-26.785714285714285,False,True,-33.333333333333336,0.0,33.333333333333336,True,1000
Ezreal|16.9,10,64,8.49792531120332,-5.212121212121207,2.3809523809523836,7.857142857142856,7.593073593073591,13.069264069264062,True,True,-20.96130952380953,39.88095238095239,60.84226190476191,True,1000
Galio|16.10,6,22,5.5,-8.431372549019612,5.357142857142855,0.0,13.788515406162468,8.431372549019612,True,False,-50.0,50.0,100.0,True,1000
Garen|16.1,3,22,2.4948453608247423,2.941176470588236,7.142857142857145,25.555555555555554,4.201680672268909,22.614379084967318,False,False,-40.00000000000001,72.91666666666603,112.91666666666603,True,1000
Garen|16.14,6,45,3.827977315689981,7.3129251700680244,-3.7037037037037033,-23.690476190476193,-11.016628873771728,-31.003401360544217,True,True,-62.52083333333333,10.505952380952355,73.02678571428568,True,1000
Garen|16.5,4,20,3.508771929824561,-19.459459459459456,-31.25,-35.714285714285715,-11.790540540540544,-16.25482625482626,False,False,-85.71428571428572,25.0,110.71428571428572,True,1000
Graves|16.17,9,67,3.8798617113223854,-5.27788884446222,-2.508960573476704,10.246913580246913,2.768928270985516,15.524802424709133,False,True,-30.8858024691358,45.824074074074055,76.70987654320986,True,1000
Graves|16.7,5,105,1.994031470428649,-4.83091787439614,-5.555555555555553,-32.692640692640694,-0.7246376811594128,-27.861722818244555,False,False,-51.9047619047619,-10.744588744588741,41.16017316017316,False,1000
Gwen|16.2,4,41,1.5963912630579298,-17.857142857142854,-11.212121212121213,-30.208333333333332,6.645021645021641,-12.351190476190478,False,False,-83.33333333333333,22.916666666666668,106.25,True,1000
Irelia|16.17,5,164,1.6235663406978147,2.572815533980588,7.12417294968456,29.756781193490056,4.551357415703972,27.183965659509468,False,False,-1.428571428571428,58.780590717299575,60.209162145871005,True,1000
Jax|16.1,6,85,3.7338501291989665,-13.182140326009929,-19.408369408369403,-8.166666666666664,-6.226229082359474,5.0154736593432645,False,False,-25.33333333333333,12.666666666666668,38.0,True,1000
Jax|16.12,5,68,1.7743668457405986,9.264184397163122,13.251961639058418,-17.256410256410255,3.987777241895296,-26.520594653573376,False,True,-60.0,12.230769230769232,72.23076923076923,True,1000
Jayce|16.14,5,20,4.444444444444445,-24.521072796934867,-13.33333333333333,-0.33333333333333215,11.187739463601536,24.187739463601535,False,False,-55.00000000000001,54.666666666666664,109.66666666666667,True,1000
Jhin|16.1,6,48,3.4803625377643503,-9.019607843137251,-3.1468531468531458,-28.276353276353277,5.8727546962841055,-19.256745433216025,False,False,-53.27635327635327,-1.9943019943019964,51.28205128205127,False,1000
Jinx|16.1,6,28,5.36986301369863,3.3333333333333326,20.833333333333336,7.2222222222222205,17.500000000000004,3.888888888888888,False,False,-30.000000000000004,51.66666666666667,81.66666666666667,True,1000
Jinx|16.4,4,32,2.5098039215686274,-7.183908045977011,-6.49350649350649,-13.068181818181818,0.6904015524705214,-5.884273772204807,False,False,-26.136363636363637,0.0,26.136363636363637,True,1000
Karma|16.7,9,73,5.748651564185545,-1.785714285714285,-4.9099836333878875,-6.102292768959436,-3.1242693476736028,-4.316578483245151,False,False,-36.304453262786595,21.42879188712522,57.733245149911816,True,1000
Karma|16.8,6,88,2.763740185581727,8.928571428571425,4.099636741048263,-3.761631089217296,-4.828934687523162,-12.690202517788721,False,True,-48.80952380952381,38.88888888888889,87.69841269841271,True,1000
Locke|16.14,10,104,8.764991896272285,-9.313725490196079,-13.124999999999998,-14.809523809523812,-3.811274509803919,-5.495798319327733,False,False,-30.484325396825398,2.28769841269841,32.77202380952381,True,1000
Locke|16.15,7,52,5.982300884955753,4.1805401405845375,12.13517665130568,18.809523809523814,7.954636510721142,14.628983668939277,False,False,-6.59863945578231,47.86309523809523,54.46173469387754,True,1000
Lucian|16.1,2,7,1.96,7.179487179487176,16.666666666666668,16.666666666666664,9.487179487179493,9.487179487179489,False,False,-66.66666666666667,100.0,166.66666666666669,True,1000
Lux|16.4,4,69,2.7760932944606416,2.753737214791502,-12.146226415094342,-16.614583333333332,-14.899963629885843,-19.368320548124835,True,True,-36.66666666666667,3.437499999999999,40.10416666666667,True,1000
Malphite|16.2,4,22,3.315068493150685,0.9615384615384581,4.761904761904767,0.0,3.800366300366309,-0.9615384615384581,False,False,-25.0,33.333333333333336,58.333333333333336,True,1000
Mel|16.8,5,29,3.350597609561753,-1.994301994301989,0.5555555555555536,30.666666666666664,2.549857549857543,32.660968660968656,True,True,-14.666666666666666,73.33333333333334,88.00000000000001,True,1000
Mordekaiser|16.14,8,57,4.544055944055944,4.285714285714281,9.590792838874684,27.63888888888889,5.305078553160403,23.353174603174608,False,False,-11.958333333333332,64.3125,76.27083333333333,True,1000
Mordekaiser|16.15,7,45,5.704225352112676,-2.5615763546797954,-3.3333333333333326,-12.653061224489795,-0.7717569786535372,-10.09148486981,False,False,-43.35714285714287,29.268707482993186,72.62585034013605,True,1000
Nami|16.14,7,220,3.363914373088685,1.414027149321273,-0.2174640347942458,-12.33212224283653,-1.6314911841155189,-13.746149392157802,True,True,-39.56328914141414,8.738111343022053,48.30140048443619,True,1000
Nami|16.7,5,98,2.550185873605948,-1.3209813003945803,16.666666666666668,15.891608391608392,17.98764796706125,17.21258969200297,True,True,2.045454545454546,33.84615384615385,31.8006993006993,False,1000
Nasus|16.16,10,56,7.959390862944162,-5.373563218390808,3.809523809523807,-13.166666666666668,9.183087027914615,-7.793103448275859,True,False,-36.50416666666667,9.170833333333327,45.675,True,1000
Nasus|16.17,14,77,9.249609984399376,4.30213464696223,2.6422764227642226,5.1190476190476195,-1.6598582241980075,0.8169129720853894,False,False,-22.87202380952381,34.523809523809526,57.395833333333336,True,1000
Nocturne|16.12,4,36,3.071090047393365,-5.286738351254478,-4.999999999999999,-29.339826839826838,0.28673835125447855,-24.05308848857236,False,False,-76.36363636363637,7.987012987012987,84.35064935064936,True,1000
Nocturne|16.17,6,146,2.39936965330932,4.216951033430427,2.3361823361823353,-18.193177980412024,-1.880768697248092,-22.41012901384245,False,True,-55.55555555555556,13.737630867950012,69.29318642350557,True,1000
Orianna|16.12,5,54,1.5494155154091391,-10.3230890464933,-20.30075187969925,2.564102564102565,-9.97766283320595,12.887191610595865,False,True,-12.307692307692305,20.0,32.30769230769231,True,1000
Orianna|16.5,3,96,1.210401891252955,-32.407407407407405,-41.89406099518458,-59.92063492063492,-9.486653587777177,-27.513227513227513,False,False,-100.0,-25.0,75.0,False,1000
Ornn|16.7,3,10,2.7777777777777777,-1.1111111111111183,23.809523809523807,11.111111111111109,24.920634920634924,12.222222222222227,True,True,-100.0,66.66666666666666,166.66666666666666,True,1000
Poppy|16.16,5,30,3.3582089552238807,-9.027777777777779,-20.36199095022625,-22.53968253968254,-11.334213172448472,-13.511904761904763,False,False,-73.33333333333334,41.9047619047619,115.23809523809524,True,1000
Ryze|16.3,4,20,3.5714285714285716,-0.512820512820511,14.28571428571429,-10.0,14.798534798534801,-9.487179487179489,True,False,-75.0,65.0,140.0,True,1000
Senna|16.1,0,0,,43.333333333333336,,,,,,,,,,,1000
Senna|16.13,12,97,6.235255135851557,-4.200236330432916,-14.22836752899197,-18.308823529411768,-10.028131198559056,-14.108587198978853,False,False,-48.819940476190474,13.596813725490193,62.41675420168067,True,1000
Senna|16.14,9,89,7.142470694319207,4.83708007072493,4.469854469854473,18.484848484848484,-0.36722560087045686,13.647768414123554,False,False,-2.3261784511784507,41.11574074074073,43.44191919191918,True,1000
Senna|16.4,4,12,3.789473684210526,8.71212121212121,17.142857142857142,12.5,8.430735930735933,3.7878787878787907,False,False,-37.5,75.0,112.5,True,1000
Seraphine|16.14,17,152,9.993079584775087,-4.642857142857137,-4.143397586020536,-24.009142529903773,0.4994595568366007,-19.366285387046638,False,False,-49.393582268365996,0.6685015532333821,50.06208382159938,True,1000
Shen|16.6,6,108,4.47239263803681,-14.416273584905658,-17.793103448275865,-36.49170274170274,-3.3768298633702063,-22.075429156797078,False,False,-67.35416666666666,-3.9087301587301595,63.4454365079365,False,1000
Sion|16.13,3,36,2.2897526501766783,16.666666666666668,18.75,18.148148148148145,2.083333333333332,1.4814814814814774,False,False,0.0,50.0,50.0,True,1000
Sivir|16.2,3,13,2.1948051948051948,-38.38709677419355,-6.6666666666666705,14.285714285714288,31.72043010752688,52.67281105990784,False,True,-57.14285714285714,100.0,157.14285714285714,True,1000
Smolder|16.1,3,81,2.4824063564131666,-0.12626262626261875,-18.83116883116884,-11.38088638088638,-18.70490620490622,-11.254623754623761,False,False,-17.85714285714285,1.2820512820512775,19.139194139194128,True,1000
Smolder|16.11,12,71,8.500843170320405,-23.237737871884217,-24.521739130434778,-23.80952380952381,-1.2840012585505605,-0.5717859376395928,False,False,-55.61383928571428,9.682539682539673,65.29637896825395,True,1000
Smolder|16.2,3,56,2.4310077519379845,-4.444444444444451,-12.222222222222223,-3.6324786324786307,-7.777777777777772,0.8119658119658202,False,False,-44.230769230769226,25.0,69.23076923076923,True,1000
Swain|16.4,5,17,4.313432835820896,14.54545454545454,16.666666666666668,15.0,2.121212121212128,0.45454545454546036,False,False,-20.0,45.0,65.0,True,1000
Sylas|16.12,7,91,4.053352912383749,3.658536585365857,0.7103825136612008,-3.282748997034711,-2.948154071704656,-6.9412855824005675,False,True,-29.952119309262162,25.606139891854173,55.558259201116336,True,1000
Sylas|16.15,14,85,8.865030674846626,4.160346695557965,2.777777777777779,-2.908163265306123,-1.3825689177801856,-7.068509960864088,False,True,-28.269132653061224,23.165816326530607,51.43494897959183,True,1000
Syndra|16.4,3,44,1.3888091822094693,-1.468788249694003,-4.126984126984129,-6.825396825396825,-2.658195877290126,-5.356608575702822,False,False,-66.66666666666666,50.0,116.66666666666666,True,1000
Teemo|16.11,6,78,2.4123711340206184,-5.748663101604279,-2.717391304347827,8.691268400887274,3.0312717972564522,14.439931502491554,False,True,-3.191848154869932,22.02954224642065,25.22139040129058,True,1000
Thresh|16.17,7,32,5.688888888888889,1.949317738791423,-0.7936507936507908,-9.761904761904761,-2.7429685324422137,-11.711222500696184,True,True,-45.267857142857146,22.142857142857146,67.41071428571429,True,1000
Tristana|16.1,0,0,,-20.394736842105267,,,,,,,,,,,1000
Twitch|16.4,3,9,2.4545454545454546,20.370370370370377,35.0,44.44444444444444,14.629629629629623,24.074074074074066,False,False,0.0,100.0,100.0,True,1000
Varus|16.3,2,9,1.528301886792453,9.18604651162791,-33.333333333333336,-20.0,-42.51937984496125,-29.18604651162791,True,True,-40.0,0.0,40.0,True,1000
Vayne|16.17,4,25,3.61271676300578,0.6269592476489061,28.846153846153843,20.833333333333336,28.219194598504938,20.20637408568443,False,False,0.0,41.66666666666667,41.66666666666667,True,1000
Veigar|16.7,4,66,1.7299444003177125,-2.2571819425444617,-7.777777777777784,-12.918060200668895,-5.520595835233323,-10.660878258124434,False,False,-25.4180602006689,-0.8256688963210792,24.59239130434782,False,1000
Viego|16.1,3,37,2.4402852049910875,-16.666666666666668,-5.654761904761907,-11.344211344211347,11.011904761904761,5.322455322455321,False,False,-50.0,53.84615384615385,103.84615384615384,True,1000
Viego|16.2,5,137,2.133083304921014,6.3333333333333295,5.644546147978641,-20.379797979797978,-0.6887871853546885,-26.713131313131306,False,True,-69.06666666666666,21.889999999999976,90.95666666666664,True,1000
Xayah|16.1,0,0,,-17.14285714285714,,,,,,,,,,,1000
Xerath|16.17,7,54,4.313609467455621,-5.420054200542001,-7.500000000000001,-23.736263736263734,-2.0799457994579997,-18.316209535721732,False,False,-48.73626373626374,-2.8571428571428563,45.87912087912088,False,1000
Yasuo|16.1,5,73,1.7628183923255045,12.373737373737375,3.8461538461538436,41.67816091954023,-8.527583527583532,29.304423545802855,False,False,6.712068965517244,76.66666666666666,69.95459770114941,False,1000
Yasuo|16.17,12,181,3.6324426211331633,6.932471264367818,5.276509386098427,-7.079897615611902,-1.655961878269391,-14.01236887997972,False,True,-26.783070930392363,13.78246753246753,40.56553846285989,True,1000
Yone|16.1,3,30,1.5100671140939597,-2.631578947368418,4.999999999999999,31.25,7.631578947368418,33.88157894736842,True,True,-6.25,66.66666666666666,72.91666666666666,True,1000
Yone|16.17,11,101,6.231521075137446,1.7783857729138153,-5.7337610264635135,-11.452184179456905,-7.512146799377328,-13.23056995237072,True,True,-29.66450216450216,7.163026367571822,36.827528532073984,True,1000
Yone|16.3,1,3,1.0,-11.309523809523808,-100.0,-100.0,-88.69047619047619,-88.69047619047619,False,False,-100.0,-100.0,0.0,False,1000
Yunara|16.1,0,0,,-85.71428571428572,,,,,,,,,,,1000
Yunara|16.14,5,34,2.7655502392344498,-5.208333333333331,-4.561403508771933,-14.242424242424242,0.6469298245613979,-9.03409090909091,False,False,-47.57575757575758,20.166666666666515,67.7424242424241,True,1000
Zaahen|16.3,3,44,2.2151029748283753,-4.848484848484846,15.789473684210531,22.920634920634917,20.63795853269538,27.76911976911976,True,True,-36.00000000000001,71.42857142857143,107.42857142857144,True,1000
Zaahen|16.6,7,38,4.878378378378378,10.776942355889718,18.20728291316527,15.119047619047619,7.430340557275551,4.342105263157901,False,False,-33.33333333333333,60.357142857142854,93.69047619047618,True,1000
Zed|16.10,7,65,3.5714285714285716,0.9661835748792202,5.9386973180076685,-16.41041031797334,4.972513743128449,-17.37659389285256,False,True,-65.3061224489796,23.131560316434268,88.43768276541385,True,1000
Zed|16.2,5,72,2.0719424460431655,-11.111111111111116,-1.318681318681325,30.793650793650794,9.792429792429791,41.90476190476191,False,True,-26.984126984126988,88.57142857142858,115.55555555555557,True,1000
Zed|16.3,3,9,2.793103448275862,-44.44444444444444,-40.0,-44.44444444444444,4.444444444444443,0.0,False,False,-100.0,0.0,100.0,True,1000
